Date,Ticker,Sector,Open,High,Low,Close,Volume,Daily_Return_%,Month,Year,Month_Name,Month_Start
2023-01-02,RELIANCE,Energy,2511.2,2554.88,2496.69,2502.25,2052415,,2023-01,2023,Jan,2023-01-01
2023-01-03,RELIANCE,Energy,2498.57,2512.3,2470.8,2498.45,5917483,-0.152,2023-01,2023,Jan,2023-01-01
2023-01-04,RELIANCE,Energy,2505.22,2526.03,2468.06,2502.73,4826195,0.171,2023-01,2023,Jan,2023-01-01
2023-01-05,RELIANCE,Energy,2508.32,2529.27,2490.06,2507.88,7889012,0.206,2023-01,2023,Jan,2023-01-01
2023-01-06,RELIANCE,Energy,2497.97,2513.26,2495.01,2500.0,4241580,-0.314,2023-01,2023,Jan,2023-01-01
2023-01-09,RELIANCE,Energy,2484.27,2530.48,2456.65,2495.08,5681683,-0.197,2023-01,2023,Jan,2023-01-01
2023-01-10,RELIANCE,Energy,2495.08,2531.84,2450.54,2496.59,3256128,0.061,2023-01,2023,Jan,2023-01-01
2023-01-11,RELIANCE,Energy,2488.67,2514.67,2475.28,2496.12,1089307,-0.019,2023-01,2023,Jan,2023-01-01
2023-01-12,RELIANCE,Energy,2484.51,2534.95,2474.02,2497.0,1721000,0.035,2023-01,2023,Jan,2023-01-01
2023-01-13,RELIANCE,Energy,2499.24,2510.79,2486.39,2494.14,7042440,-0.115,2023-01,2023,Jan,2023-01-01
2023-01-16,RELIANCE,Energy,2502.98,2505.66,2472.98,2499.07,6114475,0.198,2023-01,2023,Jan,2023-01-01
2023-01-17,RELIANCE,Energy,2485.67,2530.37,2457.98,2503.56,3425683,0.18,2023-01,2023,Jan,2023-01-01
2023-01-18,RELIANCE,Energy,2503.63,2549.7,2467.41,2504.86,5824338,0.052,2023-01,2023,Jan,2023-01-01
2023-01-19,RELIANCE,Energy,2520.96,2525.14,2476.31,2510.96,831418,0.244,2023-01,2023,Jan,2023-01-01
2023-01-20,RELIANCE,Energy,2524.76,2536.21,2473.44,2514.1,1067706,0.125,2023-01,2023,Jan,2023-01-01
2023-01-23,RELIANCE,Energy,2521.56,2546.32,2474.34,2511.25,4452086,-0.113,2023-01,2023,Jan,2023-01-01
2023-01-24,RELIANCE,Energy,2514.36,2551.49,2500.89,2513.97,5299741,0.108,2023-01,2023,Jan,2023-01-01
2023-01-25,RELIANCE,Energy,2502.2,2517.0,2476.05,2510.69,7546508,-0.13,2023-01,2023,Jan,2023-01-01
2023-01-26,RELIANCE,Energy,2504.82,2535.14,2489.65,2515.72,6269545,0.2,2023-01,2023,Jan,2023-01-01
2023-01-27,RELIANCE,Energy,2520.04,2554.57,2499.95,2516.57,2652780,0.034,2023-01,2023,Jan,2023-01-01
2023-01-30,RELIANCE,Energy,2520.64,2539.08,2474.43,2516.82,6668980,0.01,2023-01,2023,Jan,2023-01-01
2023-01-31,RELIANCE,Energy,2527.78,2538.42,2483.16,2514.83,4338894,-0.079,2023-01,2023,Jan,2023-01-01
2023-02-01,RELIANCE,Energy,2532.57,2543.52,2477.18,2521.48,6747419,0.264,2023-02,2023,Feb,2023-02-01
2023-02-02,RELIANCE,Energy,2520.56,2541.99,2500.17,2521.89,2051193,0.016,2023-02,2023,Feb,2023-02-01
2023-02-03,RELIANCE,Energy,2508.52,2544.14,2483.09,2521.07,988827,-0.033,2023-02,2023,Feb,2023-02-01
2023-02-06,RELIANCE,Energy,2517.38,2560.05,2494.02,2520.6,1215387,-0.019,2023-02,2023,Feb,2023-02-01
2023-02-07,RELIANCE,Energy,2526.35,2556.46,2517.03,2524.15,7934363,0.141,2023-02,2023,Feb,2023-02-01
2023-02-08,RELIANCE,Energy,2524.92,2559.15,2512.24,2526.96,1379923,0.111,2023-02,2023,Feb,2023-02-01
2023-02-09,RELIANCE,Energy,2524.15,2574.81,2498.99,2530.0,7563344,0.12,2023-02,2023,Feb,2023-02-01
2023-02-10,RELIANCE,Energy,2535.69,2555.98,2527.69,2533.13,6034478,0.124,2023-02,2023,Feb,2023-02-01
2023-02-13,RELIANCE,Energy,2538.96,2564.08,2496.22,2544.09,1851481,0.433,2023-02,2023,Feb,2023-02-01
2023-02-14,RELIANCE,Energy,2537.03,2585.88,2529.15,2543.42,7021336,-0.026,2023-02,2023,Feb,2023-02-01
2023-02-15,RELIANCE,Energy,2545.43,2558.62,2531.17,2542.26,1838314,-0.046,2023-02,2023,Feb,2023-02-01
2023-02-16,RELIANCE,Energy,2535.66,2573.79,2500.13,2539.74,1831751,-0.099,2023-02,2023,Feb,2023-02-01
2023-02-17,RELIANCE,Energy,2546.25,2581.45,2537.03,2543.76,4943757,0.158,2023-02,2023,Feb,2023-02-01
2023-02-20,RELIANCE,Energy,2552.94,2559.73,2508.57,2550.15,2875893,0.251,2023-02,2023,Feb,2023-02-01
2023-02-21,RELIANCE,Energy,2539.22,2573.7,2505.36,2550.85,2893930,0.027,2023-02,2023,Feb,2023-02-01
2023-02-22,RELIANCE,Energy,2543.31,2559.45,2537.8,2548.22,2204212,-0.103,2023-02,2023,Feb,2023-02-01
2023-02-23,RELIANCE,Energy,2560.31,2570.94,2513.18,2545.67,5175293,-0.1,2023-02,2023,Feb,2023-02-01
2023-02-24,RELIANCE,Energy,2538.03,2572.54,2508.24,2549.89,993361,0.166,2023-02,2023,Feb,2023-02-01
2023-02-27,RELIANCE,Energy,2532.91,2569.67,2497.77,2554.54,2564532,0.182,2023-02,2023,Feb,2023-02-01
2023-02-28,RELIANCE,Energy,2539.24,2595.47,2500.95,2558.29,4784705,0.147,2023-02,2023,Feb,2023-02-01
2023-03-01,RELIANCE,Energy,2556.78,2598.78,2522.7,2556.48,4303120,-0.071,2023-03,2023,Mar,2023-03-01
2023-03-02,RELIANCE,Energy,2559.12,2596.6,2530.75,2558.8,5839439,0.091,2023-03,2023,Mar,2023-03-01
2023-03-03,RELIANCE,Energy,2559.4,2574.74,2542.81,2560.6,2356950,0.07,2023-03,2023,Mar,2023-03-01
2023-03-06,RELIANCE,Energy,2575.32,2589.9,2529.93,2562.88,5464717,0.089,2023-03,2023,Mar,2023-03-01
2023-03-07,RELIANCE,Energy,2540.71,2581.86,2496.84,2568.17,6271589,0.206,2023-03,2023,Mar,2023-03-01
2023-03-08,RELIANCE,Energy,2574.55,2583.04,2542.24,2570.48,3593985,0.09,2023-03,2023,Mar,2023-03-01
2023-03-09,RELIANCE,Energy,2590.98,2635.15,2543.25,2574.9,2649035,0.172,2023-03,2023,Mar,2023-03-01
2023-03-10,RELIANCE,Energy,2564.87,2596.68,2543.25,2576.5,4796073,0.062,2023-03,2023,Mar,2023-03-01
2023-03-13,RELIANCE,Energy,2575.21,2591.55,2539.53,2579.12,4967800,0.102,2023-03,2023,Mar,2023-03-01
2023-03-14,RELIANCE,Energy,2575.57,2623.11,2529.31,2583.35,1477515,0.164,2023-03,2023,Mar,2023-03-01
2023-03-15,RELIANCE,Energy,2568.64,2597.94,2559.07,2577.87,4868811,-0.212,2023-03,2023,Mar,2023-03-01
2023-03-16,RELIANCE,Energy,2574.31,2581.79,2562.87,2577.67,1910986,-0.008,2023-03,2023,Mar,2023-03-01
2023-03-17,RELIANCE,Energy,2591.49,2601.22,2550.57,2576.78,4895547,-0.035,2023-03,2023,Mar,2023-03-01
2023-03-20,RELIANCE,Energy,2594.03,2624.81,2551.45,2575.1,7508921,-0.065,2023-03,2023,Mar,2023-03-01
2023-03-21,RELIANCE,Energy,2571.65,2611.96,2544.09,2575.11,4666920,0.0,2023-03,2023,Mar,2023-03-01
2023-03-22,RELIANCE,Energy,2603.03,2614.97,2578.61,2583.34,6282855,0.32,2023-03,2023,Mar,2023-03-01
2023-03-23,RELIANCE,Energy,2580.98,2623.81,2560.29,2580.61,3029870,-0.106,2023-03,2023,Mar,2023-03-01
2023-03-24,RELIANCE,Energy,2604.54,2644.83,2558.18,2586.4,7443721,0.224,2023-03,2023,Mar,2023-03-01
2023-03-27,RELIANCE,Energy,2578.9,2619.65,2550.67,2579.86,6651858,-0.253,2023-03,2023,Mar,2023-03-01
2023-03-28,RELIANCE,Energy,2580.95,2593.52,2548.19,2579.59,7400098,-0.01,2023-03,2023,Mar,2023-03-01
2023-03-29,RELIANCE,Energy,2585.41,2590.21,2547.44,2581.63,6139494,0.079,2023-03,2023,Mar,2023-03-01
2023-03-30,RELIANCE,Energy,2618.52,2659.75,2554.85,2585.64,5475626,0.155,2023-03,2023,Mar,2023-03-01
2023-03-31,RELIANCE,Energy,2599.05,2615.17,2552.85,2590.23,4580012,0.178,2023-03,2023,Mar,2023-03-01
2023-04-03,RELIANCE,Energy,2587.88,2625.12,2557.8,2595.22,7483318,0.193,2023-04,2023,Apr,2023-04-01
2023-04-04,RELIANCE,Energy,2604.92,2641.18,2568.56,2594.87,6906985,-0.013,2023-04,2023,Apr,2023-04-01
2023-04-05,RELIANCE,Energy,2590.23,2602.23,2560.94,2593.98,3800269,-0.034,2023-04,2023,Apr,2023-04-01
2023-04-06,RELIANCE,Energy,2594.17,2636.37,2587.12,2599.26,1416696,0.204,2023-04,2023,Apr,2023-04-01
2023-04-07,RELIANCE,Energy,2609.09,2653.32,2584.97,2599.64,826036,0.015,2023-04,2023,Apr,2023-04-01
2023-04-10,RELIANCE,Energy,2595.26,2629.99,2569.08,2594.94,2481071,-0.181,2023-04,2023,Apr,2023-04-01
2023-04-11,RELIANCE,Energy,2593.79,2615.84,2549.86,2590.9,1250512,-0.156,2023-04,2023,Apr,2023-04-01
2023-04-12,RELIANCE,Energy,2588.01,2629.17,2555.41,2587.87,2322813,-0.117,2023-04,2023,Apr,2023-04-01
2023-04-13,RELIANCE,Energy,2594.92,2620.78,2584.86,2591.43,1588308,0.138,2023-04,2023,Apr,2023-04-01
2023-04-14,RELIANCE,Energy,2597.74,2633.23,2564.63,2593.34,7863574,0.074,2023-04,2023,Apr,2023-04-01
2023-04-17,RELIANCE,Energy,2577.67,2636.63,2565.38,2597.8,1486544,0.172,2023-04,2023,Apr,2023-04-01
2023-04-18,RELIANCE,Energy,2603.95,2639.73,2562.03,2597.03,5313616,-0.03,2023-04,2023,Apr,2023-04-01
2023-04-19,RELIANCE,Energy,2588.79,2614.31,2549.78,2599.0,3332257,0.076,2023-04,2023,Apr,2023-04-01
2023-04-20,RELIANCE,Energy,2588.13,2610.96,2559.43,2603.14,2054351,0.159,2023-04,2023,Apr,2023-04-01
2023-04-21,RELIANCE,Energy,2602.3,2616.06,2573.54,2602.91,5849149,-0.009,2023-04,2023,Apr,2023-04-01
2023-04-24,RELIANCE,Energy,2607.13,2632.03,2588.65,2606.26,7787995,0.129,2023-04,2023,Apr,2023-04-01
2023-04-25,RELIANCE,Energy,2597.13,2629.33,2574.83,2604.35,6492671,-0.073,2023-04,2023,Apr,2023-04-01
2023-04-26,RELIANCE,Energy,2612.5,2640.98,2562.99,2603.84,7821721,-0.02,2023-04,2023,Apr,2023-04-01
2023-04-27,RELIANCE,Energy,2589.26,2623.32,2554.83,2603.23,5049535,-0.023,2023-04,2023,Apr,2023-04-01
2023-04-28,RELIANCE,Energy,2594.58,2636.17,2569.06,2598.81,5649737,-0.17,2023-04,2023,Apr,2023-04-01
2023-05-01,RELIANCE,Energy,2596.17,2645.25,2577.32,2602.25,1854340,0.132,2023-05,2023,May,2023-05-01
2023-05-02,RELIANCE,Energy,2600.73,2614.73,2595.9,2601.21,6937397,-0.04,2023-05,2023,May,2023-05-01
2023-05-03,RELIANCE,Energy,2605.32,2640.55,2593.49,2602.42,6184891,0.047,2023-05,2023,May,2023-05-01
2023-05-04,RELIANCE,Energy,2595.31,2638.45,2584.2,2605.81,2628973,0.13,2023-05,2023,May,2023-05-01
2023-05-05,RELIANCE,Energy,2616.6,2642.49,2589.87,2609.04,3354573,0.124,2023-05,2023,May,2023-05-01
2023-05-08,RELIANCE,Energy,2613.95,2624.95,2568.74,2613.3,893552,0.163,2023-05,2023,May,2023-05-01
2023-05-09,RELIANCE,Energy,2594.17,2651.9,2569.3,2613.95,6688972,0.025,2023-05,2023,May,2023-05-01
2023-05-10,RELIANCE,Energy,2592.59,2658.35,2579.65,2613.07,2820238,-0.034,2023-05,2023,May,2023-05-01
2023-05-11,RELIANCE,Energy,2613.66,2648.48,2606.35,2613.79,1339837,0.028,2023-05,2023,May,2023-05-01
2023-05-12,RELIANCE,Energy,2604.64,2650.23,2587.06,2606.95,3180323,-0.262,2023-05,2023,May,2023-05-01
2023-05-15,RELIANCE,Energy,2600.16,2647.36,2561.5,2601.24,6817534,-0.219,2023-05,2023,May,2023-05-01
2023-05-16,RELIANCE,Energy,2595.82,2614.24,2576.31,2596.11,2774567,-0.197,2023-05,2023,May,2023-05-01
2023-05-17,RELIANCE,Energy,2594.84,2625.59,2555.86,2592.5,4682172,-0.139,2023-05,2023,May,2023-05-01
2023-05-18,RELIANCE,Energy,2605.24,2628.84,2557.39,2595.41,6645465,0.112,2023-05,2023,May,2023-05-01
2023-05-19,RELIANCE,Energy,2580.69,2638.28,2573.24,2592.21,1042719,-0.123,2023-05,2023,May,2023-05-01
2023-05-22,RELIANCE,Energy,2579.31,2598.18,2550.04,2591.46,6271470,-0.029,2023-05,2023,May,2023-05-01
2023-05-23,RELIANCE,Energy,2587.17,2619.35,2542.4,2598.53,2878588,0.273,2023-05,2023,May,2023-05-01
2023-05-24,RELIANCE,Energy,2600.87,2642.18,2577.51,2597.87,5807974,-0.025,2023-05,2023,May,2023-05-01
2023-05-25,RELIANCE,Energy,2615.26,2630.51,2597.45,2602.3,2154263,0.171,2023-05,2023,May,2023-05-01
2023-05-26,RELIANCE,Energy,2594.43,2636.31,2551.11,2598.91,1800836,-0.13,2023-05,2023,May,2023-05-01
2023-05-29,RELIANCE,Energy,2572.91,2618.42,2531.68,2598.91,6475746,0.0,2023-05,2023,May,2023-05-01
2023-05-30,RELIANCE,Energy,2577.73,2641.26,2552.28,2595.43,6616404,-0.134,2023-05,2023,May,2023-05-01
2023-05-31,RELIANCE,Energy,2586.14,2636.35,2559.27,2594.78,7865543,-0.025,2023-05,2023,May,2023-05-01
2023-06-01,RELIANCE,Energy,2593.84,2615.56,2581.91,2599.64,5675666,0.187,2023-06,2023,Jun,2023-06-01
2023-06-02,RELIANCE,Energy,2588.25,2629.03,2549.61,2592.49,4154332,-0.275,2023-06,2023,Jun,2023-06-01
2023-06-05,RELIANCE,Energy,2595.83,2613.29,2570.83,2595.43,2202831,0.113,2023-06,2023,Jun,2023-06-01
2023-06-06,RELIANCE,Energy,2594.19,2626.81,2590.11,2597.43,2925565,0.077,2023-06,2023,Jun,2023-06-01
2023-06-07,RELIANCE,Energy,2606.44,2638.22,2562.81,2595.54,5466276,-0.073,2023-06,2023,Jun,2023-06-01
2023-06-08,RELIANCE,Energy,2582.67,2628.78,2538.35,2589.67,3291940,-0.226,2023-06,2023,Jun,2023-06-01
2023-06-09,RELIANCE,Energy,2581.93,2594.53,2542.95,2590.87,4281283,0.046,2023-06,2023,Jun,2023-06-01
2023-06-12,RELIANCE,Energy,2594.21,2606.51,2574.46,2589.25,2010061,-0.063,2023-06,2023,Jun,2023-06-01
2023-06-13,RELIANCE,Energy,2575.26,2625.12,2570.35,2591.17,3963320,0.074,2023-06,2023,Jun,2023-06-01
2023-06-14,RELIANCE,Energy,2596.14,2623.61,2548.07,2592.1,2513398,0.036,2023-06,2023,Jun,2023-06-01
2023-06-15,RELIANCE,Energy,2601.48,2626.0,2556.38,2600.41,1607286,0.321,2023-06,2023,Jun,2023-06-01
2023-06-16,RELIANCE,Energy,2598.57,2605.14,2572.45,2600.1,1750027,-0.012,2023-06,2023,Jun,2023-06-01
2023-06-19,RELIANCE,Energy,2612.61,2630.69,2565.17,2596.11,4531790,-0.153,2023-06,2023,Jun,2023-06-01
2023-06-20,RELIANCE,Energy,2591.27,2638.54,2568.3,2597.74,3438233,0.063,2023-06,2023,Jun,2023-06-01
2023-06-21,RELIANCE,Energy,2620.97,2624.97,2578.4,2599.55,1519509,0.07,2023-06,2023,Jun,2023-06-01
2023-06-22,RELIANCE,Energy,2604.33,2626.86,2596.44,2606.68,4502952,0.274,2023-06,2023,Jun,2023-06-01
2023-06-23,RELIANCE,Energy,2598.03,2655.93,2591.15,2611.36,1982624,0.18,2023-06,2023,Jun,2023-06-01
2023-06-26,RELIANCE,Energy,2614.53,2619.4,2600.84,2613.79,911198,0.093,2023-06,2023,Jun,2023-06-01
2023-06-27,RELIANCE,Energy,2610.15,2657.46,2570.41,2621.43,1754333,0.292,2023-06,2023,Jun,2023-06-01
2023-06-28,RELIANCE,Energy,2608.69,2630.64,2599.62,2616.56,4029374,-0.186,2023-06,2023,Jun,2023-06-01
2023-06-29,RELIANCE,Energy,2618.42,2659.62,2601.58,2614.27,7669579,-0.088,2023-06,2023,Jun,2023-06-01
2023-06-30,RELIANCE,Energy,2616.43,2652.23,2583.67,2610.62,2540038,-0.14,2023-06,2023,Jun,2023-06-01
2023-07-03,RELIANCE,Energy,2603.0,2651.4,2590.88,2609.49,2851025,-0.043,2023-07,2023,Jul,2023-07-01
2023-07-04,RELIANCE,Energy,2614.01,2626.22,2593.9,2603.73,2547113,-0.221,2023-07,2023,Jul,2023-07-01
2023-07-05,RELIANCE,Energy,2619.46,2645.74,2579.81,2607.39,3357471,0.141,2023-07,2023,Jul,2023-07-01
2023-07-06,RELIANCE,Energy,2622.0,2659.35,2588.1,2607.02,5964753,-0.014,2023-07,2023,Jul,2023-07-01
2023-07-07,RELIANCE,Energy,2606.29,2619.79,2570.5,2600.79,3118980,-0.239,2023-07,2023,Jul,2023-07-01
2023-07-10,RELIANCE,Energy,2610.85,2623.7,2553.83,2596.69,5534494,-0.158,2023-07,2023,Jul,2023-07-01
2023-07-11,RELIANCE,Energy,2579.25,2602.6,2570.05,2598.8,7267403,0.081,2023-07,2023,Jul,2023-07-01
2023-07-12,RELIANCE,Energy,2600.05,2648.39,2557.08,2603.36,7612511,0.175,2023-07,2023,Jul,2023-07-01
2023-07-13,RELIANCE,Energy,2604.31,2647.53,2561.75,2613.37,4853354,0.385,2023-07,2023,Jul,2023-07-01
2023-07-14,RELIANCE,Energy,2629.0,2660.03,2588.08,2627.74,5935322,0.55,2023-07,2023,Jul,2023-07-01
2023-07-17,RELIANCE,Energy,2624.31,2666.22,2593.52,2630.33,7417951,0.099,2023-07,2023,Jul,2023-07-01
2023-07-18,RELIANCE,Energy,2624.51,2652.62,2594.22,2626.26,6464179,-0.155,2023-07,2023,Jul,2023-07-01
2023-07-19,RELIANCE,Energy,2636.5,2660.48,2585.75,2616.8,2959459,-0.36,2023-07,2023,Jul,2023-07-01
2023-07-20,RELIANCE,Energy,2616.89,2641.29,2583.55,2618.66,1750604,0.071,2023-07,2023,Jul,2023-07-01
2023-07-21,RELIANCE,Energy,2619.75,2650.9,2612.08,2615.42,1626809,-0.124,2023-07,2023,Jul,2023-07-01
2023-07-24,RELIANCE,Energy,2611.63,2625.62,2566.48,2614.05,7150775,-0.052,2023-07,2023,Jul,2023-07-01
2023-07-25,RELIANCE,Energy,2612.55,2654.6,2583.14,2611.75,4804772,-0.088,2023-07,2023,Jul,2023-07-01
2023-07-26,RELIANCE,Energy,2611.73,2650.38,2574.36,2611.67,2933691,-0.003,2023-07,2023,Jul,2023-07-01
2023-07-27,RELIANCE,Energy,2621.94,2640.15,2597.85,2617.25,3287866,0.214,2023-07,2023,Jul,2023-07-01
2023-07-28,RELIANCE,Energy,2630.76,2659.27,2615.38,2618.55,2828107,0.05,2023-07,2023,Jul,2023-07-01
2023-07-31,RELIANCE,Energy,2635.62,2644.57,2593.06,2618.36,6573729,-0.007,2023-07,2023,Jul,2023-07-01
2023-08-01,RELIANCE,Energy,2617.28,2663.16,2588.89,2614.04,5209342,-0.165,2023-08,2023,Aug,2023-08-01
2023-08-02,RELIANCE,Energy,2612.87,2655.59,2584.75,2606.72,7131848,-0.28,2023-08,2023,Aug,2023-08-01
2023-08-03,RELIANCE,Energy,2592.99,2648.41,2575.42,2604.98,2972762,-0.067,2023-08,2023,Aug,2023-08-01
2023-08-04,RELIANCE,Energy,2604.36,2622.59,2590.69,2605.27,4202529,0.011,2023-08,2023,Aug,2023-08-01
2023-08-07,RELIANCE,Energy,2623.95,2634.11,2588.06,2614.11,1676490,0.339,2023-08,2023,Aug,2023-08-01
2023-08-08,RELIANCE,Energy,2624.32,2636.39,2595.96,2615.26,7793784,0.044,2023-08,2023,Aug,2023-08-01
2023-08-09,RELIANCE,Energy,2622.65,2629.28,2574.6,2620.43,4485419,0.198,2023-08,2023,Aug,2023-08-01
2023-08-10,RELIANCE,Energy,2627.89,2635.88,2608.29,2618.6,4781693,-0.07,2023-08,2023,Aug,2023-08-01
2023-08-11,RELIANCE,Energy,2618.68,2624.48,2596.74,2613.55,3778400,-0.193,2023-08,2023,Aug,2023-08-01
2023-08-14,RELIANCE,Energy,2622.07,2668.82,2593.89,2609.54,2750626,-0.153,2023-08,2023,Aug,2023-08-01
2023-08-15,RELIANCE,Energy,2609.68,2615.57,2579.98,2606.66,7628519,-0.11,2023-08,2023,Aug,2023-08-01
2023-08-16,RELIANCE,Energy,2613.47,2625.71,2588.67,2617.19,4320623,0.404,2023-08,2023,Aug,2023-08-01
2023-08-17,RELIANCE,Energy,2617.36,2656.79,2582.63,2613.85,5658356,-0.128,2023-08,2023,Aug,2023-08-01
2023-08-18,RELIANCE,Energy,2587.63,2646.77,2543.25,2618.32,1068634,0.171,2023-08,2023,Aug,2023-08-01
2023-08-21,RELIANCE,Energy,2618.6,2655.69,2599.3,2614.59,2786697,-0.142,2023-08,2023,Aug,2023-08-01
2023-08-22,RELIANCE,Energy,2581.28,2650.22,2548.29,2619.5,6588808,0.188,2023-08,2023,Aug,2023-08-01
2023-08-23,RELIANCE,Energy,2603.77,2663.79,2600.06,2621.84,1432411,0.089,2023-08,2023,Aug,2023-08-01
2023-08-24,RELIANCE,Energy,2626.37,2657.5,2607.32,2621.63,1530332,-0.008,2023-08,2023,Aug,2023-08-01
2023-08-25,RELIANCE,Energy,2626.97,2652.92,2598.67,2621.97,6630838,0.013,2023-08,2023,Aug,2023-08-01
2023-08-28,RELIANCE,Energy,2607.23,2653.76,2603.25,2619.41,3022989,-0.098,2023-08,2023,Aug,2023-08-01
2023-08-29,RELIANCE,Energy,2614.57,2644.6,2584.5,2622.04,2771927,0.1,2023-08,2023,Aug,2023-08-01
2023-08-30,RELIANCE,Energy,2634.79,2652.93,2587.59,2620.43,4870279,-0.061,2023-08,2023,Aug,2023-08-01
2023-08-31,RELIANCE,Energy,2610.12,2638.59,2574.38,2615.18,2203435,-0.2,2023-08,2023,Aug,2023-08-01
2023-09-01,RELIANCE,Energy,2633.12,2643.35,2584.18,2609.71,1109420,-0.209,2023-09,2023,Sep,2023-09-01
2023-09-04,RELIANCE,Energy,2611.04,2649.03,2581.62,2611.06,832038,0.052,2023-09,2023,Sep,2023-09-01
2023-09-05,RELIANCE,Energy,2623.31,2637.56,2598.78,2619.04,1371081,0.306,2023-09,2023,Sep,2023-09-01
2023-09-06,RELIANCE,Energy,2637.28,2646.8,2615.88,2620.34,1941423,0.05,2023-09,2023,Sep,2023-09-01
2023-09-07,RELIANCE,Energy,2621.7,2635.3,2613.26,2620.33,5812037,-0.0,2023-09,2023,Sep,2023-09-01
2023-09-08,RELIANCE,Energy,2611.72,2662.39,2580.03,2622.23,2945244,0.073,2023-09,2023,Sep,2023-09-01
2023-09-11,RELIANCE,Energy,2627.81,2646.35,2580.71,2628.97,1316795,0.257,2023-09,2023,Sep,2023-09-01
2023-09-12,RELIANCE,Energy,2630.2,2663.88,2626.86,2630.57,903856,0.061,2023-09,2023,Sep,2023-09-01
2023-09-13,RELIANCE,Energy,2614.84,2670.11,2587.44,2629.2,4234996,-0.052,2023-09,2023,Sep,2023-09-01
2023-09-14,RELIANCE,Energy,2632.32,2641.13,2596.08,2635.02,6848921,0.221,2023-09,2023,Sep,2023-09-01
2023-09-15,RELIANCE,Energy,2629.81,2674.58,2590.21,2637.64,3238608,0.099,2023-09,2023,Sep,2023-09-01
2023-09-18,RELIANCE,Energy,2655.31,2671.85,2618.36,2645.53,1259727,0.299,2023-09,2023,Sep,2023-09-01
2023-09-19,RELIANCE,Energy,2647.37,2659.76,2616.46,2647.0,2442171,0.056,2023-09,2023,Sep,2023-09-01
2023-09-20,RELIANCE,Energy,2638.79,2675.36,2604.9,2641.78,4395445,-0.197,2023-09,2023,Sep,2023-09-01
2023-09-21,RELIANCE,Energy,2634.77,2679.29,2593.66,2635.89,2159208,-0.223,2023-09,2023,Sep,2023-09-01
2023-09-22,RELIANCE,Energy,2646.71,2662.63,2636.21,2644.35,7845044,0.321,2023-09,2023,Sep,2023-09-01
2023-09-25,RELIANCE,Energy,2659.75,2688.13,2608.77,2653.2,6296561,0.335,2023-09,2023,Sep,2023-09-01
2023-09-26,RELIANCE,Energy,2642.37,2668.7,2638.56,2652.98,3280969,-0.008,2023-09,2023,Sep,2023-09-01
2023-09-27,RELIANCE,Energy,2640.74,2679.43,2600.56,2651.79,7651103,-0.045,2023-09,2023,Sep,2023-09-01
2023-09-28,RELIANCE,Energy,2671.18,2702.09,2653.3,2659.43,3140150,0.288,2023-09,2023,Sep,2023-09-01
2023-09-29,RELIANCE,Energy,2650.42,2685.0,2639.0,2654.8,1809294,-0.174,2023-09,2023,Sep,2023-09-01
2023-10-02,RELIANCE,Energy,2636.17,2681.95,2633.36,2651.19,7555643,-0.136,2023-10,2023,Oct,2023-10-01
2023-10-03,RELIANCE,Energy,2659.66,2668.42,2632.19,2654.94,7709704,0.141,2023-10,2023,Oct,2023-10-01
2023-10-04,RELIANCE,Energy,2658.66,2692.67,2636.01,2653.74,3051130,-0.045,2023-10,2023,Oct,2023-10-01
2023-10-05,RELIANCE,Energy,2638.16,2687.52,2628.08,2654.42,5082290,0.026,2023-10,2023,Oct,2023-10-01
2023-10-06,RELIANCE,Energy,2656.78,2690.26,2631.33,2654.34,2047705,-0.003,2023-10,2023,Oct,2023-10-01
2023-10-09,RELIANCE,Energy,2664.48,2670.5,2635.84,2656.67,5419954,0.088,2023-10,2023,Oct,2023-10-01
2023-10-10,RELIANCE,Energy,2668.12,2691.06,2626.7,2664.13,5768853,0.281,2023-10,2023,Oct,2023-10-01
2023-10-11,RELIANCE,Energy,2672.04,2693.29,2622.17,2665.3,5911469,0.044,2023-10,2023,Oct,2023-10-01
2023-10-12,RELIANCE,Energy,2654.15,2675.75,2622.05,2669.14,4894894,0.144,2023-10,2023,Oct,2023-10-01
2023-10-13,RELIANCE,Energy,2663.59,2676.32,2651.78,2660.07,5869656,-0.34,2023-10,2023,Oct,2023-10-01
2023-10-16,RELIANCE,Energy,2657.38,2683.21,2641.38,2660.6,4796352,0.02,2023-10,2023,Oct,2023-10-01
2023-10-17,RELIANCE,Energy,2652.21,2693.56,2608.38,2657.34,6702639,-0.123,2023-10,2023,Oct,2023-10-01
2023-10-18,RELIANCE,Energy,2661.54,2674.93,2645.65,2652.3,2093027,-0.19,2023-10,2023,Oct,2023-10-01
2023-10-19,RELIANCE,Energy,2664.58,2704.83,2627.94,2648.91,4280974,-0.128,2023-10,2023,Oct,2023-10-01
2023-10-20,RELIANCE,Energy,2667.13,2694.54,2603.04,2648.12,3798045,-0.03,2023-10,2023,Oct,2023-10-01
2023-10-23,RELIANCE,Energy,2667.26,2704.41,2607.77,2653.31,4640181,0.196,2023-10,2023,Oct,2023-10-01
2023-10-24,RELIANCE,Energy,2646.64,2671.72,2625.5,2647.81,1822998,-0.207,2023-10,2023,Oct,2023-10-01
2023-10-25,RELIANCE,Energy,2652.53,2677.69,2616.09,2648.79,3131554,0.037,2023-10,2023,Oct,2023-10-01
2023-10-26,RELIANCE,Energy,2655.45,2686.08,2624.13,2647.33,7669812,-0.055,2023-10,2023,Oct,2023-10-01
2023-10-27,RELIANCE,Energy,2647.91,2692.33,2610.08,2646.63,1557854,-0.026,2023-10,2023,Oct,2023-10-01
2023-10-30,RELIANCE,Energy,2653.67,2678.51,2648.21,2652.28,5374211,0.213,2023-10,2023,Oct,2023-10-01
2023-10-31,RELIANCE,Energy,2664.49,2691.1,2646.57,2655.74,5585409,0.13,2023-10,2023,Oct,2023-10-01
2023-11-01,RELIANCE,Energy,2662.41,2692.95,2631.95,2663.04,4216513,0.275,2023-11,2023,Nov,2023-11-01
2023-11-02,RELIANCE,Energy,2655.44,2699.26,2642.29,2663.21,1041991,0.006,2023-11,2023,Nov,2023-11-01
2023-11-03,RELIANCE,Energy,2656.38,2666.71,2623.65,2660.79,1047364,-0.091,2023-11,2023,Nov,2023-11-01
2023-11-06,RELIANCE,Energy,2667.4,2693.45,2642.11,2660.65,2784572,-0.005,2023-11,2023,Nov,2023-11-01
2023-11-07,RELIANCE,Energy,2662.79,2687.26,2619.96,2662.76,1538101,0.079,2023-11,2023,Nov,2023-11-01
2023-11-08,RELIANCE,Energy,2668.19,2712.66,2624.79,2664.56,1478455,0.068,2023-11,2023,Nov,2023-11-01
2023-11-09,RELIANCE,Energy,2667.46,2692.51,2635.38,2660.33,1952872,-0.159,2023-11,2023,Nov,2023-11-01
2023-11-10,RELIANCE,Energy,2657.75,2685.6,2620.18,2661.74,2173235,0.053,2023-11,2023,Nov,2023-11-01
2023-11-13,RELIANCE,Energy,2671.89,2718.26,2648.89,2663.83,6837024,0.079,2023-11,2023,Nov,2023-11-01
2023-11-14,RELIANCE,Energy,2680.99,2704.21,2651.76,2676.93,5398862,0.492,2023-11,2023,Nov,2023-11-01
2023-11-15,RELIANCE,Energy,2673.74,2697.96,2662.09,2687.01,1018950,0.377,2023-11,2023,Nov,2023-11-01
2023-11-16,RELIANCE,Energy,2699.41,2712.06,2641.96,2683.92,5325031,-0.115,2023-11,2023,Nov,2023-11-01
2023-11-17,RELIANCE,Energy,2678.2,2690.6,2638.05,2683.58,1784303,-0.013,2023-11,2023,Nov,2023-11-01
2023-11-20,RELIANCE,Energy,2659.84,2680.27,2616.39,2677.57,3831595,-0.224,2023-11,2023,Nov,2023-11-01
2023-11-21,RELIANCE,Energy,2664.6,2698.11,2622.18,2675.78,1073927,-0.067,2023-11,2023,Nov,2023-11-01
2023-11-22,RELIANCE,Energy,2667.44,2716.08,2621.26,2678.38,1449238,0.097,2023-11,2023,Nov,2023-11-01
2023-11-23,RELIANCE,Energy,2685.84,2722.02,2672.17,2685.28,1754684,0.258,2023-11,2023,Nov,2023-11-01
2023-11-24,RELIANCE,Energy,2679.92,2687.01,2634.79,2682.86,3920292,-0.09,2023-11,2023,Nov,2023-11-01
2023-11-27,RELIANCE,Energy,2677.19,2709.46,2648.52,2680.81,4134182,-0.076,2023-11,2023,Nov,2023-11-01
2023-11-28,RELIANCE,Energy,2678.2,2687.9,2649.72,2671.58,3339763,-0.344,2023-11,2023,Nov,2023-11-01
2023-11-29,RELIANCE,Energy,2675.55,2721.03,2643.79,2671.92,5265219,0.013,2023-11,2023,Nov,2023-11-01
2023-11-30,RELIANCE,Energy,2671.32,2681.59,2649.74,2667.95,5987305,-0.149,2023-11,2023,Nov,2023-11-01
2023-12-01,RELIANCE,Energy,2670.92,2702.04,2650.8,2666.54,6046876,-0.053,2023-12,2023,Dec,2023-12-01
2023-12-04,RELIANCE,Energy,2670.05,2687.53,2649.9,2663.49,4968991,-0.114,2023-12,2023,Dec,2023-12-01
2023-12-05,RELIANCE,Energy,2641.73,2695.92,2635.39,2664.19,4728003,0.026,2023-12,2023,Dec,2023-12-01
2023-12-06,RELIANCE,Energy,2653.07,2678.22,2628.02,2656.94,4339273,-0.272,2023-12,2023,Dec,2023-12-01
2023-12-07,RELIANCE,Energy,2627.99,2688.0,2585.7,2651.11,2513130,-0.219,2023-12,2023,Dec,2023-12-01
2023-12-08,RELIANCE,Energy,2662.86,2675.96,2631.29,2662.47,4306270,0.428,2023-12,2023,Dec,2023-12-01
2023-12-11,RELIANCE,Energy,2657.45,2701.08,2631.26,2657.5,872705,-0.187,2023-12,2023,Dec,2023-12-01
2023-12-12,RELIANCE,Energy,2664.56,2689.88,2631.47,2653.46,7757337,-0.152,2023-12,2023,Dec,2023-12-01
2023-12-13,RELIANCE,Energy,2676.11,2713.19,2639.77,2663.46,3464673,0.377,2023-12,2023,Dec,2023-12-01
2023-12-14,RELIANCE,Energy,2680.82,2722.23,2666.44,2678.65,6245318,0.57,2023-12,2023,Dec,2023-12-01
2023-12-15,RELIANCE,Energy,2668.89,2722.32,2628.88,2674.24,7688268,-0.165,2023-12,2023,Dec,2023-12-01
2023-12-18,RELIANCE,Energy,2678.89,2691.77,2662.01,2673.71,4378252,-0.02,2023-12,2023,Dec,2023-12-01
2023-12-19,RELIANCE,Energy,2670.95,2692.33,2635.74,2676.6,7005155,0.108,2023-12,2023,Dec,2023-12-01
2023-12-20,RELIANCE,Energy,2686.18,2700.32,2648.79,2686.2,4250402,0.359,2023-12,2023,Dec,2023-12-01
2023-12-21,RELIANCE,Energy,2693.28,2708.01,2653.8,2682.7,1752481,-0.13,2023-12,2023,Dec,2023-12-01
2023-12-22,RELIANCE,Energy,2676.8,2712.03,2634.85,2682.78,990649,0.003,2023-12,2023,Dec,2023-12-01
2023-12-25,RELIANCE,Energy,2696.48,2744.72,2671.83,2687.82,1776481,0.188,2023-12,2023,Dec,2023-12-01
2023-12-26,RELIANCE,Energy,2698.5,2746.63,2648.19,2691.21,7586066,0.126,2023-12,2023,Dec,2023-12-01
2023-12-27,RELIANCE,Energy,2680.41,2717.47,2644.49,2690.68,4220780,-0.02,2023-12,2023,Dec,2023-12-01
2023-12-28,RELIANCE,Energy,2701.82,2733.87,2652.1,2691.34,3098052,0.025,2023-12,2023,Dec,2023-12-01
2023-12-29,RELIANCE,Energy,2693.49,2735.56,2652.95,2685.99,4011639,-0.199,2023-12,2023,Dec,2023-12-01
2024-01-01,RELIANCE,Energy,2687.24,2732.54,2644.81,2686.14,2642761,0.006,2024-01,2024,Jan,2024-01-01
2024-01-02,RELIANCE,Energy,2677.97,2698.16,2630.08,2686.16,7067981,0.001,2024-01,2024,Jan,2024-01-01
2024-01-03,RELIANCE,Energy,2679.36,2715.45,2657.55,2688.6,7995744,0.091,2024-01,2024,Jan,2024-01-01
2024-01-04,RELIANCE,Energy,2681.46,2727.97,2641.68,2687.24,1411395,-0.051,2024-01,2024,Jan,2024-01-01
2024-01-05,RELIANCE,Energy,2696.69,2713.28,2654.09,2690.85,5974565,0.134,2024-01,2024,Jan,2024-01-01
2024-01-08,RELIANCE,Energy,2686.78,2719.95,2663.41,2697.09,3216321,0.232,2024-01,2024,Jan,2024-01-01
2024-01-09,RELIANCE,Energy,2703.9,2751.91,2653.95,2699.18,1141019,0.077,2024-01,2024,Jan,2024-01-01
2024-01-10,RELIANCE,Energy,2688.81,2750.18,2668.09,2702.23,7439914,0.113,2024-01,2024,Jan,2024-01-01
2024-01-11,RELIANCE,Energy,2701.62,2748.18,2672.95,2703.83,1245575,0.059,2024-01,2024,Jan,2024-01-01
2024-01-12,RELIANCE,Energy,2706.36,2745.81,2697.6,2705.18,2282497,0.05,2024-01,2024,Jan,2024-01-01
2024-01-15,RELIANCE,Energy,2729.45,2744.67,2689.94,2703.01,983611,-0.08,2024-01,2024,Jan,2024-01-01
2024-01-16,RELIANCE,Energy,2691.0,2723.37,2649.85,2705.9,4193238,0.107,2024-01,2024,Jan,2024-01-01
2024-01-17,RELIANCE,Energy,2722.72,2750.77,2685.83,2706.78,5117256,0.033,2024-01,2024,Jan,2024-01-01
2024-01-18,RELIANCE,Energy,2719.99,2748.64,2697.43,2718.36,3108846,0.428,2024-01,2024,Jan,2024-01-01
2024-01-19,RELIANCE,Energy,2731.92,2758.13,2713.3,2727.43,1315264,0.334,2024-01,2024,Jan,2024-01-01
2024-01-22,RELIANCE,Energy,2731.98,2764.28,2705.14,2730.69,1636316,0.12,2024-01,2024,Jan,2024-01-01
2024-01-23,RELIANCE,Energy,2733.16,2754.87,2688.2,2728.31,7520396,-0.087,2024-01,2024,Jan,2024-01-01
2024-01-24,RELIANCE,Energy,2722.54,2761.63,2678.38,2724.21,6602601,-0.15,2024-01,2024,Jan,2024-01-01
2024-01-25,RELIANCE,Energy,2747.31,2765.63,2725.43,2731.42,7545727,0.265,2024-01,2024,Jan,2024-01-01
2024-01-26,RELIANCE,Energy,2729.08,2752.18,2699.69,2734.08,4621787,0.097,2024-01,2024,Jan,2024-01-01
2024-01-29,RELIANCE,Energy,2750.2,2758.9,2713.32,2737.8,4731589,0.136,2024-01,2024,Jan,2024-01-01
2024-01-30,RELIANCE,Energy,2723.54,2742.07,2692.38,2730.58,6459177,-0.264,2024-01,2024,Jan,2024-01-01
2024-01-31,RELIANCE,Energy,2735.84,2778.8,2712.3,2736.5,5239800,0.217,2024-01,2024,Jan,2024-01-01
2024-02-01,RELIANCE,Energy,2728.35,2763.63,2707.13,2740.1,3942373,0.132,2024-02,2024,Feb,2024-02-01
2024-02-02,RELIANCE,Energy,2740.96,2754.32,2711.3,2735.98,2901639,-0.15,2024-02,2024,Feb,2024-02-01
2024-02-05,RELIANCE,Energy,2750.82,2789.08,2705.22,2735.01,4295653,-0.035,2024-02,2024,Feb,2024-02-01
2024-02-06,RELIANCE,Energy,2736.81,2766.18,2710.76,2737.66,1260602,0.097,2024-02,2024,Feb,2024-02-01
2024-02-07,RELIANCE,Energy,2737.1,2742.99,2712.4,2739.26,2185628,0.058,2024-02,2024,Feb,2024-02-01
2024-02-08,RELIANCE,Energy,2726.95,2756.63,2686.31,2739.16,6109715,-0.004,2024-02,2024,Feb,2024-02-01
2024-02-09,RELIANCE,Energy,2737.48,2750.97,2700.04,2739.99,7049988,0.03,2024-02,2024,Feb,2024-02-01
2024-02-12,RELIANCE,Energy,2722.62,2773.37,2704.1,2740.08,1532859,0.003,2024-02,2024,Feb,2024-02-01
2024-02-13,RELIANCE,Energy,2732.15,2757.72,2692.23,2742.16,1497729,0.076,2024-02,2024,Feb,2024-02-01
2024-02-14,RELIANCE,Energy,2753.25,2759.05,2708.09,2750.76,1416015,0.314,2024-02,2024,Feb,2024-02-01
2024-02-15,RELIANCE,Energy,2753.85,2759.17,2729.51,2739.39,6499362,-0.413,2024-02,2024,Feb,2024-02-01
2024-02-16,RELIANCE,Energy,2770.32,2800.49,2709.66,2739.54,3040806,0.005,2024-02,2024,Feb,2024-02-01
2024-02-19,RELIANCE,Energy,2735.28,2745.47,2719.28,2741.71,3152702,0.079,2024-02,2024,Feb,2024-02-01
2024-02-20,RELIANCE,Energy,2760.23,2802.82,2707.24,2744.47,889752,0.101,2024-02,2024,Feb,2024-02-01
2024-02-21,RELIANCE,Energy,2746.6,2756.6,2730.04,2743.93,7802718,-0.02,2024-02,2024,Feb,2024-02-01
2024-02-22,RELIANCE,Energy,2734.89,2767.5,2700.94,2736.55,3925056,-0.269,2024-02,2024,Feb,2024-02-01
2024-02-23,RELIANCE,Energy,2744.18,2767.67,2724.82,2739.44,6541615,0.106,2024-02,2024,Feb,2024-02-01
2024-02-26,RELIANCE,Energy,2749.92,2773.37,2722.6,2749.24,5895302,0.358,2024-02,2024,Feb,2024-02-01
2024-02-27,RELIANCE,Energy,2744.13,2750.23,2695.95,2742.92,1820780,-0.23,2024-02,2024,Feb,2024-02-01
2024-02-28,RELIANCE,Energy,2743.96,2788.7,2723.43,2748.45,6569712,0.202,2024-02,2024,Feb,2024-02-01
2024-02-29,RELIANCE,Energy,2732.7,2792.54,2689.29,2748.07,4762187,-0.014,2024-02,2024,Feb,2024-02-01
2024-03-01,RELIANCE,Energy,2732.03,2752.27,2683.46,2749.01,5151012,0.034,2024-03,2024,Mar,2024-03-01
2024-03-04,RELIANCE,Energy,2752.2,2763.31,2701.46,2745.03,2242274,-0.145,2024-03,2024,Mar,2024-03-01
2024-03-05,RELIANCE,Energy,2741.56,2789.52,2731.09,2744.6,6897494,-0.016,2024-03,2024,Mar,2024-03-01
2024-03-06,RELIANCE,Energy,2745.68,2780.7,2704.68,2752.24,7508002,0.278,2024-03,2024,Mar,2024-03-01
2024-03-07,RELIANCE,Energy,2756.43,2766.22,2752.07,2756.34,3726815,0.149,2024-03,2024,Mar,2024-03-01
2024-03-08,RELIANCE,Energy,2774.94,2787.28,2744.89,2766.15,1465836,0.356,2024-03,2024,Mar,2024-03-01
2024-03-11,RELIANCE,Energy,2775.21,2809.12,2729.39,2773.21,6911159,0.255,2024-03,2024,Mar,2024-03-01
2024-03-12,RELIANCE,Energy,2769.3,2813.58,2734.11,2776.59,7189226,0.122,2024-03,2024,Mar,2024-03-01
2024-03-13,RELIANCE,Energy,2800.16,2831.5,2758.47,2786.5,4446607,0.357,2024-03,2024,Mar,2024-03-01
2024-03-14,RELIANCE,Energy,2807.49,2855.79,2768.68,2789.87,4969870,0.121,2024-03,2024,Mar,2024-03-01
2024-03-15,RELIANCE,Energy,2800.72,2827.04,2753.8,2795.19,2405860,0.191,2024-03,2024,Mar,2024-03-01
2024-03-18,RELIANCE,Energy,2805.74,2822.86,2758.34,2794.85,1285807,-0.012,2024-03,2024,Mar,2024-03-01
2024-03-19,RELIANCE,Energy,2810.22,2835.83,2771.26,2796.33,7597848,0.053,2024-03,2024,Mar,2024-03-01
2024-03-20,RELIANCE,Energy,2806.58,2826.54,2748.76,2793.95,4277294,-0.085,2024-03,2024,Mar,2024-03-01
2024-03-21,RELIANCE,Energy,2806.92,2820.44,2786.3,2800.05,2779790,0.218,2024-03,2024,Mar,2024-03-01
2024-03-22,RELIANCE,Energy,2801.91,2806.9,2784.33,2795.22,5791274,-0.172,2024-03,2024,Mar,2024-03-01
2024-03-25,RELIANCE,Energy,2806.08,2825.68,2766.86,2800.26,988650,0.18,2024-03,2024,Mar,2024-03-01
2024-03-26,RELIANCE,Energy,2788.09,2837.05,2739.23,2800.38,1375568,0.004,2024-03,2024,Mar,2024-03-01
2024-03-27,RELIANCE,Energy,2815.24,2818.93,2792.76,2807.37,2547253,0.25,2024-03,2024,Mar,2024-03-01
2024-03-28,RELIANCE,Energy,2796.98,2836.04,2782.31,2812.23,4044673,0.173,2024-03,2024,Mar,2024-03-01
2024-03-29,RELIANCE,Energy,2813.55,2856.24,2804.06,2822.52,3440150,0.366,2024-03,2024,Mar,2024-03-01
2024-04-01,RELIANCE,Energy,2842.02,2874.36,2783.09,2827.28,2148898,0.169,2024-04,2024,Apr,2024-04-01
2024-04-02,RELIANCE,Energy,2829.81,2870.0,2806.65,2820.33,3329717,-0.246,2024-04,2024,Apr,2024-04-01
2024-04-03,RELIANCE,Energy,2837.79,2879.73,2794.06,2821.01,3204162,0.024,2024-04,2024,Apr,2024-04-01
2024-04-04,RELIANCE,Energy,2813.01,2852.96,2762.81,2816.07,4577606,-0.175,2024-04,2024,Apr,2024-04-01
2024-04-05,RELIANCE,Energy,2801.47,2822.17,2798.09,2814.44,4851739,-0.058,2024-04,2024,Apr,2024-04-01
2024-04-08,RELIANCE,Energy,2820.38,2848.71,2790.88,2823.09,7158513,0.307,2024-04,2024,Apr,2024-04-01
2024-04-09,RELIANCE,Energy,2828.47,2860.31,2799.86,2827.31,6608805,0.149,2024-04,2024,Apr,2024-04-01
2024-04-10,RELIANCE,Energy,2825.61,2840.23,2783.12,2824.72,2904835,-0.092,2024-04,2024,Apr,2024-04-01
2024-04-11,RELIANCE,Energy,2833.31,2838.19,2800.66,2820.52,7299207,-0.149,2024-04,2024,Apr,2024-04-01
2024-04-12,RELIANCE,Energy,2817.55,2835.17,2795.07,2821.62,4549548,0.039,2024-04,2024,Apr,2024-04-01
2024-04-15,RELIANCE,Energy,2820.34,2844.97,2805.52,2816.37,2151279,-0.186,2024-04,2024,Apr,2024-04-01
2024-04-16,RELIANCE,Energy,2802.76,2836.5,2764.66,2813.89,3249000,-0.088,2024-04,2024,Apr,2024-04-01
2024-04-17,RELIANCE,Energy,2821.44,2832.73,2775.98,2816.37,6140689,0.088,2024-04,2024,Apr,2024-04-01
2024-04-18,RELIANCE,Energy,2823.15,2865.54,2813.74,2823.12,6716766,0.24,2024-04,2024,Apr,2024-04-01
2024-04-19,RELIANCE,Energy,2818.62,2874.41,2796.94,2827.09,3493695,0.141,2024-04,2024,Apr,2024-04-01
2024-04-22,RELIANCE,Energy,2813.67,2828.78,2768.14,2816.32,1934730,-0.381,2024-04,2024,Apr,2024-04-01
2024-04-23,RELIANCE,Energy,2816.65,2866.08,2813.7,2818.72,2181585,0.085,2024-04,2024,Apr,2024-04-01
2024-04-24,RELIANCE,Energy,2816.88,2823.61,2799.76,2819.93,1545273,0.043,2024-04,2024,Apr,2024-04-01
2024-04-25,RELIANCE,Energy,2842.87,2890.41,2793.41,2822.86,5830911,0.104,2024-04,2024,Apr,2024-04-01
2024-04-26,RELIANCE,Energy,2830.8,2880.57,2811.89,2831.91,4421565,0.321,2024-04,2024,Apr,2024-04-01
2024-04-29,RELIANCE,Energy,2819.47,2825.63,2803.61,2822.23,4048516,-0.342,2024-04,2024,Apr,2024-04-01
2024-04-30,RELIANCE,Energy,2796.36,2859.42,2771.7,2820.02,5637590,-0.078,2024-04,2024,Apr,2024-04-01
2024-05-01,RELIANCE,Energy,2813.71,2873.21,2802.22,2823.81,6766396,0.134,2024-05,2024,May,2024-05-01
2024-05-02,RELIANCE,Energy,2813.6,2862.75,2785.45,2816.56,6527781,-0.257,2024-05,2024,May,2024-05-01
2024-05-03,RELIANCE,Energy,2817.07,2874.26,2780.41,2824.82,1787441,0.293,2024-05,2024,May,2024-05-01
2024-05-06,RELIANCE,Energy,2843.08,2872.52,2796.98,2827.46,5045298,0.093,2024-05,2024,May,2024-05-01
2024-05-07,RELIANCE,Energy,2830.65,2839.11,2823.34,2832.52,7154100,0.179,2024-05,2024,May,2024-05-01
2024-05-08,RELIANCE,Energy,2844.93,2888.88,2786.89,2830.35,6371718,-0.077,2024-05,2024,May,2024-05-01
2024-05-09,RELIANCE,Energy,2835.93,2868.36,2823.96,2835.23,3171771,0.172,2024-05,2024,May,2024-05-01
2024-05-10,RELIANCE,Energy,2841.83,2874.37,2801.62,2841.41,3627512,0.218,2024-05,2024,May,2024-05-01
2024-05-13,RELIANCE,Energy,2842.3,2866.33,2822.04,2843.31,7209411,0.067,2024-05,2024,May,2024-05-01
2024-05-14,RELIANCE,Energy,2845.26,2875.77,2804.51,2845.22,1036647,0.067,2024-05,2024,May,2024-05-01
2024-05-15,RELIANCE,Energy,2866.88,2877.23,2834.47,2847.3,4583022,0.073,2024-05,2024,May,2024-05-01
2024-05-16,RELIANCE,Energy,2817.19,2882.17,2805.43,2843.57,1635915,-0.131,2024-05,2024,May,2024-05-01
2024-05-17,RELIANCE,Energy,2820.73,2849.96,2794.07,2843.49,7241034,-0.003,2024-05,2024,May,2024-05-01
2024-05-20,RELIANCE,Energy,2837.21,2881.5,2832.78,2843.39,1078802,-0.004,2024-05,2024,May,2024-05-01
2024-05-21,RELIANCE,Energy,2846.18,2890.1,2832.27,2846.01,968416,0.092,2024-05,2024,May,2024-05-01
2024-05-22,RELIANCE,Energy,2859.67,2885.5,2813.85,2851.8,3168394,0.203,2024-05,2024,May,2024-05-01
2024-05-23,RELIANCE,Energy,2852.41,2879.98,2803.64,2847.02,2241195,-0.168,2024-05,2024,May,2024-05-01
2024-05-24,RELIANCE,Energy,2842.65,2864.98,2835.9,2847.02,4367537,0.0,2024-05,2024,May,2024-05-01
2024-05-27,RELIANCE,Energy,2866.9,2917.02,2809.59,2855.26,2956898,0.289,2024-05,2024,May,2024-05-01
2024-05-28,RELIANCE,Energy,2863.83,2902.38,2810.55,2852.07,3365485,-0.112,2024-05,2024,May,2024-05-01
2024-05-29,RELIANCE,Energy,2850.58,2871.31,2803.52,2848.48,4867439,-0.126,2024-05,2024,May,2024-05-01
2024-05-30,RELIANCE,Energy,2861.11,2872.47,2813.44,2850.13,4836316,0.058,2024-05,2024,May,2024-05-01
2024-05-31,RELIANCE,Energy,2858.2,2871.73,2819.51,2855.08,7531504,0.174,2024-05,2024,May,2024-05-01
2024-06-03,RELIANCE,Energy,2849.34,2881.13,2821.05,2855.75,4260385,0.023,2024-06,2024,Jun,2024-06-01
2024-06-04,RELIANCE,Energy,2871.19,2920.07,2828.56,2863.2,4862467,0.261,2024-06,2024,Jun,2024-06-01
2024-06-05,RELIANCE,Energy,2869.49,2908.17,2820.53,2868.22,5681188,0.175,2024-06,2024,Jun,2024-06-01
2024-06-06,RELIANCE,Energy,2873.18,2886.57,2865.38,2873.17,2054474,0.173,2024-06,2024,Jun,2024-06-01
2024-06-07,RELIANCE,Energy,2893.58,2938.75,2858.31,2876.63,5602127,0.12,2024-06,2024,Jun,2024-06-01
2024-06-10,RELIANCE,Energy,2860.98,2910.77,2854.59,2889.3,7005762,0.44,2024-06,2024,Jun,2024-06-01
2024-06-11,RELIANCE,Energy,2872.45,2933.54,2823.44,2888.83,3090061,-0.016,2024-06,2024,Jun,2024-06-01
2024-06-12,RELIANCE,Energy,2865.34,2893.72,2840.79,2879.01,2084048,-0.34,2024-06,2024,Jun,2024-06-01
2024-06-13,RELIANCE,Energy,2883.73,2921.19,2847.74,2887.93,3292744,0.31,2024-06,2024,Jun,2024-06-01
2024-06-14,RELIANCE,Energy,2883.19,2934.48,2839.08,2886.13,2780279,-0.062,2024-06,2024,Jun,2024-06-01
2024-06-17,RELIANCE,Energy,2869.86,2902.82,2818.65,2887.27,5013064,0.039,2024-06,2024,Jun,2024-06-01
2024-06-18,RELIANCE,Energy,2883.26,2931.66,2872.45,2894.67,7018898,0.256,2024-06,2024,Jun,2024-06-01
2024-06-19,RELIANCE,Energy,2876.97,2938.25,2834.99,2886.91,5094313,-0.268,2024-06,2024,Jun,2024-06-01
2024-06-20,RELIANCE,Energy,2909.31,2919.67,2834.65,2880.99,1703682,-0.205,2024-06,2024,Jun,2024-06-01
2024-06-21,RELIANCE,Energy,2893.98,2901.22,2868.01,2873.27,3065839,-0.268,2024-06,2024,Jun,2024-06-01
2024-06-24,RELIANCE,Energy,2865.02,2905.5,2825.42,2869.74,5763069,-0.123,2024-06,2024,Jun,2024-06-01
2024-06-25,RELIANCE,Energy,2868.41,2892.05,2848.25,2872.59,3178288,0.099,2024-06,2024,Jun,2024-06-01
2024-06-26,RELIANCE,Energy,2862.66,2882.24,2828.23,2875.88,5022014,0.115,2024-06,2024,Jun,2024-06-01
2024-06-27,RELIANCE,Energy,2855.92,2904.02,2828.11,2877.88,5797124,0.07,2024-06,2024,Jun,2024-06-01
2024-06-28,RELIANCE,Energy,2869.81,2910.82,2854.27,2871.15,3170008,-0.234,2024-06,2024,Jun,2024-06-01
2024-07-01,RELIANCE,Energy,2848.4,2876.54,2839.0,2859.82,5461357,-0.395,2024-07,2024,Jul,2024-07-01
2024-07-02,RELIANCE,Energy,2859.7,2879.83,2851.16,2860.67,3666439,0.03,2024-07,2024,Jul,2024-07-01
2024-07-03,RELIANCE,Energy,2840.53,2902.79,2832.7,2858.83,1772365,-0.064,2024-07,2024,Jul,2024-07-01
2024-07-04,RELIANCE,Energy,2853.05,2889.94,2819.27,2861.78,3479710,0.103,2024-07,2024,Jul,2024-07-01
2024-07-05,RELIANCE,Energy,2867.68,2911.64,2845.99,2865.98,3975501,0.147,2024-07,2024,Jul,2024-07-01
2024-07-08,RELIANCE,Energy,2871.49,2896.15,2853.86,2867.29,817186,0.046,2024-07,2024,Jul,2024-07-01
2024-07-09,RELIANCE,Energy,2876.6,2926.08,2835.16,2871.81,7227483,0.158,2024-07,2024,Jul,2024-07-01
2024-07-10,RELIANCE,Energy,2858.41,2908.26,2822.18,2873.59,4600807,0.062,2024-07,2024,Jul,2024-07-01
2024-07-11,RELIANCE,Energy,2886.78,2895.35,2847.69,2876.94,1061400,0.117,2024-07,2024,Jul,2024-07-01
2024-07-12,RELIANCE,Energy,2864.71,2920.02,2816.31,2873.9,7049541,-0.106,2024-07,2024,Jul,2024-07-01
2024-07-15,RELIANCE,Energy,2880.86,2907.71,2851.89,2873.59,6957180,-0.011,2024-07,2024,Jul,2024-07-01
2024-07-16,RELIANCE,Energy,2875.11,2885.03,2831.38,2875.23,886750,0.057,2024-07,2024,Jul,2024-07-01
2024-07-17,RELIANCE,Energy,2864.25,2890.46,2857.72,2880.1,1974882,0.169,2024-07,2024,Jul,2024-07-01
2024-07-18,RELIANCE,Energy,2875.06,2915.22,2836.02,2878.7,3419317,-0.049,2024-07,2024,Jul,2024-07-01
2024-07-19,RELIANCE,Energy,2886.25,2891.46,2830.73,2882.04,4452190,0.116,2024-07,2024,Jul,2024-07-01
2024-07-22,RELIANCE,Energy,2888.37,2905.33,2836.96,2881.3,6025495,-0.026,2024-07,2024,Jul,2024-07-01
2024-07-23,RELIANCE,Energy,2879.72,2891.08,2848.47,2881.35,3855222,0.002,2024-07,2024,Jul,2024-07-01
2024-07-24,RELIANCE,Energy,2904.0,2928.68,2852.67,2886.31,5204366,0.172,2024-07,2024,Jul,2024-07-01
2024-07-25,RELIANCE,Energy,2888.24,2911.47,2856.49,2876.64,872931,-0.335,2024-07,2024,Jul,2024-07-01
2024-07-26,RELIANCE,Energy,2867.66,2898.95,2831.67,2870.61,5541482,-0.21,2024-07,2024,Jul,2024-07-01
2024-07-29,RELIANCE,Energy,2872.23,2888.76,2823.27,2863.64,7390857,-0.243,2024-07,2024,Jul,2024-07-01
2024-07-30,RELIANCE,Energy,2874.39,2878.83,2801.07,2852.32,4588698,-0.395,2024-07,2024,Jul,2024-07-01
2024-07-31,RELIANCE,Energy,2871.88,2904.75,2822.83,2849.54,4075461,-0.097,2024-07,2024,Jul,2024-07-01
2024-08-01,RELIANCE,Energy,2840.06,2875.07,2834.26,2854.08,2939252,0.159,2024-08,2024,Aug,2024-08-01
2024-08-02,RELIANCE,Energy,2842.76,2887.78,2811.12,2853.33,7670731,-0.026,2024-08,2024,Aug,2024-08-01
2024-08-05,RELIANCE,Energy,2872.03,2880.2,2846.44,2855.07,1039062,0.061,2024-08,2024,Aug,2024-08-01
2024-08-06,RELIANCE,Energy,2849.29,2864.93,2834.58,2861.4,2864556,0.222,2024-08,2024,Aug,2024-08-01
2024-08-07,RELIANCE,Energy,2853.81,2883.97,2835.01,2868.99,1798697,0.265,2024-08,2024,Aug,2024-08-01
2024-08-08,RELIANCE,Energy,2863.81,2894.53,2825.35,2869.39,7037185,0.014,2024-08,2024,Aug,2024-08-01
2024-08-09,RELIANCE,Energy,2881.99,2904.18,2865.28,2877.15,4274757,0.27,2024-08,2024,Aug,2024-08-01
2024-08-12,RELIANCE,Energy,2877.23,2920.93,2866.24,2878.4,7441204,0.043,2024-08,2024,Aug,2024-08-01
2024-08-13,RELIANCE,Energy,2867.37,2896.2,2862.31,2874.85,5589137,-0.123,2024-08,2024,Aug,2024-08-01
2024-08-14,RELIANCE,Energy,2864.83,2901.35,2819.43,2872.58,4809193,-0.079,2024-08,2024,Aug,2024-08-01
2024-08-15,RELIANCE,Energy,2857.57,2897.51,2821.02,2865.73,4525802,-0.238,2024-08,2024,Aug,2024-08-01
2024-08-16,RELIANCE,Energy,2851.9,2865.89,2847.11,2861.97,2259280,-0.131,2024-08,2024,Aug,2024-08-01
2024-08-19,RELIANCE,Energy,2887.06,2915.23,2856.71,2860.95,4846746,-0.036,2024-08,2024,Aug,2024-08-01
2024-08-20,RELIANCE,Energy,2869.34,2889.03,2835.85,2865.93,5733781,0.174,2024-08,2024,Aug,2024-08-01
2024-08-21,RELIANCE,Energy,2885.87,2909.43,2858.99,2875.67,7750475,0.34,2024-08,2024,Aug,2024-08-01
2024-08-22,RELIANCE,Energy,2863.78,2877.15,2831.86,2869.39,4752642,-0.218,2024-08,2024,Aug,2024-08-01
2024-08-23,RELIANCE,Energy,2870.16,2913.39,2846.08,2872.29,7559622,0.101,2024-08,2024,Aug,2024-08-01
2024-08-26,RELIANCE,Energy,2859.62,2916.61,2811.87,2867.8,7600613,-0.156,2024-08,2024,Aug,2024-08-01
2024-08-27,RELIANCE,Energy,2840.7,2875.11,2823.96,2871.15,4562381,0.117,2024-08,2024,Aug,2024-08-01
2024-08-28,RELIANCE,Energy,2855.56,2903.61,2819.73,2871.38,3962758,0.008,2024-08,2024,Aug,2024-08-01
2024-08-29,RELIANCE,Energy,2842.12,2902.89,2836.67,2862.85,1827464,-0.297,2024-08,2024,Aug,2024-08-01
2024-08-30,RELIANCE,Energy,2842.76,2885.33,2793.72,2868.57,2733298,0.2,2024-08,2024,Aug,2024-08-01
2024-09-02,RELIANCE,Energy,2852.69,2907.64,2802.28,2866.4,7129472,-0.076,2024-09,2024,Sep,2024-09-01
2024-09-03,RELIANCE,Energy,2879.78,2913.62,2825.74,2864.6,1795666,-0.063,2024-09,2024,Sep,2024-09-01
2024-09-04,RELIANCE,Energy,2859.55,2908.09,2834.07,2860.05,3658817,-0.159,2024-09,2024,Sep,2024-09-01
2024-09-05,RELIANCE,Energy,2872.42,2923.19,2844.12,2857.67,5830161,-0.083,2024-09,2024,Sep,2024-09-01
2024-09-06,RELIANCE,Energy,2865.56,2870.49,2818.48,2860.86,2532477,0.112,2024-09,2024,Sep,2024-09-01
2024-09-09,RELIANCE,Energy,2869.84,2894.42,2822.21,2860.89,7813589,0.001,2024-09,2024,Sep,2024-09-01
2024-09-10,RELIANCE,Energy,2853.28,2893.09,2839.66,2863.6,5476285,0.095,2024-09,2024,Sep,2024-09-01
2024-09-11,RELIANCE,Energy,2872.5,2882.54,2841.64,2866.49,1004075,0.101,2024-09,2024,Sep,2024-09-01
2024-09-12,RELIANCE,Energy,2882.74,2902.1,2848.87,2874.36,2579639,0.275,2024-09,2024,Sep,2024-09-01
2024-09-13,RELIANCE,Energy,2867.02,2924.77,2823.87,2873.64,6131206,-0.025,2024-09,2024,Sep,2024-09-01
2024-09-16,RELIANCE,Energy,2873.5,2877.17,2830.88,2867.08,7014979,-0.228,2024-09,2024,Sep,2024-09-01
2024-09-17,RELIANCE,Energy,2880.18,2905.22,2839.38,2873.68,7473898,0.23,2024-09,2024,Sep,2024-09-01
2024-09-18,RELIANCE,Energy,2866.74,2917.09,2832.2,2873.06,6928424,-0.022,2024-09,2024,Sep,2024-09-01
2024-09-19,RELIANCE,Energy,2867.0,2898.67,2850.95,2879.93,1338427,0.239,2024-09,2024,Sep,2024-09-01
2024-09-20,RELIANCE,Energy,2869.39,2909.44,2848.38,2883.04,6053746,0.108,2024-09,2024,Sep,2024-09-01
2024-09-23,RELIANCE,Energy,2884.49,2935.34,2878.37,2883.49,1593224,0.016,2024-09,2024,Sep,2024-09-01
2024-09-24,RELIANCE,Energy,2890.23,2916.45,2844.95,2886.45,1351167,0.103,2024-09,2024,Sep,2024-09-01
2024-09-25,RELIANCE,Energy,2888.58,2907.12,2864.43,2897.77,5782091,0.392,2024-09,2024,Sep,2024-09-01
2024-09-26,RELIANCE,Energy,2910.11,2915.58,2885.21,2909.8,4242792,0.415,2024-09,2024,Sep,2024-09-01
2024-09-27,RELIANCE,Energy,2918.0,2967.81,2896.3,2911.35,5465336,0.053,2024-09,2024,Sep,2024-09-01
2024-09-30,RELIANCE,Energy,2920.6,2936.72,2900.11,2913.4,6930691,0.07,2024-09,2024,Sep,2024-09-01
2024-10-01,RELIANCE,Energy,2938.39,2966.51,2888.16,2920.26,1295557,0.235,2024-10,2024,Oct,2024-10-01
2024-10-02,RELIANCE,Energy,2931.95,2939.4,2902.6,2917.05,4598220,-0.11,2024-10,2024,Oct,2024-10-01
2024-10-03,RELIANCE,Energy,2908.34,2943.99,2902.26,2920.04,6807843,0.103,2024-10,2024,Oct,2024-10-01
2024-10-04,RELIANCE,Energy,2940.82,2990.26,2880.12,2921.15,3970108,0.038,2024-10,2024,Oct,2024-10-01
2024-10-07,RELIANCE,Energy,2917.85,2951.96,2896.26,2924.07,4568651,0.1,2024-10,2024,Oct,2024-10-01
2024-10-08,RELIANCE,Energy,2933.16,2984.52,2899.15,2920.95,4384544,-0.107,2024-10,2024,Oct,2024-10-01
2024-10-09,RELIANCE,Energy,2914.68,2930.42,2889.61,2913.89,7331821,-0.242,2024-10,2024,Oct,2024-10-01
2024-10-10,RELIANCE,Energy,2899.53,2932.13,2856.45,2904.32,1159233,-0.328,2024-10,2024,Oct,2024-10-01
2024-10-11,RELIANCE,Energy,2878.81,2945.05,2860.23,2899.77,7121534,-0.157,2024-10,2024,Oct,2024-10-01
2024-10-14,RELIANCE,Energy,2896.69,2923.67,2856.47,2898.68,6677958,-0.038,2024-10,2024,Oct,2024-10-01
2024-10-15,RELIANCE,Energy,2880.38,2915.13,2831.5,2898.46,6650055,-0.008,2024-10,2024,Oct,2024-10-01
2024-10-16,RELIANCE,Energy,2921.17,2966.57,2874.31,2909.91,3768467,0.395,2024-10,2024,Oct,2024-10-01
2024-10-17,RELIANCE,Energy,2934.74,2957.13,2892.72,2917.05,4514472,0.245,2024-10,2024,Oct,2024-10-01
2024-10-18,RELIANCE,Energy,2904.05,2942.54,2864.23,2913.34,3456683,-0.127,2024-10,2024,Oct,2024-10-01
2024-10-21,RELIANCE,Energy,2920.04,2971.44,2890.9,2916.52,2612316,0.109,2024-10,2024,Oct,2024-10-01
2024-10-22,RELIANCE,Energy,2907.28,2927.9,2883.89,2915.74,7103128,-0.027,2024-10,2024,Oct,2024-10-01
2024-10-23,RELIANCE,Energy,2908.29,2933.47,2879.41,2915.62,4443023,-0.004,2024-10,2024,Oct,2024-10-01
2024-10-24,RELIANCE,Energy,2927.01,2931.48,2899.29,2917.97,6008092,0.081,2024-10,2024,Oct,2024-10-01
2024-10-25,RELIANCE,Energy,2922.16,2945.0,2914.06,2922.61,1525841,0.159,2024-10,2024,Oct,2024-10-01
2024-10-28,RELIANCE,Energy,2942.55,2955.51,2898.68,2922.21,6480267,-0.014,2024-10,2024,Oct,2024-10-01
2024-10-29,RELIANCE,Energy,2923.57,2966.01,2914.49,2929.22,5543692,0.24,2024-10,2024,Oct,2024-10-01
2024-10-30,RELIANCE,Energy,2936.3,2948.29,2901.28,2924.61,7982794,-0.157,2024-10,2024,Oct,2024-10-01
2024-10-31,RELIANCE,Energy,2927.2,2963.7,2895.43,2926.06,1764635,0.05,2024-10,2024,Oct,2024-10-01
2024-11-01,RELIANCE,Energy,2950.56,2966.72,2891.72,2941.2,4688290,0.517,2024-11,2024,Nov,2024-11-01
2024-11-04,RELIANCE,Energy,2938.54,2964.53,2933.8,2943.81,4480445,0.089,2024-11,2024,Nov,2024-11-01
2024-11-05,RELIANCE,Energy,2952.27,2973.32,2918.13,2952.86,4676477,0.307,2024-11,2024,Nov,2024-11-01
2024-11-06,RELIANCE,Energy,2953.43,2993.75,2927.49,2954.79,1191550,0.065,2024-11,2024,Nov,2024-11-01
2024-11-07,RELIANCE,Energy,2949.44,2985.76,2945.47,2959.34,4206479,0.154,2024-11,2024,Nov,2024-11-01
2024-11-08,RELIANCE,Energy,2968.33,2989.53,2944.97,2960.49,2956489,0.039,2024-11,2024,Nov,2024-11-01
2024-11-11,RELIANCE,Energy,2968.75,3014.75,2952.12,2961.05,5244944,0.019,2024-11,2024,Nov,2024-11-01
2024-11-12,RELIANCE,Energy,2965.38,2997.18,2944.5,2958.36,2470979,-0.091,2024-11,2024,Nov,2024-11-01
2024-11-13,RELIANCE,Energy,2980.33,2994.15,2945.33,2962.12,3932375,0.127,2024-11,2024,Nov,2024-11-01
2024-11-14,RELIANCE,Energy,2976.21,3024.73,2935.91,2959.06,5264227,-0.103,2024-11,2024,Nov,2024-11-01
2024-11-15,RELIANCE,Energy,2959.63,2984.31,2930.06,2964.08,1261126,0.17,2024-11,2024,Nov,2024-11-01
2024-11-18,RELIANCE,Energy,2975.79,2980.74,2968.33,2971.36,6464864,0.246,2024-11,2024,Nov,2024-11-01
2024-11-19,RELIANCE,Energy,2967.38,3002.79,2956.25,2974.8,5953290,0.116,2024-11,2024,Nov,2024-11-01
2024-11-20,RELIANCE,Energy,2975.03,2984.28,2967.05,2974.75,1212581,-0.002,2024-11,2024,Nov,2024-11-01
2024-11-21,RELIANCE,Energy,2971.53,2993.73,2940.79,2978.68,1266098,0.132,2024-11,2024,Nov,2024-11-01
2024-11-22,RELIANCE,Energy,2997.81,3038.88,2958.87,2978.51,6922042,-0.006,2024-11,2024,Nov,2024-11-01
2024-11-25,RELIANCE,Energy,2989.36,2999.0,2954.21,2985.02,2839981,0.219,2024-11,2024,Nov,2024-11-01
2024-11-26,RELIANCE,Energy,2974.09,3020.5,2959.9,2976.69,6997527,-0.279,2024-11,2024,Nov,2024-11-01
2024-11-27,RELIANCE,Energy,2990.58,3041.21,2972.17,2976.37,4394619,-0.011,2024-11,2024,Nov,2024-11-01
2024-11-28,RELIANCE,Energy,2941.45,3000.77,2891.43,2967.21,3264337,-0.308,2024-11,2024,Nov,2024-11-01
2024-11-29,RELIANCE,Energy,2936.86,2999.43,2928.51,2960.71,2769634,-0.219,2024-11,2024,Nov,2024-11-01
2024-12-02,RELIANCE,Energy,2978.92,3018.04,2960.09,2969.47,5544829,0.296,2024-12,2024,Dec,2024-12-01
2024-12-03,RELIANCE,Energy,2976.46,3029.67,2965.35,2975.74,1590033,0.211,2024-12,2024,Dec,2024-12-01
2024-12-04,RELIANCE,Energy,2976.34,2996.6,2920.79,2973.36,3698813,-0.08,2024-12,2024,Dec,2024-12-01
2024-12-05,RELIANCE,Energy,2951.06,2977.98,2917.12,2966.8,3290164,-0.221,2024-12,2024,Dec,2024-12-01
2024-12-06,RELIANCE,Energy,2952.2,2981.49,2918.62,2952.47,1910174,-0.483,2024-12,2024,Dec,2024-12-01
2024-12-09,RELIANCE,Energy,2974.69,3004.64,2898.59,2951.04,3340321,-0.048,2024-12,2024,Dec,2024-12-01
2024-12-10,RELIANCE,Energy,2975.17,2987.14,2957.97,2965.39,4606369,0.486,2024-12,2024,Dec,2024-12-01
2024-12-11,RELIANCE,Energy,2971.18,3005.12,2917.01,2969.17,5678454,0.127,2024-12,2024,Dec,2024-12-01
2024-12-12,RELIANCE,Energy,2962.42,2971.31,2949.18,2967.63,1421789,-0.052,2024-12,2024,Dec,2024-12-01
2024-12-13,RELIANCE,Energy,2966.88,3021.4,2932.48,2971.57,7081266,0.133,2024-12,2024,Dec,2024-12-01
2024-12-16,RELIANCE,Energy,2939.42,2980.97,2915.49,2964.67,7124999,-0.232,2024-12,2024,Dec,2024-12-01
2024-12-17,RELIANCE,Energy,2967.57,2972.54,2942.2,2964.52,5782236,-0.005,2024-12,2024,Dec,2024-12-01
2024-12-18,RELIANCE,Energy,2976.51,2984.97,2916.55,2966.48,7454886,0.066,2024-12,2024,Dec,2024-12-01
2024-12-19,RELIANCE,Energy,2948.74,2982.53,2938.31,2967.44,3881211,0.032,2024-12,2024,Dec,2024-12-01
2024-12-20,RELIANCE,Energy,2965.23,2989.91,2912.0,2973.09,6715614,0.19,2024-12,2024,Dec,2024-12-01
2024-12-23,RELIANCE,Energy,2962.57,2980.99,2940.52,2976.35,6036324,0.11,2024-12,2024,Dec,2024-12-01
2024-12-24,RELIANCE,Energy,2969.83,2998.49,2934.11,2981.35,4850202,0.168,2024-12,2024,Dec,2024-12-01
2024-12-25,RELIANCE,Energy,2979.69,2992.45,2927.06,2979.06,2092437,-0.077,2024-12,2024,Dec,2024-12-01
2024-12-26,RELIANCE,Energy,2960.38,3007.47,2954.52,2985.27,4814709,0.208,2024-12,2024,Dec,2024-12-01
2024-12-27,RELIANCE,Energy,3002.79,3025.46,2945.44,2995.43,7289716,0.34,2024-12,2024,Dec,2024-12-01
2024-12-30,RELIANCE,Energy,3000.61,3020.9,2959.72,2991.59,7889173,-0.128,2024-12,2024,Dec,2024-12-01
2024-12-31,RELIANCE,Energy,2985.19,3007.83,2946.45,2988.19,4026079,-0.114,2024-12,2024,Dec,2024-12-01
2025-01-01,RELIANCE,Energy,2967.01,3004.32,2956.52,2996.75,2584892,0.286,2025-01,2025,Jan,2025-01-01
2025-01-02,RELIANCE,Energy,2985.13,3001.36,2955.08,2997.08,6182055,0.011,2025-01,2025,Jan,2025-01-01
2025-01-03,RELIANCE,Energy,3020.84,3034.24,2968.59,3006.02,1346828,0.298,2025-01,2025,Jan,2025-01-01
2025-01-06,RELIANCE,Energy,2971.58,3046.63,2945.56,3004.97,1887870,-0.035,2025-01,2025,Jan,2025-01-01
2025-01-07,RELIANCE,Energy,3010.0,3067.97,2999.06,3014.19,4845974,0.307,2025-01,2025,Jan,2025-01-01
2025-01-08,RELIANCE,Energy,3001.99,3066.86,2986.53,3016.23,7929463,0.068,2025-01,2025,Jan,2025-01-01
2025-01-09,RELIANCE,Energy,3028.67,3057.66,2972.08,3018.95,3167256,0.09,2025-01,2025,Jan,2025-01-01
2025-01-10,RELIANCE,Energy,3020.6,3059.19,3015.81,3028.78,3991933,0.326,2025-01,2025,Jan,2025-01-01
2025-01-13,RELIANCE,Energy,3033.0,3052.26,2988.59,3028.11,3120839,-0.022,2025-01,2025,Jan,2025-01-01
2025-01-14,RELIANCE,Energy,3031.12,3074.03,2969.87,3024.28,3971631,-0.126,2025-01,2025,Jan,2025-01-01
2025-01-15,RELIANCE,Energy,3045.32,3087.96,3019.71,3023.11,851014,-0.039,2025-01,2025,Jan,2025-01-01
2025-01-16,RELIANCE,Energy,3024.39,3073.32,3013.08,3026.85,5082002,0.124,2025-01,2025,Jan,2025-01-01
2025-01-17,RELIANCE,Energy,3024.12,3073.18,2981.96,3019.58,5092923,-0.24,2025-01,2025,Jan,2025-01-01
2025-01-20,RELIANCE,Energy,3006.33,3049.65,3000.25,3024.29,3072056,0.156,2025-01,2025,Jan,2025-01-01
2025-01-21,RELIANCE,Energy,3036.98,3079.61,2989.26,3022.59,2701042,-0.056,2025-01,2025,Jan,2025-01-01
2025-01-22,RELIANCE,Energy,3020.85,3074.63,2982.7,3030.07,6283555,0.247,2025-01,2025,Jan,2025-01-01
2025-01-23,RELIANCE,Energy,3011.47,3037.09,2978.35,3018.24,2152581,-0.39,2025-01,2025,Jan,2025-01-01
2025-01-24,RELIANCE,Energy,3014.89,3065.81,2993.16,3015.16,1138882,-0.102,2025-01,2025,Jan,2025-01-01
2025-01-27,RELIANCE,Energy,2988.4,3015.03,2949.99,3007.2,1091109,-0.264,2025-01,2025,Jan,2025-01-01
2025-01-28,RELIANCE,Energy,3006.64,3060.47,2970.54,3003.89,7148626,-0.11,2025-01,2025,Jan,2025-01-01
2025-01-29,RELIANCE,Energy,3018.02,3060.55,2992.77,3006.38,3423403,0.083,2025-01,2025,Jan,2025-01-01
2025-01-30,RELIANCE,Energy,3010.08,3017.86,2974.76,3006.55,1533192,0.006,2025-01,2025,Jan,2025-01-01
2025-01-31,RELIANCE,Energy,2987.2,3042.85,2939.43,3006.31,7128575,-0.008,2025-01,2025,Jan,2025-01-01
2025-02-03,RELIANCE,Energy,3005.07,3011.31,2968.0,3006.56,1870085,0.008,2025-02,2025,Feb,2025-02-01
2025-02-04,RELIANCE,Energy,3017.69,3060.22,2981.62,3008.76,3224029,0.073,2025-02,2025,Feb,2025-02-01
2025-02-05,RELIANCE,Energy,2981.82,3048.22,2962.54,3004.39,948949,-0.145,2025-02,2025,Feb,2025-02-01
2025-02-06,RELIANCE,Energy,2996.36,3043.12,2988.99,3009.29,5689334,0.163,2025-02,2025,Feb,2025-02-01
2025-02-07,RELIANCE,Energy,3024.52,3071.6,2998.4,3013.95,5834966,0.155,2025-02,2025,Feb,2025-02-01
2025-02-10,RELIANCE,Energy,3020.35,3028.4,3013.5,3017.09,6247138,0.104,2025-02,2025,Feb,2025-02-01
2025-02-11,RELIANCE,Energy,3026.14,3043.36,2967.47,3021.16,2693914,0.135,2025-02,2025,Feb,2025-02-01
2025-02-12,RELIANCE,Energy,3046.29,3070.79,3009.34,3023.8,3162325,0.087,2025-02,2025,Feb,2025-02-01
2025-02-13,RELIANCE,Energy,3041.61,3046.85,2990.83,3035.92,7554463,0.401,2025-02,2025,Feb,2025-02-01
2025-02-14,RELIANCE,Energy,3044.44,3070.68,3024.71,3036.45,6715813,0.017,2025-02,2025,Feb,2025-02-01
2025-02-17,RELIANCE,Energy,3068.68,3085.59,3018.1,3035.77,1067529,-0.022,2025-02,2025,Feb,2025-02-01
2025-02-18,RELIANCE,Energy,3030.04,3055.91,3005.46,3032.63,5781533,-0.103,2025-02,2025,Feb,2025-02-01
2025-02-19,RELIANCE,Energy,3018.31,3052.88,2998.64,3027.97,6651726,-0.154,2025-02,2025,Feb,2025-02-01
2025-02-20,RELIANCE,Energy,3027.32,3075.6,2978.11,3022.15,4826544,-0.192,2025-02,2025,Feb,2025-02-01
2025-02-21,RELIANCE,Energy,3023.55,3040.47,2966.1,3018.25,5407330,-0.129,2025-02,2025,Feb,2025-02-01
2025-02-24,RELIANCE,Energy,3012.44,3067.68,2964.6,3018.8,807145,0.018,2025-02,2025,Feb,2025-02-01
2025-02-25,RELIANCE,Energy,3009.05,3046.43,2998.18,3021.53,1016377,0.09,2025-02,2025,Feb,2025-02-01
2025-02-26,RELIANCE,Energy,3050.64,3070.69,2979.77,3022.71,1052653,0.039,2025-02,2025,Feb,2025-02-01
2025-02-27,RELIANCE,Energy,3023.38,3052.23,3008.82,3019.44,1944632,-0.108,2025-02,2025,Feb,2025-02-01
2025-02-28,RELIANCE,Energy,3016.35,3049.72,2966.5,3025.21,7934234,0.191,2025-02,2025,Feb,2025-02-01
2025-03-03,RELIANCE,Energy,3041.21,3057.56,3000.4,3030.11,5367345,0.162,2025-03,2025,Mar,2025-03-01
2025-03-04,RELIANCE,Energy,3028.77,3059.02,3008.42,3030.1,6432444,-0.0,2025-03,2025,Mar,2025-03-01
2025-03-05,RELIANCE,Energy,3024.32,3038.22,3013.22,3027.38,2928212,-0.09,2025-03,2025,Mar,2025-03-01
2025-03-06,RELIANCE,Energy,3038.02,3059.24,3027.57,3031.21,7550469,0.127,2025-03,2025,Mar,2025-03-01
2025-03-07,RELIANCE,Energy,3017.38,3065.26,3001.65,3033.06,2232186,0.061,2025-03,2025,Mar,2025-03-01
2025-03-10,RELIANCE,Energy,3030.24,3054.57,2975.93,3025.97,7296583,-0.234,2025-03,2025,Mar,2025-03-01
2025-03-11,RELIANCE,Energy,3049.56,3095.32,2982.36,3026.4,1021718,0.014,2025-03,2025,Mar,2025-03-01
2025-03-12,RELIANCE,Energy,3034.27,3050.54,2975.66,3028.62,947189,0.073,2025-03,2025,Mar,2025-03-01
2025-03-13,RELIANCE,Energy,3019.95,3077.39,3011.75,3024.5,1368060,-0.136,2025-03,2025,Mar,2025-03-01
2025-03-14,RELIANCE,Energy,3020.16,3069.7,2986.74,3026.3,6501300,0.06,2025-03,2025,Mar,2025-03-01
2025-03-17,RELIANCE,Energy,3014.19,3071.83,2998.0,3019.15,2653980,-0.236,2025-03,2025,Mar,2025-03-01
2025-03-18,RELIANCE,Energy,3024.09,3073.32,2993.15,3027.17,4048249,0.266,2025-03,2025,Mar,2025-03-01
2025-03-19,RELIANCE,Energy,3030.13,3045.08,3010.59,3034.72,4193453,0.249,2025-03,2025,Mar,2025-03-01
2025-03-20,RELIANCE,Energy,3045.19,3075.49,3016.42,3034.07,6484819,-0.021,2025-03,2025,Mar,2025-03-01
2025-03-21,RELIANCE,Energy,3015.73,3048.59,2983.29,3036.78,3310884,0.089,2025-03,2025,Mar,2025-03-01
2025-03-24,RELIANCE,Energy,3034.78,3080.03,3011.9,3024.35,848353,-0.409,2025-03,2025,Mar,2025-03-01
2025-03-25,RELIANCE,Energy,3014.18,3051.76,2987.13,3018.77,3582634,-0.185,2025-03,2025,Mar,2025-03-01
2025-03-26,RELIANCE,Energy,3022.42,3038.97,2981.46,3017.87,2875034,-0.03,2025-03,2025,Mar,2025-03-01
2025-03-27,RELIANCE,Energy,2999.15,3063.36,2989.62,3012.73,6062333,-0.17,2025-03,2025,Mar,2025-03-01
2025-03-28,RELIANCE,Energy,3033.33,3042.3,2966.54,3017.29,6209531,0.151,2025-03,2025,Mar,2025-03-01
2025-03-31,RELIANCE,Energy,3043.93,3076.15,2999.77,3028.83,1462095,0.382,2025-03,2025,Mar,2025-03-01
2025-04-01,RELIANCE,Energy,3034.7,3074.93,2977.95,3023.09,6509749,-0.19,2025-04,2025,Apr,2025-04-01
2025-04-02,RELIANCE,Energy,3000.91,3025.24,2964.55,3019.2,1307541,-0.129,2025-04,2025,Apr,2025-04-01
2025-04-03,RELIANCE,Energy,3031.16,3064.99,2981.65,3021.14,5261945,0.064,2025-04,2025,Apr,2025-04-01
2025-04-04,RELIANCE,Energy,3035.47,3080.61,2990.64,3030.56,3602841,0.312,2025-04,2025,Apr,2025-04-01
2025-04-07,RELIANCE,Energy,3005.13,3031.04,2957.41,3024.55,2969044,-0.198,2025-04,2025,Apr,2025-04-01
2025-04-08,RELIANCE,Energy,3026.25,3055.92,2991.65,3026.54,4278940,0.066,2025-04,2025,Apr,2025-04-01
2025-04-09,RELIANCE,Energy,3041.55,3057.96,3019.72,3037.12,3034610,0.35,2025-04,2025,Apr,2025-04-01
2025-04-10,RELIANCE,Energy,3035.47,3072.71,3020.58,3028.73,6515818,-0.276,2025-04,2025,Apr,2025-04-01
2025-04-11,RELIANCE,Energy,3024.52,3033.65,2988.21,3022.38,7760700,-0.21,2025-04,2025,Apr,2025-04-01
2025-04-14,RELIANCE,Energy,3024.22,3075.42,3014.27,3020.7,6673754,-0.056,2025-04,2025,Apr,2025-04-01
2025-04-15,RELIANCE,Energy,3036.28,3085.5,3003.09,3018.49,3962327,-0.073,2025-04,2025,Apr,2025-04-01
2025-04-16,RELIANCE,Energy,3038.35,3050.99,3017.38,3023.52,4423653,0.167,2025-04,2025,Apr,2025-04-01
2025-04-17,RELIANCE,Energy,2990.75,3045.1,2959.86,3025.45,4019303,0.064,2025-04,2025,Apr,2025-04-01
2025-04-18,RELIANCE,Energy,3012.58,3049.56,3001.36,3016.41,6513492,-0.299,2025-04,2025,Apr,2025-04-01
2025-04-21,RELIANCE,Energy,3017.83,3059.7,2983.5,3019.82,4776795,0.113,2025-04,2025,Apr,2025-04-01
2025-04-22,RELIANCE,Energy,2996.14,3043.01,2952.86,3017.29,4170500,-0.084,2025-04,2025,Apr,2025-04-01
2025-04-23,RELIANCE,Energy,3025.96,3037.03,2979.53,3024.82,3748416,0.25,2025-04,2025,Apr,2025-04-01
2025-04-24,RELIANCE,Energy,3037.11,3045.52,3003.09,3022.01,3500327,-0.093,2025-04,2025,Apr,2025-04-01
2025-04-25,RELIANCE,Energy,3006.03,3073.49,2974.97,3019.15,4779235,-0.095,2025-04,2025,Apr,2025-04-01
2025-04-28,RELIANCE,Energy,3026.77,3053.23,2990.75,3022.7,5760766,0.118,2025-04,2025,Apr,2025-04-01
2025-04-29,RELIANCE,Energy,3016.37,3075.39,2989.11,3027.46,3912815,0.157,2025-04,2025,Apr,2025-04-01
2025-04-30,RELIANCE,Energy,3022.37,3058.39,2985.68,3030.51,6607961,0.101,2025-04,2025,Apr,2025-04-01
2025-05-01,RELIANCE,Energy,3039.79,3090.5,3008.12,3021.94,6752347,-0.283,2025-05,2025,May,2025-05-01
2025-05-02,RELIANCE,Energy,3018.91,3033.01,2965.63,3025.47,3889364,0.117,2025-05,2025,May,2025-05-01
2025-05-05,RELIANCE,Energy,3026.04,3034.93,3012.4,3020.45,7345167,-0.166,2025-05,2025,May,2025-05-01
2025-05-06,RELIANCE,Energy,2999.72,3073.13,2954.44,3022.35,2045898,0.063,2025-05,2025,May,2025-05-01
2025-05-07,RELIANCE,Energy,3037.68,3089.65,2981.75,3015.22,7511193,-0.236,2025-05,2025,May,2025-05-01
2025-05-08,RELIANCE,Energy,3025.54,3044.75,3002.68,3018.26,2917520,0.101,2025-05,2025,May,2025-05-01
2025-05-09,RELIANCE,Energy,3012.3,3035.72,2971.1,3014.5,4862932,-0.125,2025-05,2025,May,2025-05-01
2025-05-12,RELIANCE,Energy,3015.1,3041.3,3000.84,3008.17,2841807,-0.21,2025-05,2025,May,2025-05-01
2025-05-13,RELIANCE,Energy,2995.67,3036.99,2953.24,3012.66,3983469,0.149,2025-05,2025,May,2025-05-01
2025-05-14,RELIANCE,Energy,3028.86,3041.68,2981.35,3014.6,3248443,0.064,2025-05,2025,May,2025-05-01
2025-05-15,RELIANCE,Energy,3008.01,3060.92,2999.33,3011.91,5877728,-0.089,2025-05,2025,May,2025-05-01
2025-05-16,RELIANCE,Energy,3017.96,3036.45,3010.87,3020.43,1384565,0.283,2025-05,2025,May,2025-05-01
2025-05-19,RELIANCE,Energy,3012.74,3057.89,2971.27,3018.68,6835929,-0.058,2025-05,2025,May,2025-05-01
2025-05-20,RELIANCE,Energy,3012.49,3025.97,2994.48,3019.51,7307687,0.027,2025-05,2025,May,2025-05-01
2025-05-21,RELIANCE,Energy,3030.02,3035.05,2972.92,3021.63,4853472,0.07,2025-05,2025,May,2025-05-01
2025-05-22,RELIANCE,Energy,3022.01,3058.62,2976.79,3018.92,4740378,-0.09,2025-05,2025,May,2025-05-01
2025-05-23,RELIANCE,Energy,3030.03,3050.52,2983.26,3022.15,5839863,0.107,2025-05,2025,May,2025-05-01
2025-05-26,RELIANCE,Energy,3019.82,3056.6,3002.5,3019.93,2233334,-0.073,2025-05,2025,May,2025-05-01
2025-05-27,RELIANCE,Energy,3024.57,3032.43,2978.98,3018.38,6198051,-0.051,2025-05,2025,May,2025-05-01
2025-05-28,RELIANCE,Energy,3021.41,3078.38,2969.69,3026.48,2374445,0.268,2025-05,2025,May,2025-05-01
2025-05-29,RELIANCE,Energy,3048.47,3090.31,3013.8,3021.52,5670035,-0.164,2025-05,2025,May,2025-05-01
2025-05-30,RELIANCE,Energy,2990.26,3056.97,2970.69,3009.13,3000161,-0.41,2025-05,2025,May,2025-05-01
2025-06-02,RELIANCE,Energy,3033.81,3043.88,3003.53,3018.59,6172161,0.314,2025-06,2025,Jun,2025-06-01
2025-06-03,RELIANCE,Energy,3049.8,3069.45,3009.89,3033.2,6495612,0.484,2025-06,2025,Jun,2025-06-01
2025-06-04,RELIANCE,Energy,3021.39,3053.74,2980.24,3031.72,2302246,-0.049,2025-06,2025,Jun,2025-06-01
2025-06-05,RELIANCE,Energy,3048.86,3079.76,2994.53,3021.92,5245529,-0.323,2025-06,2025,Jun,2025-06-01
2025-06-06,RELIANCE,Energy,3033.01,3051.35,2988.65,3020.98,4388296,-0.031,2025-06,2025,Jun,2025-06-01
2025-06-09,RELIANCE,Energy,3031.92,3038.08,3001.04,3020.19,2917089,-0.026,2025-06,2025,Jun,2025-06-01
2025-06-10,RELIANCE,Energy,3020.27,3042.23,3009.66,3019.93,5035533,-0.009,2025-06,2025,Jun,2025-06-01
2025-06-11,RELIANCE,Energy,3012.05,3030.73,2995.37,3014.67,7947177,-0.174,2025-06,2025,Jun,2025-06-01
2025-06-12,RELIANCE,Energy,3016.08,3041.43,2968.98,3018.6,817841,0.13,2025-06,2025,Jun,2025-06-01
2025-06-13,RELIANCE,Energy,3026.98,3040.14,2988.29,3022.26,7689508,0.121,2025-06,2025,Jun,2025-06-01
2025-06-16,RELIANCE,Energy,3031.85,3048.38,2992.57,3014.96,6962930,-0.242,2025-06,2025,Jun,2025-06-01
2025-06-17,RELIANCE,Energy,3021.77,3057.0,2976.01,3019.58,4611490,0.153,2025-06,2025,Jun,2025-06-01
2025-06-18,RELIANCE,Energy,3020.54,3054.63,3014.21,3031.6,5192176,0.398,2025-06,2025,Jun,2025-06-01
2025-06-19,RELIANCE,Energy,3043.39,3064.3,3017.26,3033.39,3458176,0.059,2025-06,2025,Jun,2025-06-01
2025-06-20,RELIANCE,Energy,3043.58,3074.25,3017.51,3032.41,1729781,-0.032,2025-06,2025,Jun,2025-06-01
2025-06-23,RELIANCE,Energy,3040.45,3083.39,2978.68,3032.51,4914628,0.003,2025-06,2025,Jun,2025-06-01
2025-06-24,RELIANCE,Energy,3045.81,3068.48,2997.27,3036.76,6677770,0.14,2025-06,2025,Jun,2025-06-01
2025-06-25,RELIANCE,Energy,3024.93,3061.48,2990.13,3028.21,2463983,-0.282,2025-06,2025,Jun,2025-06-01
2025-06-26,RELIANCE,Energy,3018.76,3082.82,3015.48,3030.02,5962810,0.06,2025-06,2025,Jun,2025-06-01
2025-06-27,RELIANCE,Energy,3018.29,3058.72,3005.82,3028.81,6185974,-0.04,2025-06,2025,Jun,2025-06-01
2025-06-30,RELIANCE,Energy,3019.95,3089.9,2984.31,3039.84,6259756,0.364,2025-06,2025,Jun,2025-06-01
2025-07-01,RELIANCE,Energy,3042.72,3086.82,3017.18,3039.84,3248000,0.0,2025-07,2025,Jul,2025-07-01
2025-07-02,RELIANCE,Energy,3048.93,3056.04,2997.97,3049.95,3622705,0.333,2025-07,2025,Jul,2025-07-01
2025-07-03,RELIANCE,Energy,3039.51,3070.13,2996.96,3044.87,3796727,-0.167,2025-07,2025,Jul,2025-07-01
2025-07-04,RELIANCE,Energy,3013.04,3088.33,2987.11,3049.08,6950258,0.138,2025-07,2025,Jul,2025-07-01
2025-07-07,RELIANCE,Energy,3036.62,3106.09,2994.89,3051.84,7283239,0.091,2025-07,2025,Jul,2025-07-01
2025-07-08,RELIANCE,Energy,3061.76,3088.68,2994.5,3048.09,3780998,-0.123,2025-07,2025,Jul,2025-07-01
2025-07-09,RELIANCE,Energy,3041.99,3057.96,3015.11,3050.1,7783835,0.066,2025-07,2025,Jul,2025-07-01
2025-07-10,RELIANCE,Energy,3062.22,3094.54,3021.35,3057.81,4907665,0.253,2025-07,2025,Jul,2025-07-01
2025-07-11,RELIANCE,Energy,3040.08,3066.72,2989.56,3057.09,3572416,-0.024,2025-07,2025,Jul,2025-07-01
2025-07-14,RELIANCE,Energy,3066.41,3108.65,3032.92,3048.86,804624,-0.269,2025-07,2025,Jul,2025-07-01
2025-07-15,RELIANCE,Energy,3048.09,3079.22,2999.1,3049.85,5199746,0.032,2025-07,2025,Jul,2025-07-01
2025-07-16,RELIANCE,Energy,3049.53,3090.08,3037.9,3045.99,5443086,-0.127,2025-07,2025,Jul,2025-07-01
2025-07-17,RELIANCE,Energy,3073.56,3122.05,3008.61,3045.22,7772354,-0.025,2025-07,2025,Jul,2025-07-01
2025-07-18,RELIANCE,Energy,3064.37,3100.2,3002.32,3045.9,5970865,0.022,2025-07,2025,Jul,2025-07-01
2025-07-21,RELIANCE,Energy,3033.97,3072.36,2999.23,3037.69,1013654,-0.27,2025-07,2025,Jul,2025-07-01
2025-07-22,RELIANCE,Energy,3022.82,3071.91,2994.34,3030.01,4883187,-0.253,2025-07,2025,Jul,2025-07-01
2025-07-23,RELIANCE,Energy,3029.85,3080.28,2995.02,3033.8,6148005,0.125,2025-07,2025,Jul,2025-07-01
2025-07-24,RELIANCE,Energy,3038.3,3086.22,3021.26,3032.11,4375223,-0.056,2025-07,2025,Jul,2025-07-01
2025-07-25,RELIANCE,Energy,3018.05,3024.21,3003.97,3019.32,3891328,-0.422,2025-07,2025,Jul,2025-07-01
2025-07-28,RELIANCE,Energy,3020.0,3056.41,3003.12,3024.78,6631542,0.181,2025-07,2025,Jul,2025-07-01
2025-07-29,RELIANCE,Energy,3045.23,3059.48,2993.67,3027.47,5201876,0.089,2025-07,2025,Jul,2025-07-01
2025-07-30,RELIANCE,Energy,3023.41,3072.06,2997.68,3024.79,5705883,-0.089,2025-07,2025,Jul,2025-07-01
2025-07-31,RELIANCE,Energy,3046.62,3083.25,3003.29,3018.86,4141549,-0.196,2025-07,2025,Jul,2025-07-01
2025-08-01,RELIANCE,Energy,3025.74,3050.38,2976.22,3024.64,2802133,0.191,2025-08,2025,Aug,2025-08-01
2025-08-04,RELIANCE,Energy,3049.42,3062.22,3005.52,3027.79,4537455,0.104,2025-08,2025,Aug,2025-08-01
2025-08-05,RELIANCE,Energy,3046.42,3067.03,3015.97,3042.08,7705328,0.472,2025-08,2025,Aug,2025-08-01
2025-08-06,RELIANCE,Energy,3057.39,3097.03,3021.4,3045.66,5139224,0.118,2025-08,2025,Aug,2025-08-01
2025-08-07,RELIANCE,Energy,3040.24,3062.72,3027.8,3049.08,5892323,0.112,2025-08,2025,Aug,2025-08-01
2025-08-08,RELIANCE,Energy,3039.06,3057.37,2998.22,3049.47,1693757,0.013,2025-08,2025,Aug,2025-08-01
2025-08-11,RELIANCE,Energy,3060.9,3110.17,3028.93,3055.28,7913160,0.191,2025-08,2025,Aug,2025-08-01
2025-08-12,RELIANCE,Energy,3072.15,3115.13,3056.14,3060.05,2561858,0.156,2025-08,2025,Aug,2025-08-01
2025-08-13,RELIANCE,Energy,3068.79,3082.29,3014.95,3068.3,7793081,0.27,2025-08,2025,Aug,2025-08-01
2025-08-14,RELIANCE,Energy,3051.0,3085.08,3005.64,3066.78,4009482,-0.05,2025-08,2025,Aug,2025-08-01
2025-08-15,RELIANCE,Energy,3049.06,3119.47,3008.51,3065.74,7416150,-0.034,2025-08,2025,Aug,2025-08-01
2025-08-18,RELIANCE,Energy,3046.98,3104.43,2998.92,3064.48,7221047,-0.041,2025-08,2025,Aug,2025-08-01
2025-08-19,RELIANCE,Energy,3048.52,3105.16,2998.48,3070.23,6238675,0.188,2025-08,2025,Aug,2025-08-01
2025-08-20,RELIANCE,Energy,3081.27,3100.47,3059.17,3079.92,7398135,0.316,2025-08,2025,Aug,2025-08-01
2025-08-21,RELIANCE,Energy,3092.65,3111.47,3043.74,3078.79,5187891,-0.037,2025-08,2025,Aug,2025-08-01
2025-08-22,RELIANCE,Energy,3077.69,3083.0,3042.76,3077.86,6911176,-0.03,2025-08,2025,Aug,2025-08-01
2025-08-25,RELIANCE,Energy,3053.17,3122.26,3036.24,3081.03,2039628,0.103,2025-08,2025,Aug,2025-08-01
2025-08-26,RELIANCE,Energy,3078.75,3086.45,3064.06,3081.1,1306046,0.002,2025-08,2025,Aug,2025-08-01
2025-08-27,RELIANCE,Energy,3085.83,3091.18,3076.77,3087.84,4712130,0.219,2025-08,2025,Aug,2025-08-01
2025-08-28,RELIANCE,Energy,3102.6,3144.17,3039.24,3076.8,6630901,-0.358,2025-08,2025,Aug,2025-08-01
2025-08-29,RELIANCE,Energy,3055.77,3126.34,3012.14,3073.68,6310710,-0.101,2025-08,2025,Aug,2025-08-01
2025-09-01,RELIANCE,Energy,3066.02,3113.38,3023.29,3070.82,4600847,-0.093,2025-09,2025,Sep,2025-09-01
2025-09-02,RELIANCE,Energy,3080.36,3108.14,3039.98,3059.49,4550171,-0.369,2025-09,2025,Sep,2025-09-01
2025-09-03,RELIANCE,Energy,3061.15,3089.51,3041.94,3055.65,5190882,-0.126,2025-09,2025,Sep,2025-09-01
2025-09-04,RELIANCE,Energy,3058.98,3084.72,3025.51,3052.1,7051321,-0.116,2025-09,2025,Sep,2025-09-01
2025-09-05,RELIANCE,Energy,3053.87,3073.78,3021.05,3052.48,6861082,0.012,2025-09,2025,Sep,2025-09-01
2025-09-08,RELIANCE,Energy,3064.13,3094.37,3009.21,3060.09,1589522,0.249,2025-09,2025,Sep,2025-09-01
2025-09-09,RELIANCE,Energy,3069.75,3095.32,3011.66,3060.23,5089336,0.005,2025-09,2025,Sep,2025-09-01
2025-09-10,RELIANCE,Energy,3046.16,3090.19,2995.68,3056.06,3542770,-0.136,2025-09,2025,Sep,2025-09-01
2025-09-11,RELIANCE,Energy,3067.98,3117.89,3010.0,3057.25,6555768,0.039,2025-09,2025,Sep,2025-09-01
2025-09-12,RELIANCE,Energy,3047.71,3119.44,2994.68,3064.54,4442943,0.238,2025-09,2025,Sep,2025-09-01
2025-09-15,RELIANCE,Energy,3064.69,3071.86,3033.39,3060.67,7937671,-0.126,2025-09,2025,Sep,2025-09-01
2025-09-16,RELIANCE,Energy,3059.36,3082.42,3051.65,3057.17,3912742,-0.114,2025-09,2025,Sep,2025-09-01
2025-09-17,RELIANCE,Energy,3054.22,3074.23,3046.83,3061.77,5689598,0.15,2025-09,2025,Sep,2025-09-01
2025-09-18,RELIANCE,Energy,3061.79,3083.46,3038.41,3062.07,1581823,0.01,2025-09,2025,Sep,2025-09-01
2025-09-19,RELIANCE,Energy,3059.53,3085.22,3043.07,3067.17,7512993,0.167,2025-09,2025,Sep,2025-09-01
2025-09-22,RELIANCE,Energy,3055.47,3080.79,3043.58,3068.62,1905403,0.047,2025-09,2025,Sep,2025-09-01
2025-09-23,RELIANCE,Energy,3069.68,3117.04,3016.87,3074.03,3524276,0.176,2025-09,2025,Sep,2025-09-01
2025-09-24,RELIANCE,Energy,3056.29,3098.81,3043.08,3069.84,6830844,-0.136,2025-09,2025,Sep,2025-09-01
2025-09-25,RELIANCE,Energy,3075.28,3126.41,3018.15,3071.31,7765417,0.048,2025-09,2025,Sep,2025-09-01
2025-09-26,RELIANCE,Energy,3057.55,3076.46,3014.95,3071.68,4287566,0.012,2025-09,2025,Sep,2025-09-01
2025-09-29,RELIANCE,Energy,3075.23,3081.81,3030.02,3066.5,4289991,-0.169,2025-09,2025,Sep,2025-09-01
2025-09-30,RELIANCE,Energy,3044.95,3083.44,3006.91,3059.41,1150801,-0.231,2025-09,2025,Sep,2025-09-01
2025-10-01,RELIANCE,Energy,3057.78,3071.97,3037.49,3064.72,7847886,0.174,2025-10,2025,Oct,2025-10-01
2025-10-02,RELIANCE,Energy,3056.66,3081.07,3020.01,3064.31,918737,-0.013,2025-10,2025,Oct,2025-10-01
2025-10-03,RELIANCE,Energy,3076.43,3131.07,3047.43,3060.21,987819,-0.134,2025-10,2025,Oct,2025-10-01
2025-10-06,RELIANCE,Energy,3065.25,3079.2,3009.34,3061.2,4209022,0.032,2025-10,2025,Oct,2025-10-01
2025-10-07,RELIANCE,Energy,3066.35,3082.36,3047.55,3068.95,826158,0.253,2025-10,2025,Oct,2025-10-01
2025-10-08,RELIANCE,Energy,3064.0,3096.94,3041.57,3057.9,1983526,-0.36,2025-10,2025,Oct,2025-10-01
2025-10-09,RELIANCE,Energy,3025.46,3080.06,2985.86,3051.18,5319583,-0.22,2025-10,2025,Oct,2025-10-01
2025-10-10,RELIANCE,Energy,3047.1,3080.75,3010.05,3047.63,5876906,-0.116,2025-10,2025,Oct,2025-10-01
2025-10-13,RELIANCE,Energy,3081.59,3104.4,3030.65,3057.16,2946848,0.313,2025-10,2025,Oct,2025-10-01
2025-10-14,RELIANCE,Energy,3061.84,3107.94,3024.26,3060.22,6526328,0.1,2025-10,2025,Oct,2025-10-01
2025-10-15,RELIANCE,Energy,3066.79,3077.08,3054.58,3065.96,5175550,0.188,2025-10,2025,Oct,2025-10-01
2025-10-16,RELIANCE,Energy,3067.88,3093.29,3023.07,3061.17,2443736,-0.156,2025-10,2025,Oct,2025-10-01
2025-10-17,RELIANCE,Energy,3067.44,3106.48,3039.38,3056.5,5929590,-0.153,2025-10,2025,Oct,2025-10-01
2025-10-20,RELIANCE,Energy,3035.99,3108.68,3018.88,3060.45,5063674,0.129,2025-10,2025,Oct,2025-10-01
2025-10-21,RELIANCE,Energy,3041.64,3084.55,3030.22,3062.25,6647210,0.059,2025-10,2025,Oct,2025-10-01
2025-10-22,RELIANCE,Energy,3069.33,3102.03,3046.36,3066.75,1912001,0.147,2025-10,2025,Oct,2025-10-01
2025-10-23,RELIANCE,Energy,3058.42,3073.86,3038.14,3067.19,2462154,0.014,2025-10,2025,Oct,2025-10-01
2025-10-24,RELIANCE,Energy,3086.31,3098.33,3043.42,3070.19,2985795,0.098,2025-10,2025,Oct,2025-10-01
2025-10-27,RELIANCE,Energy,3068.65,3079.21,3055.65,3072.53,3258187,0.076,2025-10,2025,Oct,2025-10-01
2025-10-28,RELIANCE,Energy,3054.47,3119.46,3041.39,3078.29,7199327,0.187,2025-10,2025,Oct,2025-10-01
2025-10-29,RELIANCE,Energy,3068.57,3102.4,3037.24,3084.21,6074298,0.192,2025-10,2025,Oct,2025-10-01
2025-10-30,RELIANCE,Energy,3042.83,3117.6,3033.12,3076.67,4717506,-0.244,2025-10,2025,Oct,2025-10-01
2025-10-31,RELIANCE,Energy,3062.81,3072.21,3023.88,3065.68,4691267,-0.357,2025-10,2025,Oct,2025-10-01
2025-11-03,RELIANCE,Energy,3070.32,3120.76,3017.98,3072.63,7178398,0.227,2025-11,2025,Nov,2025-11-01
2025-11-04,RELIANCE,Energy,3075.39,3127.46,3050.0,3080.62,4016922,0.26,2025-11,2025,Nov,2025-11-01
2025-11-05,RELIANCE,Energy,3089.65,3097.41,3026.17,3076.37,2421784,-0.138,2025-11,2025,Nov,2025-11-01
2025-11-06,RELIANCE,Energy,3082.19,3086.52,3059.29,3067.48,1785673,-0.289,2025-11,2025,Nov,2025-11-01
2025-11-07,RELIANCE,Energy,3067.32,3075.42,3062.01,3069.41,3176175,0.063,2025-11,2025,Nov,2025-11-01
2025-11-10,RELIANCE,Energy,3049.67,3123.65,3009.22,3075.94,5503712,0.213,2025-11,2025,Nov,2025-11-01
2025-11-11,RELIANCE,Energy,3094.9,3110.34,3044.25,3087.28,4190855,0.369,2025-11,2025,Nov,2025-11-01
2025-11-12,RELIANCE,Energy,3098.37,3130.35,3044.11,3091.51,3836834,0.137,2025-11,2025,Nov,2025-11-01
2025-11-13,RELIANCE,Energy,3094.62,3120.13,3084.71,3090.79,4256576,-0.023,2025-11,2025,Nov,2025-11-01
2025-11-14,RELIANCE,Energy,3099.28,3144.3,3043.3,3087.16,7819098,-0.117,2025-11,2025,Nov,2025-11-01
2025-11-17,RELIANCE,Energy,3074.16,3117.31,3051.41,3088.56,7983065,0.045,2025-11,2025,Nov,2025-11-01
2025-11-18,RELIANCE,Energy,3113.02,3142.63,3069.19,3088.21,1961305,-0.011,2025-11,2025,Nov,2025-11-01
2025-11-19,RELIANCE,Energy,3072.04,3138.81,3059.93,3083.87,1624006,-0.141,2025-11,2025,Nov,2025-11-01
2025-11-20,RELIANCE,Energy,3105.84,3116.88,3041.04,3096.56,2559020,0.411,2025-11,2025,Nov,2025-11-01
2025-11-21,RELIANCE,Energy,3086.84,3154.82,3080.42,3107.82,6934148,0.364,2025-11,2025,Nov,2025-11-01
2025-11-24,RELIANCE,Energy,3103.87,3121.32,3057.13,3115.46,4108509,0.246,2025-11,2025,Nov,2025-11-01
2025-11-25,RELIANCE,Energy,3130.44,3158.99,3074.63,3111.57,7018510,-0.125,2025-11,2025,Nov,2025-11-01
2025-11-26,RELIANCE,Energy,3114.36,3167.71,3072.33,3117.62,5456607,0.194,2025-11,2025,Nov,2025-11-01
2025-11-27,RELIANCE,Energy,3132.95,3171.51,3081.55,3122.46,4783030,0.155,2025-11,2025,Nov,2025-11-01
2025-11-28,RELIANCE,Energy,3129.14,3168.72,3077.43,3126.18,2826907,0.119,2025-11,2025,Nov,2025-11-01
2025-12-01,RELIANCE,Energy,3133.13,3151.61,3120.21,3134.44,3277067,0.264,2025-12,2025,Dec,2025-12-01
2025-12-02,RELIANCE,Energy,3156.37,3181.99,3136.06,3139.25,1863567,0.153,2025-12,2025,Dec,2025-12-01
2025-12-03,RELIANCE,Energy,3141.66,3167.37,3106.55,3144.63,4538427,0.171,2025-12,2025,Dec,2025-12-01
2025-12-04,RELIANCE,Energy,3127.0,3180.5,3105.06,3149.43,2818690,0.153,2025-12,2025,Dec,2025-12-01
2025-12-05,RELIANCE,Energy,3142.42,3180.47,3132.66,3152.54,2905767,0.099,2025-12,2025,Dec,2025-12-01
2025-12-08,RELIANCE,Energy,3150.53,3171.19,3130.51,3143.6,1084737,-0.284,2025-12,2025,Dec,2025-12-01
2025-12-09,RELIANCE,Energy,3150.2,3169.71,3124.34,3145.23,6553573,0.052,2025-12,2025,Dec,2025-12-01
2025-12-10,RELIANCE,Energy,3123.51,3159.76,3116.66,3143.21,7562682,-0.064,2025-12,2025,Dec,2025-12-01
2025-12-11,RELIANCE,Energy,3128.01,3159.71,3121.86,3137.1,4387609,-0.194,2025-12,2025,Dec,2025-12-01
2025-12-12,RELIANCE,Energy,3140.4,3158.9,3088.36,3147.72,4659432,0.339,2025-12,2025,Dec,2025-12-01
2025-12-15,RELIANCE,Energy,3154.02,3208.63,3134.13,3158.64,7466063,0.347,2025-12,2025,Dec,2025-12-01
2025-12-16,RELIANCE,Energy,3150.03,3203.06,3094.28,3167.47,4482675,0.28,2025-12,2025,Dec,2025-12-01
2025-12-17,RELIANCE,Energy,3162.03,3180.38,3107.03,3170.0,5283377,0.08,2025-12,2025,Dec,2025-12-01
2025-12-18,RELIANCE,Energy,3169.52,3219.46,3158.67,3178.78,3882286,0.277,2025-12,2025,Dec,2025-12-01
2025-12-19,RELIANCE,Energy,3189.72,3238.87,3138.08,3179.91,4503099,0.036,2025-12,2025,Dec,2025-12-01
2025-12-22,RELIANCE,Energy,3192.41,3208.49,3146.42,3182.11,4557422,0.069,2025-12,2025,Dec,2025-12-01
2025-12-23,RELIANCE,Energy,3175.02,3188.19,3134.57,3176.88,5919699,-0.164,2025-12,2025,Dec,2025-12-01
2025-12-24,RELIANCE,Energy,3175.18,3183.81,3166.81,3180.16,5150149,0.103,2025-12,2025,Dec,2025-12-01
2025-12-25,RELIANCE,Energy,3183.29,3189.03,3168.13,3181.51,4428317,0.042,2025-12,2025,Dec,2025-12-01
2025-12-26,RELIANCE,Energy,3164.67,3219.36,3157.39,3175.04,1346059,-0.203,2025-12,2025,Dec,2025-12-01
2025-12-29,RELIANCE,Energy,3161.16,3232.2,3125.53,3175.72,7312445,0.021,2025-12,2025,Dec,2025-12-01
2025-12-30,RELIANCE,Energy,3164.28,3181.83,3108.05,3176.23,7195606,0.016,2025-12,2025,Dec,2025-12-01
2025-12-31,RELIANCE,Energy,3179.38,3231.2,3139.88,3187.47,2128010,0.354,2025-12,2025,Dec,2025-12-01
2023-01-02,TCS,IT,3299.99,3344.78,3272.56,3306.31,7398938,,2023-01,2023,Jan,2023-01-01
2023-01-03,TCS,IT,3303.82,3364.91,3264.51,3314.42,5097233,0.245,2023-01,2023,Jan,2023-01-01
2023-01-04,TCS,IT,3324.8,3330.77,3286.11,3320.25,2377475,0.176,2023-01,2023,Jan,2023-01-01
2023-01-05,TCS,IT,3342.62,3355.87,3319.62,3327.21,6506082,0.21,2023-01,2023,Jan,2023-01-01
2023-01-06,TCS,IT,3329.88,3338.41,3288.73,3332.33,3634501,0.154,2023-01,2023,Jan,2023-01-01
2023-01-09,TCS,IT,3318.03,3349.21,3297.29,3334.99,3189637,0.08,2023-01,2023,Jan,2023-01-01
2023-01-10,TCS,IT,3322.27,3340.3,3318.13,3336.72,2886604,0.052,2023-01,2023,Jan,2023-01-01
2023-01-11,TCS,IT,3341.99,3373.97,3324.56,3336.72,5109702,0.0,2023-01,2023,Jan,2023-01-01
2023-01-12,TCS,IT,3356.11,3389.6,3300.02,3331.53,1768700,-0.156,2023-01,2023,Jan,2023-01-01
2023-01-13,TCS,IT,3332.98,3373.58,3306.85,3327.73,3407282,-0.114,2023-01,2023,Jan,2023-01-01
2023-01-16,TCS,IT,3322.39,3352.64,3279.85,3327.54,2996562,-0.006,2023-01,2023,Jan,2023-01-01
2023-01-17,TCS,IT,3340.35,3343.87,3313.19,3330.14,1236427,0.078,2023-01,2023,Jan,2023-01-01
2023-01-18,TCS,IT,3335.97,3380.76,3288.81,3339.17,6294723,0.271,2023-01,2023,Jan,2023-01-01
2023-01-19,TCS,IT,3335.24,3346.72,3315.66,3340.29,860922,0.034,2023-01,2023,Jan,2023-01-01
2023-01-20,TCS,IT,3334.2,3399.66,3295.67,3347.03,7709993,0.202,2023-01,2023,Jan,2023-01-01
2023-01-23,TCS,IT,3373.09,3377.76,3305.27,3354.2,1483006,0.214,2023-01,2023,Jan,2023-01-01
2023-01-24,TCS,IT,3320.28,3387.95,3295.2,3354.35,3379293,0.004,2023-01,2023,Jan,2023-01-01
2023-01-25,TCS,IT,3369.67,3424.31,3352.92,3358.95,1508549,0.137,2023-01,2023,Jan,2023-01-01
2023-01-26,TCS,IT,3352.84,3395.12,3318.96,3359.07,3441508,0.004,2023-01,2023,Jan,2023-01-01
2023-01-27,TCS,IT,3362.09,3405.82,3301.84,3367.62,5198406,0.255,2023-01,2023,Jan,2023-01-01
2023-01-30,TCS,IT,3395.33,3438.07,3313.57,3372.5,1429863,0.145,2023-01,2023,Jan,2023-01-01
2023-01-31,TCS,IT,3357.93,3377.92,3341.95,3367.55,4586229,-0.147,2023-01,2023,Jan,2023-01-01
2023-02-01,TCS,IT,3360.73,3411.93,3314.19,3369.89,6357511,0.069,2023-02,2023,Feb,2023-02-01
2023-02-02,TCS,IT,3378.52,3434.26,3355.33,3380.29,4079335,0.309,2023-02,2023,Feb,2023-02-01
2023-02-03,TCS,IT,3386.41,3445.88,3368.22,3380.81,1609608,0.015,2023-02,2023,Feb,2023-02-01
2023-02-06,TCS,IT,3378.77,3413.63,3337.14,3384.75,5781834,0.117,2023-02,2023,Feb,2023-02-01
2023-02-07,TCS,IT,3367.9,3412.47,3335.85,3389.24,2142665,0.133,2023-02,2023,Feb,2023-02-01
2023-02-08,TCS,IT,3373.44,3431.89,3339.14,3385.16,921148,-0.12,2023-02,2023,Feb,2023-02-01
2023-02-09,TCS,IT,3406.85,3441.7,3338.41,3389.48,3944874,0.128,2023-02,2023,Feb,2023-02-01
2023-02-10,TCS,IT,3384.5,3402.68,3360.74,3383.48,2751081,-0.177,2023-02,2023,Feb,2023-02-01
2023-02-13,TCS,IT,3387.77,3401.07,3339.93,3381.66,1005042,-0.054,2023-02,2023,Feb,2023-02-01
2023-02-14,TCS,IT,3385.53,3402.27,3361.06,3389.07,6397227,0.219,2023-02,2023,Feb,2023-02-01
2023-02-15,TCS,IT,3383.65,3422.47,3377.8,3392.59,5118074,0.104,2023-02,2023,Feb,2023-02-01
2023-02-16,TCS,IT,3415.31,3428.6,3367.35,3392.54,7351835,-0.001,2023-02,2023,Feb,2023-02-01
2023-02-17,TCS,IT,3394.02,3401.11,3335.81,3396.57,4258661,0.119,2023-02,2023,Feb,2023-02-01
2023-02-20,TCS,IT,3391.84,3404.27,3360.58,3397.87,3956023,0.038,2023-02,2023,Feb,2023-02-01
2023-02-21,TCS,IT,3414.47,3471.86,3389.91,3399.56,6866912,0.05,2023-02,2023,Feb,2023-02-01
2023-02-22,TCS,IT,3394.93,3412.4,3351.84,3404.77,1386684,0.153,2023-02,2023,Feb,2023-02-01
2023-02-23,TCS,IT,3394.36,3410.09,3335.37,3402.45,3404012,-0.068,2023-02,2023,Feb,2023-02-01
2023-02-24,TCS,IT,3404.46,3433.98,3348.37,3404.32,6550846,0.055,2023-02,2023,Feb,2023-02-01
2023-02-27,TCS,IT,3404.28,3421.87,3367.77,3404.28,2906297,-0.001,2023-02,2023,Feb,2023-02-01
2023-02-28,TCS,IT,3400.84,3459.9,3372.18,3397.31,7173227,-0.205,2023-02,2023,Feb,2023-02-01
2023-03-01,TCS,IT,3422.37,3478.79,3357.07,3393.97,2845034,-0.098,2023-03,2023,Mar,2023-03-01
2023-03-02,TCS,IT,3408.75,3435.61,3353.55,3404.17,3778353,0.301,2023-03,2023,Mar,2023-03-01
2023-03-03,TCS,IT,3375.53,3437.35,3322.73,3407.95,7261034,0.111,2023-03,2023,Mar,2023-03-01
2023-03-06,TCS,IT,3406.86,3431.99,3351.65,3402.42,2552157,-0.162,2023-03,2023,Mar,2023-03-01
2023-03-07,TCS,IT,3396.24,3401.82,3366.03,3395.72,7770411,-0.197,2023-03,2023,Mar,2023-03-01
2023-03-08,TCS,IT,3397.39,3417.7,3386.54,3396.8,1116596,0.032,2023-03,2023,Mar,2023-03-01
2023-03-09,TCS,IT,3410.34,3420.86,3370.61,3406.99,2713754,0.3,2023-03,2023,Mar,2023-03-01
2023-03-10,TCS,IT,3407.27,3417.0,3394.8,3407.66,5055796,0.02,2023-03,2023,Mar,2023-03-01
2023-03-13,TCS,IT,3415.78,3452.49,3408.83,3416.5,5077627,0.259,2023-03,2023,Mar,2023-03-01
2023-03-14,TCS,IT,3428.52,3437.7,3387.72,3420.13,7351060,0.106,2023-03,2023,Mar,2023-03-01
2023-03-15,TCS,IT,3417.0,3433.84,3375.51,3424.42,7710650,0.125,2023-03,2023,Mar,2023-03-01
2023-03-16,TCS,IT,3405.86,3450.16,3353.0,3418.82,5680793,-0.164,2023-03,2023,Mar,2023-03-01
2023-03-17,TCS,IT,3467.1,3496.63,3376.65,3425.66,5550117,0.2,2023-03,2023,Mar,2023-03-01
2023-03-20,TCS,IT,3415.73,3436.98,3362.54,3425.54,3084189,-0.004,2023-03,2023,Mar,2023-03-01
2023-03-21,TCS,IT,3433.36,3437.06,3384.21,3431.99,6600682,0.188,2023-03,2023,Mar,2023-03-01
2023-03-22,TCS,IT,3408.72,3443.91,3364.56,3429.23,5428795,-0.08,2023-03,2023,Mar,2023-03-01
2023-03-23,TCS,IT,3433.52,3450.72,3427.9,3431.92,973320,0.078,2023-03,2023,Mar,2023-03-01
2023-03-24,TCS,IT,3422.74,3485.74,3382.89,3435.57,6790892,0.106,2023-03,2023,Mar,2023-03-01
2023-03-27,TCS,IT,3430.35,3493.35,3419.89,3436.43,3389556,0.025,2023-03,2023,Mar,2023-03-01
2023-03-28,TCS,IT,3454.75,3482.05,3433.5,3440.37,4225976,0.115,2023-03,2023,Mar,2023-03-01
2023-03-29,TCS,IT,3447.11,3474.29,3428.02,3440.61,4299919,0.007,2023-03,2023,Mar,2023-03-01
2023-03-30,TCS,IT,3446.57,3491.76,3387.18,3438.75,6702189,-0.054,2023-03,2023,Mar,2023-03-01
2023-03-31,TCS,IT,3424.86,3489.51,3378.13,3449.3,2729062,0.307,2023-03,2023,Mar,2023-03-01
2023-04-03,TCS,IT,3482.2,3496.58,3397.59,3456.8,3621749,0.217,2023-04,2023,Apr,2023-04-01
2023-04-04,TCS,IT,3437.83,3464.07,3377.17,3454.3,1081680,-0.072,2023-04,2023,Apr,2023-04-01
2023-04-05,TCS,IT,3480.29,3509.66,3403.15,3459.14,3309240,0.14,2023-04,2023,Apr,2023-04-01
2023-04-06,TCS,IT,3470.85,3507.64,3445.45,3456.72,1436258,-0.07,2023-04,2023,Apr,2023-04-01
2023-04-07,TCS,IT,3459.83,3471.45,3396.86,3451.86,4997518,-0.141,2023-04,2023,Apr,2023-04-01
2023-04-10,TCS,IT,3447.43,3479.96,3394.83,3459.26,7230988,0.214,2023-04,2023,Apr,2023-04-01
2023-04-11,TCS,IT,3453.6,3475.02,3396.95,3451.51,4145742,-0.224,2023-04,2023,Apr,2023-04-01
2023-04-12,TCS,IT,3451.79,3477.12,3439.43,3458.3,7367160,0.197,2023-04,2023,Apr,2023-04-01
2023-04-13,TCS,IT,3458.97,3489.52,3448.24,3458.56,7835205,0.008,2023-04,2023,Apr,2023-04-01
2023-04-14,TCS,IT,3455.59,3500.91,3397.87,3459.05,1187385,0.014,2023-04,2023,Apr,2023-04-01
2023-04-17,TCS,IT,3434.73,3496.42,3421.14,3462.97,4518003,0.113,2023-04,2023,Apr,2023-04-01
2023-04-18,TCS,IT,3483.39,3498.8,3442.63,3467.83,4603608,0.14,2023-04,2023,Apr,2023-04-01
2023-04-19,TCS,IT,3463.76,3474.41,3433.44,3464.88,3573238,-0.085,2023-04,2023,Apr,2023-04-01
2023-04-20,TCS,IT,3463.76,3522.45,3452.97,3470.49,6779376,0.162,2023-04,2023,Apr,2023-04-01
2023-04-21,TCS,IT,3464.95,3504.5,3460.27,3472.74,3643521,0.065,2023-04,2023,Apr,2023-04-01
2023-04-24,TCS,IT,3472.34,3479.48,3405.3,3467.37,1197377,-0.155,2023-04,2023,Apr,2023-04-01
2023-04-25,TCS,IT,3455.62,3486.71,3400.67,3468.02,4745167,0.019,2023-04,2023,Apr,2023-04-01
2023-04-26,TCS,IT,3445.92,3528.29,3389.03,3477.29,2253740,0.267,2023-04,2023,Apr,2023-04-01
2023-04-27,TCS,IT,3493.89,3542.04,3467.85,3488.21,3355366,0.314,2023-04,2023,Apr,2023-04-01
2023-04-28,TCS,IT,3501.05,3556.68,3477.23,3493.79,4413603,0.16,2023-04,2023,Apr,2023-04-01
2023-05-01,TCS,IT,3485.92,3527.91,3457.2,3488.71,6004927,-0.145,2023-05,2023,May,2023-05-01
2023-05-02,TCS,IT,3476.96,3521.61,3446.69,3493.0,2802754,0.123,2023-05,2023,May,2023-05-01
2023-05-03,TCS,IT,3500.55,3529.44,3495.47,3499.31,3540773,0.181,2023-05,2023,May,2023-05-01
2023-05-04,TCS,IT,3484.37,3519.97,3434.73,3504.91,1288896,0.16,2023-05,2023,May,2023-05-01
2023-05-05,TCS,IT,3496.41,3553.19,3433.67,3510.84,3565839,0.169,2023-05,2023,May,2023-05-01
2023-05-08,TCS,IT,3503.84,3552.86,3468.84,3514.39,4977646,0.101,2023-05,2023,May,2023-05-01
2023-05-09,TCS,IT,3527.35,3540.17,3488.77,3515.49,5242207,0.031,2023-05,2023,May,2023-05-01
2023-05-10,TCS,IT,3508.46,3569.97,3481.52,3513.55,2911315,-0.055,2023-05,2023,May,2023-05-01
2023-05-11,TCS,IT,3498.09,3529.83,3488.88,3504.37,1238097,-0.261,2023-05,2023,May,2023-05-01
2023-05-12,TCS,IT,3535.16,3541.69,3488.36,3507.74,4956637,0.096,2023-05,2023,May,2023-05-01
2023-05-15,TCS,IT,3515.18,3538.28,3476.75,3510.23,5518555,0.071,2023-05,2023,May,2023-05-01
2023-05-16,TCS,IT,3519.56,3575.13,3485.48,3514.79,1413234,0.13,2023-05,2023,May,2023-05-01
2023-05-17,TCS,IT,3503.51,3566.9,3467.54,3508.7,4435799,-0.173,2023-05,2023,May,2023-05-01
2023-05-18,TCS,IT,3505.35,3546.53,3451.24,3513.73,1484606,0.143,2023-05,2023,May,2023-05-01
2023-05-19,TCS,IT,3495.85,3587.56,3478.97,3526.69,4061788,0.369,2023-05,2023,May,2023-05-01
2023-05-22,TCS,IT,3542.19,3598.44,3523.33,3528.52,5414072,0.052,2023-05,2023,May,2023-05-01
2023-05-23,TCS,IT,3535.87,3589.01,3523.72,3529.54,5978621,0.029,2023-05,2023,May,2023-05-01
2023-05-24,TCS,IT,3530.11,3587.8,3518.53,3532.64,5939241,0.088,2023-05,2023,May,2023-05-01
2023-05-25,TCS,IT,3543.55,3572.06,3505.64,3545.49,6259441,0.364,2023-05,2023,May,2023-05-01
2023-05-26,TCS,IT,3551.45,3600.67,3488.83,3541.02,2536899,-0.126,2023-05,2023,May,2023-05-01
2023-05-29,TCS,IT,3521.45,3581.81,3464.84,3543.49,6893078,0.07,2023-05,2023,May,2023-05-01
2023-05-30,TCS,IT,3531.9,3587.11,3490.24,3540.25,3317645,-0.091,2023-05,2023,May,2023-05-01
2023-05-31,TCS,IT,3522.36,3552.67,3494.69,3538.44,3498582,-0.051,2023-05,2023,May,2023-05-01
2023-06-01,TCS,IT,3564.51,3612.39,3526.59,3539.43,6470609,0.028,2023-06,2023,Jun,2023-06-01
2023-06-02,TCS,IT,3560.75,3622.28,3520.56,3548.32,3154671,0.251,2023-06,2023,Jun,2023-06-01
2023-06-05,TCS,IT,3528.44,3581.68,3504.97,3559.81,1339093,0.324,2023-06,2023,Jun,2023-06-01
2023-06-06,TCS,IT,3542.01,3626.9,3486.08,3563.59,5943263,0.106,2023-06,2023,Jun,2023-06-01
2023-06-07,TCS,IT,3560.77,3589.14,3527.75,3562.66,5567133,-0.026,2023-06,2023,Jun,2023-06-01
2023-06-08,TCS,IT,3571.34,3593.83,3554.04,3578.1,4988994,0.433,2023-06,2023,Jun,2023-06-01
2023-06-09,TCS,IT,3557.9,3587.25,3536.87,3576.85,1831621,-0.035,2023-06,2023,Jun,2023-06-01
2023-06-12,TCS,IT,3602.56,3654.24,3562.89,3574.75,5348971,-0.059,2023-06,2023,Jun,2023-06-01
2023-06-13,TCS,IT,3570.23,3607.47,3506.52,3565.77,2228543,-0.251,2023-06,2023,Jun,2023-06-01
2023-06-14,TCS,IT,3581.68,3603.96,3568.25,3574.89,4799764,0.256,2023-06,2023,Jun,2023-06-01
2023-06-15,TCS,IT,3571.65,3622.19,3567.3,3581.56,4457053,0.187,2023-06,2023,Jun,2023-06-01
2023-06-16,TCS,IT,3606.96,3630.93,3581.78,3596.57,6363389,0.419,2023-06,2023,Jun,2023-06-01
2023-06-19,TCS,IT,3584.22,3620.63,3531.23,3589.68,7831382,-0.192,2023-06,2023,Jun,2023-06-01
2023-06-20,TCS,IT,3595.08,3655.54,3559.49,3599.16,2168294,0.264,2023-06,2023,Jun,2023-06-01
2023-06-21,TCS,IT,3609.44,3654.05,3558.73,3600.64,1625911,0.041,2023-06,2023,Jun,2023-06-01
2023-06-22,TCS,IT,3582.85,3656.7,3557.48,3606.35,4801127,0.159,2023-06,2023,Jun,2023-06-01
2023-06-23,TCS,IT,3620.89,3660.43,3590.11,3597.91,7654288,-0.234,2023-06,2023,Jun,2023-06-01
2023-06-26,TCS,IT,3610.04,3674.49,3551.29,3607.4,1938332,0.264,2023-06,2023,Jun,2023-06-01
2023-06-27,TCS,IT,3631.48,3650.02,3597.57,3612.97,4309194,0.154,2023-06,2023,Jun,2023-06-01
2023-06-28,TCS,IT,3598.21,3633.48,3592.59,3613.76,3732213,0.022,2023-06,2023,Jun,2023-06-01
2023-06-29,TCS,IT,3605.13,3627.8,3566.42,3618.49,3089893,0.131,2023-06,2023,Jun,2023-06-01
2023-06-30,TCS,IT,3598.24,3652.71,3589.55,3615.04,5580755,-0.095,2023-06,2023,Jun,2023-06-01
2023-07-03,TCS,IT,3616.28,3657.6,3603.17,3612.66,2927483,-0.066,2023-07,2023,Jul,2023-07-01
2023-07-04,TCS,IT,3611.9,3660.08,3558.2,3610.94,4350115,-0.048,2023-07,2023,Jul,2023-07-01
2023-07-05,TCS,IT,3594.51,3625.33,3560.87,3601.2,6886905,-0.27,2023-07,2023,Jul,2023-07-01
2023-07-06,TCS,IT,3592.47,3611.46,3574.12,3607.1,3533059,0.164,2023-07,2023,Jul,2023-07-01
2023-07-07,TCS,IT,3596.59,3657.37,3571.68,3614.9,951937,0.216,2023-07,2023,Jul,2023-07-01
2023-07-10,TCS,IT,3611.06,3676.69,3562.68,3611.76,7171784,-0.087,2023-07,2023,Jul,2023-07-01
2023-07-11,TCS,IT,3607.94,3636.38,3600.26,3614.67,2776422,0.081,2023-07,2023,Jul,2023-07-01
2023-07-12,TCS,IT,3604.11,3628.93,3593.37,3614.02,6364345,-0.018,2023-07,2023,Jul,2023-07-01
2023-07-13,TCS,IT,3639.17,3660.25,3575.28,3616.79,6292002,0.077,2023-07,2023,Jul,2023-07-01
2023-07-14,TCS,IT,3612.84,3643.78,3571.95,3614.03,4589293,-0.076,2023-07,2023,Jul,2023-07-01
2023-07-17,TCS,IT,3628.11,3647.22,3546.49,3609.78,1432283,-0.118,2023-07,2023,Jul,2023-07-01
2023-07-18,TCS,IT,3608.99,3641.65,3582.4,3616.7,7640382,0.192,2023-07,2023,Jul,2023-07-01
2023-07-19,TCS,IT,3620.71,3663.61,3609.55,3617.17,5702287,0.013,2023-07,2023,Jul,2023-07-01
2023-07-20,TCS,IT,3628.92,3654.64,3592.12,3629.72,3855430,0.347,2023-07,2023,Jul,2023-07-01
2023-07-21,TCS,IT,3606.16,3658.89,3563.42,3630.81,6948019,0.03,2023-07,2023,Jul,2023-07-01
2023-07-24,TCS,IT,3646.96,3653.09,3614.01,3626.25,6474125,-0.126,2023-07,2023,Jul,2023-07-01
2023-07-25,TCS,IT,3632.21,3694.52,3594.44,3634.18,6274185,0.219,2023-07,2023,Jul,2023-07-01
2023-07-26,TCS,IT,3649.51,3678.4,3622.77,3638.64,2009140,0.123,2023-07,2023,Jul,2023-07-01
2023-07-27,TCS,IT,3632.71,3667.64,3576.91,3643.67,5356467,0.138,2023-07,2023,Jul,2023-07-01
2023-07-28,TCS,IT,3648.99,3660.42,3593.54,3651.4,2857705,0.212,2023-07,2023,Jul,2023-07-01
2023-07-31,TCS,IT,3635.72,3691.35,3605.53,3648.37,1365087,-0.083,2023-07,2023,Jul,2023-07-01
2023-08-01,TCS,IT,3666.44,3723.94,3584.79,3648.4,3234216,0.001,2023-08,2023,Aug,2023-08-01
2023-08-02,TCS,IT,3652.71,3658.92,3583.75,3648.16,1549026,-0.007,2023-08,2023,Aug,2023-08-01
2023-08-03,TCS,IT,3646.74,3659.4,3629.76,3641.4,1561909,-0.185,2023-08,2023,Aug,2023-08-01
2023-08-04,TCS,IT,3660.4,3673.17,3614.22,3640.62,6034684,-0.021,2023-08,2023,Aug,2023-08-01
2023-08-07,TCS,IT,3666.04,3707.24,3608.27,3649.16,4412994,0.235,2023-08,2023,Aug,2023-08-01
2023-08-08,TCS,IT,3662.47,3723.49,3642.38,3651.3,3664683,0.059,2023-08,2023,Aug,2023-08-01
2023-08-09,TCS,IT,3623.46,3674.95,3596.26,3644.18,2184272,-0.195,2023-08,2023,Aug,2023-08-01
2023-08-10,TCS,IT,3625.74,3660.75,3606.02,3635.86,6350878,-0.228,2023-08,2023,Aug,2023-08-01
2023-08-11,TCS,IT,3631.65,3697.41,3569.24,3646.29,5366138,0.287,2023-08,2023,Aug,2023-08-01
2023-08-14,TCS,IT,3657.11,3706.94,3617.34,3646.5,5016222,0.006,2023-08,2023,Aug,2023-08-01
2023-08-15,TCS,IT,3645.95,3664.89,3592.58,3643.46,2168664,-0.083,2023-08,2023,Aug,2023-08-01
2023-08-16,TCS,IT,3622.33,3656.19,3594.9,3642.59,1689545,-0.024,2023-08,2023,Aug,2023-08-01
2023-08-17,TCS,IT,3631.98,3660.46,3620.21,3634.72,1689245,-0.216,2023-08,2023,Aug,2023-08-01
2023-08-18,TCS,IT,3621.96,3695.42,3565.19,3643.73,980299,0.248,2023-08,2023,Aug,2023-08-01
2023-08-21,TCS,IT,3641.4,3688.85,3637.73,3642.17,7777424,-0.043,2023-08,2023,Aug,2023-08-01
2023-08-22,TCS,IT,3626.71,3695.86,3619.63,3650.88,3447731,0.239,2023-08,2023,Aug,2023-08-01
2023-08-23,TCS,IT,3659.64,3714.9,3625.64,3651.91,5539330,0.028,2023-08,2023,Aug,2023-08-01
2023-08-24,TCS,IT,3666.54,3687.48,3614.6,3661.01,7872155,0.249,2023-08,2023,Aug,2023-08-01
2023-08-25,TCS,IT,3691.21,3716.21,3638.31,3663.25,7542446,0.061,2023-08,2023,Aug,2023-08-01
2023-08-28,TCS,IT,3681.44,3687.77,3661.19,3668.99,3108192,0.157,2023-08,2023,Aug,2023-08-01
2023-08-29,TCS,IT,3667.75,3731.89,3644.26,3673.96,4327192,0.135,2023-08,2023,Aug,2023-08-01
2023-08-30,TCS,IT,3690.41,3730.64,3659.38,3678.37,4133892,0.12,2023-08,2023,Aug,2023-08-01
2023-08-31,TCS,IT,3660.59,3703.51,3656.59,3681.17,1040497,0.076,2023-08,2023,Aug,2023-08-01
2023-09-01,TCS,IT,3666.39,3688.58,3629.39,3680.56,6331716,-0.017,2023-09,2023,Sep,2023-09-01
2023-09-04,TCS,IT,3697.53,3746.7,3681.6,3692.61,4935472,0.327,2023-09,2023,Sep,2023-09-01
2023-09-05,TCS,IT,3656.19,3738.66,3634.66,3688.02,3474463,-0.124,2023-09,2023,Sep,2023-09-01
2023-09-06,TCS,IT,3688.27,3734.28,3644.38,3688.82,4819967,0.022,2023-09,2023,Sep,2023-09-01
2023-09-07,TCS,IT,3674.63,3706.16,3625.65,3689.68,6095275,0.023,2023-09,2023,Sep,2023-09-01
2023-09-08,TCS,IT,3694.34,3755.39,3672.61,3692.84,907824,0.086,2023-09,2023,Sep,2023-09-01
2023-09-11,TCS,IT,3675.18,3742.05,3650.94,3691.09,5451535,-0.047,2023-09,2023,Sep,2023-09-01
2023-09-12,TCS,IT,3700.02,3745.09,3674.55,3693.75,7000942,0.072,2023-09,2023,Sep,2023-09-01
2023-09-13,TCS,IT,3693.84,3738.41,3629.78,3693.56,6030118,-0.005,2023-09,2023,Sep,2023-09-01
2023-09-14,TCS,IT,3705.67,3766.35,3669.41,3685.03,5263788,-0.231,2023-09,2023,Sep,2023-09-01
2023-09-15,TCS,IT,3686.0,3747.86,3670.74,3685.9,1451919,0.024,2023-09,2023,Sep,2023-09-01
2023-09-18,TCS,IT,3668.93,3721.19,3637.5,3680.24,6161776,-0.154,2023-09,2023,Sep,2023-09-01
2023-09-19,TCS,IT,3667.25,3700.55,3651.78,3670.87,6204821,-0.255,2023-09,2023,Sep,2023-09-01
2023-09-20,TCS,IT,3652.77,3698.9,3639.39,3672.52,4356231,0.045,2023-09,2023,Sep,2023-09-01
2023-09-21,TCS,IT,3682.21,3737.16,3666.57,3676.24,4995154,0.101,2023-09,2023,Sep,2023-09-01
2023-09-22,TCS,IT,3688.88,3732.99,3636.46,3680.2,5252497,0.108,2023-09,2023,Sep,2023-09-01
2023-09-25,TCS,IT,3720.8,3729.41,3642.39,3684.41,1672091,0.114,2023-09,2023,Sep,2023-09-01
2023-09-26,TCS,IT,3664.78,3686.47,3620.61,3673.92,2653783,-0.285,2023-09,2023,Sep,2023-09-01
2023-09-27,TCS,IT,3662.89,3726.59,3611.07,3666.81,6504580,-0.194,2023-09,2023,Sep,2023-09-01
2023-09-28,TCS,IT,3670.84,3738.32,3646.8,3679.31,7811055,0.341,2023-09,2023,Sep,2023-09-01
2023-09-29,TCS,IT,3677.19,3740.36,3613.03,3674.07,2744686,-0.142,2023-09,2023,Sep,2023-09-01
2023-10-02,TCS,IT,3684.2,3714.69,3629.06,3678.59,3685184,0.123,2023-10,2023,Oct,2023-10-01
2023-10-03,TCS,IT,3674.7,3728.15,3620.76,3675.49,7390110,-0.084,2023-10,2023,Oct,2023-10-01
2023-10-04,TCS,IT,3692.88,3748.57,3628.16,3676.9,1968751,0.038,2023-10,2023,Oct,2023-10-01
2023-10-05,TCS,IT,3665.08,3697.54,3639.08,3674.14,2680512,-0.075,2023-10,2023,Oct,2023-10-01
2023-10-06,TCS,IT,3692.93,3705.75,3657.05,3678.42,1202591,0.116,2023-10,2023,Oct,2023-10-01
2023-10-09,TCS,IT,3688.15,3754.35,3650.1,3680.22,2490340,0.049,2023-10,2023,Oct,2023-10-01
2023-10-10,TCS,IT,3678.41,3684.15,3668.66,3678.58,5380437,-0.045,2023-10,2023,Oct,2023-10-01
2023-10-11,TCS,IT,3668.8,3714.4,3636.98,3673.42,3307218,-0.14,2023-10,2023,Oct,2023-10-01
2023-10-12,TCS,IT,3711.71,3756.45,3669.66,3676.03,7880334,0.071,2023-10,2023,Oct,2023-10-01
2023-10-13,TCS,IT,3657.95,3716.15,3654.05,3669.95,7219197,-0.165,2023-10,2023,Oct,2023-10-01
2023-10-16,TCS,IT,3677.89,3697.55,3611.67,3673.51,7249720,0.097,2023-10,2023,Oct,2023-10-01
2023-10-17,TCS,IT,3678.99,3739.02,3632.2,3690.06,6029874,0.451,2023-10,2023,Oct,2023-10-01
2023-10-18,TCS,IT,3725.56,3742.99,3660.1,3699.14,5855152,0.246,2023-10,2023,Oct,2023-10-01
2023-10-19,TCS,IT,3717.64,3773.75,3679.31,3704.5,4469605,0.145,2023-10,2023,Oct,2023-10-01
2023-10-20,TCS,IT,3695.07,3722.63,3655.53,3705.12,7932305,0.017,2023-10,2023,Oct,2023-10-01
2023-10-23,TCS,IT,3702.36,3749.91,3635.09,3694.78,1486634,-0.279,2023-10,2023,Oct,2023-10-01
2023-10-24,TCS,IT,3691.93,3744.79,3643.53,3688.12,6004363,-0.18,2023-10,2023,Oct,2023-10-01
2023-10-25,TCS,IT,3689.23,3712.44,3647.76,3696.87,1809843,0.237,2023-10,2023,Oct,2023-10-01
2023-10-26,TCS,IT,3704.59,3723.28,3660.8,3693.39,3242608,-0.094,2023-10,2023,Oct,2023-10-01
2023-10-27,TCS,IT,3696.2,3748.85,3665.08,3690.46,2640467,-0.079,2023-10,2023,Oct,2023-10-01
2023-10-30,TCS,IT,3693.88,3702.97,3643.17,3690.69,5128770,0.006,2023-10,2023,Oct,2023-10-01
2023-10-31,TCS,IT,3685.04,3701.29,3619.9,3685.65,6467919,-0.137,2023-10,2023,Oct,2023-10-01
2023-11-01,TCS,IT,3686.01,3718.24,3649.42,3679.67,1374319,-0.162,2023-11,2023,Nov,2023-11-01
2023-11-02,TCS,IT,3684.01,3745.95,3652.41,3680.63,5131901,0.026,2023-11,2023,Nov,2023-11-01
2023-11-03,TCS,IT,3677.52,3716.33,3646.22,3676.65,2396113,-0.108,2023-11,2023,Nov,2023-11-01
2023-11-06,TCS,IT,3664.17,3701.47,3633.99,3673.59,1354389,-0.083,2023-11,2023,Nov,2023-11-01
2023-11-07,TCS,IT,3695.16,3760.32,3604.82,3670.3,3806289,-0.09,2023-11,2023,Nov,2023-11-01
2023-11-08,TCS,IT,3659.25,3707.33,3611.62,3674.69,4985116,0.12,2023-11,2023,Nov,2023-11-01
2023-11-09,TCS,IT,3680.94,3711.76,3648.54,3674.66,2253093,-0.001,2023-11,2023,Nov,2023-11-01
2023-11-10,TCS,IT,3670.25,3704.35,3643.4,3674.96,3606590,0.008,2023-11,2023,Nov,2023-11-01
2023-11-13,TCS,IT,3705.73,3729.11,3649.21,3679.84,7665207,0.133,2023-11,2023,Nov,2023-11-01
2023-11-14,TCS,IT,3667.08,3704.44,3661.13,3680.38,3296633,0.015,2023-11,2023,Nov,2023-11-01
2023-11-15,TCS,IT,3669.32,3726.86,3632.73,3680.14,7968302,-0.007,2023-11,2023,Nov,2023-11-01
2023-11-16,TCS,IT,3670.04,3690.57,3615.74,3684.33,6806396,0.114,2023-11,2023,Nov,2023-11-01
2023-11-17,TCS,IT,3694.48,3741.0,3644.58,3689.7,3470738,0.146,2023-11,2023,Nov,2023-11-01
2023-11-20,TCS,IT,3670.02,3706.6,3653.97,3690.28,4953017,0.016,2023-11,2023,Nov,2023-11-01
2023-11-21,TCS,IT,3685.16,3720.03,3635.86,3692.23,5906448,0.053,2023-11,2023,Nov,2023-11-01
2023-11-22,TCS,IT,3657.33,3701.97,3608.94,3689.09,4145427,-0.085,2023-11,2023,Nov,2023-11-01
2023-11-23,TCS,IT,3689.05,3727.4,3665.37,3685.5,3735949,-0.097,2023-11,2023,Nov,2023-11-01
2023-11-24,TCS,IT,3684.16,3741.01,3641.47,3691.55,3174102,0.164,2023-11,2023,Nov,2023-11-01
2023-11-27,TCS,IT,3673.71,3721.68,3631.88,3695.7,1804466,0.112,2023-11,2023,Nov,2023-11-01
2023-11-28,TCS,IT,3716.0,3730.04,3643.42,3699.94,979492,0.115,2023-11,2023,Nov,2023-11-01
2023-11-29,TCS,IT,3683.79,3721.12,3671.58,3703.16,3225873,0.087,2023-11,2023,Nov,2023-11-01
2023-11-30,TCS,IT,3716.81,3772.22,3689.02,3705.0,6529321,0.05,2023-11,2023,Nov,2023-11-01
2023-12-01,TCS,IT,3700.31,3731.31,3666.04,3710.72,2480276,0.154,2023-12,2023,Dec,2023-12-01
2023-12-04,TCS,IT,3741.7,3794.72,3711.37,3717.88,2094185,0.193,2023-12,2023,Dec,2023-12-01
2023-12-05,TCS,IT,3736.09,3760.86,3694.88,3724.92,3162163,0.189,2023-12,2023,Dec,2023-12-01
2023-12-06,TCS,IT,3710.93,3741.64,3657.5,3725.96,5112047,0.028,2023-12,2023,Dec,2023-12-01
2023-12-07,TCS,IT,3722.18,3785.81,3709.05,3735.89,2348156,0.267,2023-12,2023,Dec,2023-12-01
2023-12-08,TCS,IT,3747.97,3781.57,3705.94,3738.92,2386842,0.081,2023-12,2023,Dec,2023-12-01
2023-12-11,TCS,IT,3740.45,3750.12,3673.77,3744.38,1608884,0.146,2023-12,2023,Dec,2023-12-01
2023-12-12,TCS,IT,3745.22,3812.67,3709.27,3747.76,3191909,0.09,2023-12,2023,Dec,2023-12-01
2023-12-13,TCS,IT,3770.04,3783.28,3715.42,3750.95,2365484,0.085,2023-12,2023,Dec,2023-12-01
2023-12-14,TCS,IT,3737.03,3774.52,3697.79,3748.25,6784682,-0.072,2023-12,2023,Dec,2023-12-01
2023-12-15,TCS,IT,3755.56,3783.88,3738.57,3754.19,7321450,0.158,2023-12,2023,Dec,2023-12-01
2023-12-18,TCS,IT,3787.48,3822.78,3759.86,3773.07,3467646,0.503,2023-12,2023,Dec,2023-12-01
2023-12-19,TCS,IT,3784.78,3839.1,3725.35,3772.57,1413596,-0.013,2023-12,2023,Dec,2023-12-01
2023-12-20,TCS,IT,3772.36,3778.93,3743.2,3774.77,1429674,0.058,2023-12,2023,Dec,2023-12-01
2023-12-21,TCS,IT,3769.49,3837.45,3747.14,3773.85,3138247,-0.024,2023-12,2023,Dec,2023-12-01
2023-12-22,TCS,IT,3746.45,3817.9,3740.71,3772.69,4136980,-0.031,2023-12,2023,Dec,2023-12-01
2023-12-25,TCS,IT,3767.84,3848.76,3709.88,3783.83,4604839,0.295,2023-12,2023,Dec,2023-12-01
2023-12-26,TCS,IT,3786.38,3842.78,3775.71,3781.57,2989771,-0.06,2023-12,2023,Dec,2023-12-01
2023-12-27,TCS,IT,3778.43,3843.93,3726.48,3780.52,3352491,-0.028,2023-12,2023,Dec,2023-12-01
2023-12-28,TCS,IT,3773.88,3816.21,3744.48,3772.75,2842535,-0.206,2023-12,2023,Dec,2023-12-01
2023-12-29,TCS,IT,3785.68,3812.46,3727.87,3770.01,4526771,-0.073,2023-12,2023,Dec,2023-12-01
2024-01-01,TCS,IT,3743.68,3793.63,3724.17,3761.54,5817683,-0.225,2024-01,2024,Jan,2024-01-01
2024-01-02,TCS,IT,3763.63,3813.1,3749.92,3767.19,1112624,0.15,2024-01,2024,Jan,2024-01-01
2024-01-03,TCS,IT,3788.81,3820.1,3747.84,3785.96,4246734,0.498,2024-01,2024,Jan,2024-01-01
2024-01-04,TCS,IT,3774.93,3836.47,3726.52,3785.59,5469701,-0.01,2024-01,2024,Jan,2024-01-01
2024-01-05,TCS,IT,3799.0,3808.73,3761.04,3777.37,5642378,-0.217,2024-01,2024,Jan,2024-01-01
2024-01-08,TCS,IT,3798.44,3855.83,3752.83,3784.69,4857047,0.194,2024-01,2024,Jan,2024-01-01
2024-01-09,TCS,IT,3786.55,3803.48,3749.79,3782.16,4581021,-0.067,2024-01,2024,Jan,2024-01-01
2024-01-10,TCS,IT,3819.13,3884.23,3774.2,3791.91,5702957,0.258,2024-01,2024,Jan,2024-01-01
2024-01-11,TCS,IT,3769.35,3805.91,3729.37,3792.09,3524296,0.005,2024-01,2024,Jan,2024-01-01
2024-01-12,TCS,IT,3790.02,3802.25,3776.83,3790.14,4884256,-0.051,2024-01,2024,Jan,2024-01-01
2024-01-15,TCS,IT,3796.51,3852.7,3754.31,3790.95,3100139,0.021,2024-01,2024,Jan,2024-01-01
2024-01-16,TCS,IT,3783.55,3854.1,3772.47,3797.45,3952905,0.171,2024-01,2024,Jan,2024-01-01
2024-01-17,TCS,IT,3802.53,3854.09,3762.81,3797.96,1693414,0.013,2024-01,2024,Jan,2024-01-01
2024-01-18,TCS,IT,3780.03,3862.64,3756.23,3796.84,3321019,-0.029,2024-01,2024,Jan,2024-01-01
2024-01-19,TCS,IT,3808.02,3829.34,3764.54,3797.53,1822989,0.018,2024-01,2024,Jan,2024-01-01
2024-01-22,TCS,IT,3807.75,3865.07,3759.95,3791.71,2430333,-0.153,2024-01,2024,Jan,2024-01-01
2024-01-23,TCS,IT,3800.15,3826.69,3733.63,3796.01,3820140,0.113,2024-01,2024,Jan,2024-01-01
2024-01-24,TCS,IT,3759.0,3825.45,3723.93,3787.07,4400487,-0.236,2024-01,2024,Jan,2024-01-01
2024-01-25,TCS,IT,3771.63,3818.74,3715.37,3786.27,7582330,-0.021,2024-01,2024,Jan,2024-01-01
2024-01-26,TCS,IT,3801.33,3805.51,3774.42,3792.76,987577,0.171,2024-01,2024,Jan,2024-01-01
2024-01-29,TCS,IT,3796.82,3837.69,3769.97,3796.49,7269649,0.098,2024-01,2024,Jan,2024-01-01
2024-01-30,TCS,IT,3761.0,3854.09,3752.44,3801.97,3163333,0.144,2024-01,2024,Jan,2024-01-01
2024-01-31,TCS,IT,3822.38,3837.54,3772.46,3803.47,6013989,0.039,2024-01,2024,Jan,2024-01-01
2024-02-01,TCS,IT,3814.57,3878.8,3765.33,3812.48,5680680,0.237,2024-02,2024,Feb,2024-02-01
2024-02-02,TCS,IT,3807.5,3858.28,3749.44,3820.02,7790099,0.198,2024-02,2024,Feb,2024-02-01
2024-02-05,TCS,IT,3839.86,3855.33,3784.01,3824.63,1582762,0.121,2024-02,2024,Feb,2024-02-01
2024-02-06,TCS,IT,3821.82,3878.12,3776.41,3832.2,7763742,0.198,2024-02,2024,Feb,2024-02-01
2024-02-07,TCS,IT,3828.12,3855.05,3812.76,3838.69,1252816,0.169,2024-02,2024,Feb,2024-02-01
2024-02-08,TCS,IT,3843.37,3851.37,3831.61,3837.87,7116608,-0.021,2024-02,2024,Feb,2024-02-01
2024-02-09,TCS,IT,3858.79,3907.61,3776.1,3831.5,5495685,-0.166,2024-02,2024,Feb,2024-02-01
2024-02-12,TCS,IT,3860.85,3871.98,3821.21,3835.94,4269782,0.116,2024-02,2024,Feb,2024-02-01
2024-02-13,TCS,IT,3846.68,3857.47,3831.36,3841.15,3663977,0.136,2024-02,2024,Feb,2024-02-01
2024-02-14,TCS,IT,3856.84,3909.21,3784.51,3849.72,1473896,0.223,2024-02,2024,Feb,2024-02-01
2024-02-15,TCS,IT,3857.98,3865.46,3778.96,3845.8,6573140,-0.102,2024-02,2024,Feb,2024-02-01
2024-02-16,TCS,IT,3822.75,3898.8,3778.88,3842.06,6041250,-0.097,2024-02,2024,Feb,2024-02-01
2024-02-19,TCS,IT,3856.63,3912.69,3818.12,3846.72,7548641,0.121,2024-02,2024,Feb,2024-02-01
2024-02-20,TCS,IT,3836.81,3861.2,3778.62,3848.11,6059018,0.036,2024-02,2024,Feb,2024-02-01
2024-02-21,TCS,IT,3843.21,3880.92,3821.12,3838.32,7690691,-0.254,2024-02,2024,Feb,2024-02-01
2024-02-22,TCS,IT,3838.93,3852.58,3807.07,3842.42,7185005,0.107,2024-02,2024,Feb,2024-02-01
2024-02-23,TCS,IT,3840.52,3885.66,3805.74,3832.84,3864268,-0.249,2024-02,2024,Feb,2024-02-01
2024-02-26,TCS,IT,3830.63,3838.56,3765.58,3828.82,5866792,-0.105,2024-02,2024,Feb,2024-02-01
2024-02-27,TCS,IT,3791.69,3904.35,3728.61,3838.87,2703156,0.262,2024-02,2024,Feb,2024-02-01
2024-02-28,TCS,IT,3854.62,3872.08,3805.39,3851.86,6525669,0.338,2024-02,2024,Feb,2024-02-01
2024-02-29,TCS,IT,3856.0,3904.62,3835.03,3846.12,5182018,-0.149,2024-02,2024,Feb,2024-02-01
2024-03-01,TCS,IT,3852.69,3864.94,3810.46,3845.83,3970346,-0.008,2024-03,2024,Mar,2024-03-01
2024-03-04,TCS,IT,3846.24,3865.37,3826.35,3847.81,5322989,0.051,2024-03,2024,Mar,2024-03-01
2024-03-05,TCS,IT,3885.87,3919.55,3798.58,3860.51,2795746,0.33,2024-03,2024,Mar,2024-03-01
2024-03-06,TCS,IT,3863.98,3905.49,3846.23,3859.17,5280883,-0.035,2024-03,2024,Mar,2024-03-01
2024-03-07,TCS,IT,3864.67,3934.16,3850.5,3857.92,4218645,-0.032,2024-03,2024,Mar,2024-03-01
2024-03-08,TCS,IT,3885.33,3890.93,3818.96,3869.17,3116806,0.292,2024-03,2024,Mar,2024-03-01
2024-03-11,TCS,IT,3874.12,3878.02,3834.83,3868.51,7823808,-0.017,2024-03,2024,Mar,2024-03-01
2024-03-12,TCS,IT,3860.72,3901.59,3801.84,3874.64,1259012,0.158,2024-03,2024,Mar,2024-03-01
2024-03-13,TCS,IT,3829.41,3895.07,3820.72,3867.13,6255432,-0.194,2024-03,2024,Mar,2024-03-01
2024-03-14,TCS,IT,3860.31,3929.67,3803.88,3867.69,2312034,0.014,2024-03,2024,Mar,2024-03-01
2024-03-15,TCS,IT,3870.79,3934.71,3852.73,3859.04,2402144,-0.224,2024-03,2024,Mar,2024-03-01
2024-03-18,TCS,IT,3848.67,3915.66,3842.99,3854.12,1911819,-0.127,2024-03,2024,Mar,2024-03-01
2024-03-19,TCS,IT,3873.24,3886.54,3826.73,3860.87,1537345,0.175,2024-03,2024,Mar,2024-03-01
2024-03-20,TCS,IT,3864.42,3895.36,3843.73,3862.12,1692082,0.032,2024-03,2024,Mar,2024-03-01
2024-03-21,TCS,IT,3881.59,3934.69,3818.85,3861.69,6795254,-0.011,2024-03,2024,Mar,2024-03-01
2024-03-22,TCS,IT,3854.04,3882.96,3848.49,3858.6,7469239,-0.08,2024-03,2024,Mar,2024-03-01
2024-03-25,TCS,IT,3865.96,3913.42,3852.57,3858.75,5010407,0.004,2024-03,2024,Mar,2024-03-01
2024-03-26,TCS,IT,3869.92,3889.39,3810.5,3862.1,899703,0.087,2024-03,2024,Mar,2024-03-01
2024-03-27,TCS,IT,3892.91,3918.2,3851.97,3869.66,7024384,0.196,2024-03,2024,Mar,2024-03-01
2024-03-28,TCS,IT,3828.59,3915.15,3782.04,3854.91,5133375,-0.381,2024-03,2024,Mar,2024-03-01
2024-03-29,TCS,IT,3844.16,3871.48,3791.31,3851.22,4550276,-0.096,2024-03,2024,Mar,2024-03-01
2024-04-01,TCS,IT,3866.71,3933.97,3845.89,3853.63,7621811,0.063,2024-04,2024,Apr,2024-04-01
2024-04-02,TCS,IT,3878.27,3902.34,3800.14,3854.44,3750543,0.021,2024-04,2024,Apr,2024-04-01
2024-04-03,TCS,IT,3862.03,3867.43,3836.86,3858.32,3392382,0.101,2024-04,2024,Apr,2024-04-01
2024-04-04,TCS,IT,3856.83,3881.95,3827.44,3861.36,6414690,0.079,2024-04,2024,Apr,2024-04-01
2024-04-05,TCS,IT,3872.53,3887.67,3851.29,3860.84,4595106,-0.013,2024-04,2024,Apr,2024-04-01
2024-04-08,TCS,IT,3872.34,3909.58,3800.06,3858.93,5961540,-0.049,2024-04,2024,Apr,2024-04-01
2024-04-09,TCS,IT,3853.2,3870.0,3812.61,3858.75,5809642,-0.005,2024-04,2024,Apr,2024-04-01
2024-04-10,TCS,IT,3872.28,3917.36,3830.12,3867.17,6843983,0.218,2024-04,2024,Apr,2024-04-01
2024-04-11,TCS,IT,3882.19,3943.81,3796.45,3863.94,3083621,-0.084,2024-04,2024,Apr,2024-04-01
2024-04-12,TCS,IT,3894.06,3921.95,3838.99,3864.84,1318610,0.023,2024-04,2024,Apr,2024-04-01
2024-04-15,TCS,IT,3878.73,3893.71,3804.81,3867.24,4239094,0.062,2024-04,2024,Apr,2024-04-01
2024-04-16,TCS,IT,3878.85,3909.1,3826.83,3878.16,5462378,0.282,2024-04,2024,Apr,2024-04-01
2024-04-17,TCS,IT,3876.7,3933.22,3811.63,3877.54,6683140,-0.016,2024-04,2024,Apr,2024-04-01
2024-04-18,TCS,IT,3893.38,3936.42,3820.88,3884.71,2722793,0.185,2024-04,2024,Apr,2024-04-01
2024-04-19,TCS,IT,3891.79,3904.18,3822.33,3893.59,6166560,0.229,2024-04,2024,Apr,2024-04-01
2024-04-22,TCS,IT,3897.34,3936.83,3881.78,3894.39,6791820,0.021,2024-04,2024,Apr,2024-04-01
2024-04-23,TCS,IT,3877.78,3929.14,3821.43,3894.26,6620835,-0.003,2024-04,2024,Apr,2024-04-01
2024-04-24,TCS,IT,3913.57,3939.25,3836.23,3893.37,6618112,-0.023,2024-04,2024,Apr,2024-04-01
2024-04-25,TCS,IT,3875.17,3904.11,3828.85,3892.93,7908849,-0.011,2024-04,2024,Apr,2024-04-01
2024-04-26,TCS,IT,3892.65,3968.32,3870.3,3899.39,5560270,0.166,2024-04,2024,Apr,2024-04-01
2024-04-29,TCS,IT,3903.47,3919.06,3834.03,3901.95,3466357,0.066,2024-04,2024,Apr,2024-04-01
2024-04-30,TCS,IT,3935.62,3952.45,3887.05,3904.52,3942674,0.066,2024-04,2024,Apr,2024-04-01
2024-05-01,TCS,IT,3892.0,3912.14,3855.05,3898.59,6179057,-0.152,2024-05,2024,May,2024-05-01
2024-05-02,TCS,IT,3883.26,3935.27,3844.95,3893.63,2503048,-0.127,2024-05,2024,May,2024-05-01
2024-05-03,TCS,IT,3899.46,3941.46,3884.83,3908.07,5140048,0.371,2024-05,2024,May,2024-05-01
2024-05-06,TCS,IT,3933.94,3954.56,3856.1,3908.01,4923666,-0.002,2024-05,2024,May,2024-05-01
2024-05-07,TCS,IT,3860.28,3936.61,3850.59,3904.2,5599554,-0.097,2024-05,2024,May,2024-05-01
2024-05-08,TCS,IT,3898.47,3962.91,3848.64,3914.17,3833145,0.255,2024-05,2024,May,2024-05-01
2024-05-09,TCS,IT,3959.74,3982.67,3856.52,3916.95,6127092,0.071,2024-05,2024,May,2024-05-01
2024-05-10,TCS,IT,3930.84,3995.93,3894.36,3921.57,1314316,0.118,2024-05,2024,May,2024-05-01
2024-05-13,TCS,IT,3904.34,3946.04,3853.35,3921.69,6198065,0.003,2024-05,2024,May,2024-05-01
2024-05-14,TCS,IT,3920.01,3937.8,3905.64,3920.67,6645594,-0.026,2024-05,2024,May,2024-05-01
2024-05-15,TCS,IT,3921.62,3989.18,3860.26,3920.56,7177365,-0.003,2024-05,2024,May,2024-05-01
2024-05-16,TCS,IT,3926.09,3984.11,3845.6,3912.85,7444096,-0.197,2024-05,2024,May,2024-05-01
2024-05-17,TCS,IT,3942.02,3968.96,3899.16,3913.23,3315116,0.01,2024-05,2024,May,2024-05-01
2024-05-20,TCS,IT,3922.1,3982.12,3866.03,3916.01,1133978,0.071,2024-05,2024,May,2024-05-01
2024-05-21,TCS,IT,3920.06,3967.12,3882.43,3928.54,5505065,0.32,2024-05,2024,May,2024-05-01
2024-05-22,TCS,IT,3942.36,3969.54,3890.55,3929.99,1449592,0.037,2024-05,2024,May,2024-05-01
2024-05-23,TCS,IT,3905.29,3976.04,3854.48,3916.23,2818091,-0.35,2024-05,2024,May,2024-05-01
2024-05-24,TCS,IT,3900.34,3970.52,3864.03,3916.52,5857829,0.007,2024-05,2024,May,2024-05-01
2024-05-27,TCS,IT,3906.91,3958.47,3863.13,3934.61,5080894,0.462,2024-05,2024,May,2024-05-01
2024-05-28,TCS,IT,3916.27,3985.52,3896.98,3940.94,5167853,0.161,2024-05,2024,May,2024-05-01
2024-05-29,TCS,IT,3922.57,3965.35,3893.41,3936.69,6208461,-0.108,2024-05,2024,May,2024-05-01
2024-05-30,TCS,IT,3922.7,3945.28,3861.08,3941.27,1986011,0.116,2024-05,2024,May,2024-05-01
2024-05-31,TCS,IT,3942.38,4010.78,3926.15,3937.44,6495207,-0.097,2024-05,2024,May,2024-05-01
2024-06-03,TCS,IT,3910.91,3970.41,3867.27,3929.76,5023062,-0.195,2024-06,2024,Jun,2024-06-01
2024-06-04,TCS,IT,3879.0,3972.29,3862.97,3928.4,3824896,-0.035,2024-06,2024,Jun,2024-06-01
2024-06-05,TCS,IT,3913.39,3973.81,3853.16,3929.8,4138358,0.036,2024-06,2024,Jun,2024-06-01
2024-06-06,TCS,IT,3911.47,3959.47,3869.05,3918.87,4462785,-0.278,2024-06,2024,Jun,2024-06-01
2024-06-07,TCS,IT,3903.0,3935.68,3872.36,3912.48,4762591,-0.163,2024-06,2024,Jun,2024-06-01
2024-06-10,TCS,IT,3937.13,4006.1,3892.81,3913.35,3203718,0.022,2024-06,2024,Jun,2024-06-01
2024-06-11,TCS,IT,3901.99,3956.84,3869.11,3911.59,2405858,-0.045,2024-06,2024,Jun,2024-06-01
2024-06-12,TCS,IT,3928.66,3977.39,3847.22,3914.86,2017061,0.084,2024-06,2024,Jun,2024-06-01
2024-06-13,TCS,IT,3907.76,3942.18,3870.02,3908.05,3253086,-0.174,2024-06,2024,Jun,2024-06-01
2024-06-14,TCS,IT,3912.65,3936.38,3877.51,3913.31,2675725,0.135,2024-06,2024,Jun,2024-06-01
2024-06-17,TCS,IT,3893.64,3914.87,3840.35,3906.69,4516190,-0.169,2024-06,2024,Jun,2024-06-01
2024-06-18,TCS,IT,3916.84,3945.01,3887.69,3917.76,7367386,0.283,2024-06,2024,Jun,2024-06-01
2024-06-19,TCS,IT,3895.85,3923.41,3863.64,3907.81,1578300,-0.254,2024-06,2024,Jun,2024-06-01
2024-06-20,TCS,IT,3904.42,3952.27,3875.51,3901.76,3024580,-0.155,2024-06,2024,Jun,2024-06-01
2024-06-21,TCS,IT,3901.46,3967.41,3887.55,3905.15,1153892,0.087,2024-06,2024,Jun,2024-06-01
2024-06-24,TCS,IT,3901.55,3940.42,3850.3,3916.35,7818267,0.287,2024-06,2024,Jun,2024-06-01
2024-06-25,TCS,IT,3934.65,3960.85,3857.02,3919.1,5845514,0.07,2024-06,2024,Jun,2024-06-01
2024-06-26,TCS,IT,3930.12,3978.84,3859.1,3923.42,2538642,0.11,2024-06,2024,Jun,2024-06-01
2024-06-27,TCS,IT,3917.28,3938.2,3854.71,3924.32,3782545,0.023,2024-06,2024,Jun,2024-06-01
2024-06-28,TCS,IT,3920.95,3986.82,3884.65,3918.67,6006111,-0.144,2024-06,2024,Jun,2024-06-01
2024-07-01,TCS,IT,3915.07,3944.52,3892.25,3916.38,7695594,-0.058,2024-07,2024,Jul,2024-07-01
2024-07-02,TCS,IT,3896.02,3920.22,3849.87,3909.59,4932103,-0.173,2024-07,2024,Jul,2024-07-01
2024-07-03,TCS,IT,3903.49,3918.99,3835.15,3902.39,2750555,-0.184,2024-07,2024,Jul,2024-07-01
2024-07-04,TCS,IT,3895.99,3971.53,3843.94,3905.7,5817464,0.085,2024-07,2024,Jul,2024-07-01
2024-07-05,TCS,IT,3884.74,3919.76,3848.18,3899.48,5737376,-0.159,2024-07,2024,Jul,2024-07-01
2024-07-08,TCS,IT,3876.95,3950.12,3827.68,3902.28,5436497,0.072,2024-07,2024,Jul,2024-07-01
2024-07-09,TCS,IT,3889.38,3909.21,3834.42,3894.97,1130969,-0.187,2024-07,2024,Jul,2024-07-01
2024-07-10,TCS,IT,3906.47,3923.27,3832.82,3897.63,5888589,0.068,2024-07,2024,Jul,2024-07-01
2024-07-11,TCS,IT,3884.58,3957.53,3830.3,3895.41,941296,-0.057,2024-07,2024,Jul,2024-07-01
2024-07-12,TCS,IT,3944.39,3958.26,3872.35,3905.01,7319938,0.246,2024-07,2024,Jul,2024-07-01
2024-07-15,TCS,IT,3921.71,3926.89,3885.79,3907.87,7150102,0.073,2024-07,2024,Jul,2024-07-01
2024-07-16,TCS,IT,3936.88,3974.37,3879.25,3916.45,4856980,0.22,2024-07,2024,Jul,2024-07-01
2024-07-17,TCS,IT,3925.01,3986.51,3886.83,3912.57,5451657,-0.099,2024-07,2024,Jul,2024-07-01
2024-07-18,TCS,IT,3942.79,3968.58,3847.14,3913.78,1288511,0.031,2024-07,2024,Jul,2024-07-01
2024-07-19,TCS,IT,3896.2,3920.93,3858.66,3908.51,7095865,-0.135,2024-07,2024,Jul,2024-07-01
2024-07-22,TCS,IT,3866.78,3975.94,3831.88,3906.8,2749943,-0.044,2024-07,2024,Jul,2024-07-01
2024-07-23,TCS,IT,3899.08,3954.89,3872.1,3906.05,2687159,-0.019,2024-07,2024,Jul,2024-07-01
2024-07-24,TCS,IT,3911.12,3971.59,3856.08,3902.41,5899176,-0.093,2024-07,2024,Jul,2024-07-01
2024-07-25,TCS,IT,3898.09,3951.83,3857.39,3895.73,7559964,-0.171,2024-07,2024,Jul,2024-07-01
2024-07-26,TCS,IT,3892.12,3942.21,3875.42,3887.84,4357337,-0.203,2024-07,2024,Jul,2024-07-01
2024-07-29,TCS,IT,3894.7,3924.05,3813.11,3874.23,4454112,-0.35,2024-07,2024,Jul,2024-07-01
2024-07-30,TCS,IT,3874.53,3899.76,3841.13,3868.61,4749574,-0.145,2024-07,2024,Jul,2024-07-01
2024-07-31,TCS,IT,3885.82,3937.07,3841.08,3873.44,2896202,0.125,2024-07,2024,Jul,2024-07-01
2024-08-01,TCS,IT,3849.97,3915.45,3832.66,3864.5,5095379,-0.231,2024-08,2024,Aug,2024-08-01
2024-08-02,TCS,IT,3840.11,3923.19,3800.14,3857.01,7719089,-0.194,2024-08,2024,Aug,2024-08-01
2024-08-05,TCS,IT,3894.03,3935.57,3819.0,3869.05,3554930,0.312,2024-08,2024,Aug,2024-08-01
2024-08-06,TCS,IT,3867.66,3890.9,3804.32,3866.1,6366217,-0.076,2024-08,2024,Aug,2024-08-01
2024-08-07,TCS,IT,3859.44,3905.16,3852.2,3869.09,6372047,0.077,2024-08,2024,Aug,2024-08-01
2024-08-08,TCS,IT,3864.45,3918.38,3796.65,3874.08,6925998,0.129,2024-08,2024,Aug,2024-08-01
2024-08-09,TCS,IT,3869.15,3911.24,3818.99,3879.22,6009451,0.133,2024-08,2024,Aug,2024-08-01
2024-08-12,TCS,IT,3859.85,3926.76,3837.34,3870.83,7434425,-0.216,2024-08,2024,Aug,2024-08-01
2024-08-13,TCS,IT,3850.59,3912.79,3833.36,3870.46,5942955,-0.01,2024-08,2024,Aug,2024-08-01
2024-08-14,TCS,IT,3838.34,3866.0,3815.18,3861.52,7828323,-0.231,2024-08,2024,Aug,2024-08-01
2024-08-15,TCS,IT,3874.72,3919.19,3813.17,3877.75,5950233,0.42,2024-08,2024,Aug,2024-08-01
2024-08-16,TCS,IT,3859.79,3914.51,3836.81,3868.97,6825740,-0.226,2024-08,2024,Aug,2024-08-01
2024-08-19,TCS,IT,3880.71,3944.97,3829.34,3863.6,7210577,-0.139,2024-08,2024,Aug,2024-08-01
2024-08-20,TCS,IT,3862.82,3893.85,3808.15,3858.3,7880516,-0.137,2024-08,2024,Aug,2024-08-01
2024-08-21,TCS,IT,3854.3,3895.79,3789.29,3850.21,5086828,-0.21,2024-08,2024,Aug,2024-08-01
2024-08-22,TCS,IT,3848.24,3894.74,3801.31,3859.71,5913613,0.247,2024-08,2024,Aug,2024-08-01
2024-08-23,TCS,IT,3874.0,3914.79,3820.53,3875.88,7762919,0.419,2024-08,2024,Aug,2024-08-01
2024-08-26,TCS,IT,3879.72,3888.04,3858.84,3874.13,3537727,-0.045,2024-08,2024,Aug,2024-08-01
2024-08-27,TCS,IT,3878.24,3941.27,3805.61,3867.16,1658187,-0.18,2024-08,2024,Aug,2024-08-01
2024-08-28,TCS,IT,3853.12,3918.08,3831.2,3854.56,7166796,-0.326,2024-08,2024,Aug,2024-08-01
2024-08-29,TCS,IT,3870.93,3910.87,3842.03,3854.3,5350104,-0.007,2024-08,2024,Aug,2024-08-01
2024-08-30,TCS,IT,3853.72,3894.04,3785.79,3853.6,3885082,-0.018,2024-08,2024,Aug,2024-08-01
2024-09-02,TCS,IT,3863.06,3870.71,3833.8,3850.85,5961871,-0.071,2024-09,2024,Sep,2024-09-01
2024-09-03,TCS,IT,3845.95,3896.53,3833.17,3853.5,1035112,0.069,2024-09,2024,Sep,2024-09-01
2024-09-04,TCS,IT,3829.28,3889.24,3784.69,3857.24,4235986,0.097,2024-09,2024,Sep,2024-09-01
2024-09-05,TCS,IT,3864.7,3915.15,3835.77,3860.56,2711395,0.086,2024-09,2024,Sep,2024-09-01
2024-09-06,TCS,IT,3871.14,3878.11,3847.33,3859.94,2875100,-0.016,2024-09,2024,Sep,2024-09-01
2024-09-09,TCS,IT,3863.37,3913.92,3811.25,3854.5,7779083,-0.141,2024-09,2024,Sep,2024-09-01
2024-09-10,TCS,IT,3866.49,3889.22,3806.31,3859.98,4760269,0.142,2024-09,2024,Sep,2024-09-01
2024-09-11,TCS,IT,3856.06,3908.08,3800.2,3861.44,1811111,0.038,2024-09,2024,Sep,2024-09-01
2024-09-12,TCS,IT,3855.86,3913.45,3841.81,3868.34,3426183,0.179,2024-09,2024,Sep,2024-09-01
2024-09-13,TCS,IT,3883.21,3902.07,3834.1,3874.66,2547093,0.163,2024-09,2024,Sep,2024-09-01
2024-09-16,TCS,IT,3873.89,3906.77,3809.93,3867.29,7345693,-0.19,2024-09,2024,Sep,2024-09-01
2024-09-17,TCS,IT,3851.22,3918.57,3836.82,3859.88,2897149,-0.192,2024-09,2024,Sep,2024-09-01
2024-09-18,TCS,IT,3873.8,3917.55,3839.21,3856.68,3368905,-0.083,2024-09,2024,Sep,2024-09-01
2024-09-19,TCS,IT,3838.05,3860.01,3834.06,3851.65,3205919,-0.13,2024-09,2024,Sep,2024-09-01
2024-09-20,TCS,IT,3848.81,3890.72,3810.63,3857.81,2065090,0.16,2024-09,2024,Sep,2024-09-01
2024-09-23,TCS,IT,3886.77,3911.26,3844.86,3861.5,6417298,0.096,2024-09,2024,Sep,2024-09-01
2024-09-24,TCS,IT,3883.28,3929.52,3818.31,3869.83,4950001,0.216,2024-09,2024,Sep,2024-09-01
2024-09-25,TCS,IT,3868.29,3918.19,3801.15,3873.84,3946242,0.104,2024-09,2024,Sep,2024-09-01
2024-09-26,TCS,IT,3881.16,3885.73,3859.07,3876.7,3651146,0.074,2024-09,2024,Sep,2024-09-01
2024-09-27,TCS,IT,3888.15,3932.2,3838.98,3885.74,5600130,0.233,2024-09,2024,Sep,2024-09-01
2024-09-30,TCS,IT,3847.54,3942.76,3829.84,3890.27,1490466,0.117,2024-09,2024,Sep,2024-09-01
2024-10-01,TCS,IT,3878.2,3947.07,3873.14,3892.32,7508742,0.053,2024-10,2024,Oct,2024-10-01
2024-10-02,TCS,IT,3902.39,3911.0,3848.17,3903.19,4866864,0.279,2024-10,2024,Oct,2024-10-01
2024-10-03,TCS,IT,3899.99,3929.63,3867.32,3905.56,2439130,0.061,2024-10,2024,Oct,2024-10-01
2024-10-04,TCS,IT,3909.2,3941.1,3838.57,3905.33,4672494,-0.006,2024-10,2024,Oct,2024-10-01
2024-10-07,TCS,IT,3919.42,3935.31,3862.45,3901.79,6934774,-0.091,2024-10,2024,Oct,2024-10-01
2024-10-08,TCS,IT,3902.85,3939.74,3888.5,3907.88,2047019,0.156,2024-10,2024,Oct,2024-10-01
2024-10-09,TCS,IT,3900.77,3925.99,3867.04,3917.34,4571704,0.242,2024-10,2024,Oct,2024-10-01
2024-10-10,TCS,IT,3923.85,3935.32,3901.32,3918.76,5102994,0.036,2024-10,2024,Oct,2024-10-01
2024-10-11,TCS,IT,3923.58,3977.31,3861.09,3928.72,6632249,0.254,2024-10,2024,Oct,2024-10-01
2024-10-14,TCS,IT,3915.66,3939.52,3865.76,3918.11,4884984,-0.27,2024-10,2024,Oct,2024-10-01
2024-10-15,TCS,IT,3914.96,3970.86,3888.33,3919.53,6102148,0.036,2024-10,2024,Oct,2024-10-01
2024-10-16,TCS,IT,3956.23,3963.42,3881.96,3921.07,6370010,0.039,2024-10,2024,Oct,2024-10-01
2024-10-17,TCS,IT,3883.18,3959.7,3835.11,3918.3,7216130,-0.071,2024-10,2024,Oct,2024-10-01
2024-10-18,TCS,IT,3928.98,3965.21,3872.76,3935.09,3403303,0.429,2024-10,2024,Oct,2024-10-01
2024-10-21,TCS,IT,3936.44,3993.77,3927.14,3936.5,5867856,0.036,2024-10,2024,Oct,2024-10-01
2024-10-22,TCS,IT,3923.47,3992.16,3918.05,3935.77,2591068,-0.019,2024-10,2024,Oct,2024-10-01
2024-10-23,TCS,IT,3951.95,3981.14,3926.18,3937.78,6878943,0.051,2024-10,2024,Oct,2024-10-01
2024-10-24,TCS,IT,3939.81,3985.46,3896.74,3927.03,7648783,-0.273,2024-10,2024,Oct,2024-10-01
2024-10-25,TCS,IT,3923.37,3943.23,3888.32,3924.12,2918312,-0.074,2024-10,2024,Oct,2024-10-01
2024-10-28,TCS,IT,3927.92,3974.9,3914.88,3932.17,4840766,0.205,2024-10,2024,Oct,2024-10-01
2024-10-29,TCS,IT,3928.34,3939.46,3896.95,3930.1,6720842,-0.053,2024-10,2024,Oct,2024-10-01
2024-10-30,TCS,IT,3925.13,3959.72,3891.74,3926.78,995407,-0.084,2024-10,2024,Oct,2024-10-01
2024-10-31,TCS,IT,3935.68,3953.08,3924.45,3936.92,5876143,0.258,2024-10,2024,Oct,2024-10-01
2024-11-01,TCS,IT,3944.31,4010.51,3878.91,3947.28,6709124,0.263,2024-11,2024,Nov,2024-11-01
2024-11-04,TCS,IT,3956.46,3990.34,3908.26,3952.47,7072829,0.131,2024-11,2024,Nov,2024-11-01
2024-11-05,TCS,IT,3963.43,4007.2,3921.47,3951.53,2216658,-0.024,2024-11,2024,Nov,2024-11-01
2024-11-06,TCS,IT,3932.5,3980.11,3894.68,3951.95,6251592,0.011,2024-11,2024,Nov,2024-11-01
2024-11-07,TCS,IT,3932.21,3972.14,3907.28,3948.81,6459461,-0.079,2024-11,2024,Nov,2024-11-01
2024-11-08,TCS,IT,3916.88,3962.02,3856.08,3944.47,820530,-0.11,2024-11,2024,Nov,2024-11-01
2024-11-11,TCS,IT,3953.49,4018.73,3897.38,3939.83,5877169,-0.118,2024-11,2024,Nov,2024-11-01
2024-11-12,TCS,IT,3941.83,3999.35,3900.82,3937.89,5308800,-0.049,2024-11,2024,Nov,2024-11-01
2024-11-13,TCS,IT,3941.27,3954.14,3868.48,3933.33,7775458,-0.116,2024-11,2024,Nov,2024-11-01
2024-11-14,TCS,IT,3903.0,3979.2,3843.5,3925.45,1109677,-0.2,2024-11,2024,Nov,2024-11-01
2024-11-15,TCS,IT,3956.83,3988.94,3870.57,3928.78,7752170,0.085,2024-11,2024,Nov,2024-11-01
2024-11-18,TCS,IT,3922.64,3937.18,3903.67,3932.22,4914226,0.088,2024-11,2024,Nov,2024-11-01
2024-11-19,TCS,IT,3947.55,3986.96,3930.69,3944.9,2775756,0.322,2024-11,2024,Nov,2024-11-01
2024-11-20,TCS,IT,3956.13,3968.83,3892.46,3942.65,3589843,-0.057,2024-11,2024,Nov,2024-11-01
2024-11-21,TCS,IT,3930.91,3964.52,3895.66,3946.49,6318436,0.097,2024-11,2024,Nov,2024-11-01
2024-11-22,TCS,IT,3941.81,4001.14,3892.05,3950.44,7971545,0.1,2024-11,2024,Nov,2024-11-01
2024-11-25,TCS,IT,3953.65,3974.88,3895.78,3950.81,3081356,0.009,2024-11,2024,Nov,2024-11-01
2024-11-26,TCS,IT,4002.73,4067.43,3933.67,3957.5,7882758,0.169,2024-11,2024,Nov,2024-11-01
2024-11-27,TCS,IT,3969.17,4017.48,3941.24,3964.39,5330225,0.174,2024-11,2024,Nov,2024-11-01
2024-11-28,TCS,IT,3993.95,4054.45,3931.37,3968.45,2182510,0.102,2024-11,2024,Nov,2024-11-01
2024-11-29,TCS,IT,3987.95,4033.64,3946.38,3968.81,5103771,0.009,2024-11,2024,Nov,2024-11-01
2024-12-02,TCS,IT,3974.36,4037.03,3919.53,3968.52,6572724,-0.007,2024-12,2024,Dec,2024-12-01
2024-12-03,TCS,IT,3946.13,3990.13,3892.09,3961.81,1192713,-0.169,2024-12,2024,Dec,2024-12-01
2024-12-04,TCS,IT,3975.45,4016.54,3922.95,3958.67,1368182,-0.079,2024-12,2024,Dec,2024-12-01
2024-12-05,TCS,IT,3932.99,3995.35,3880.66,3956.7,837308,-0.05,2024-12,2024,Dec,2024-12-01
2024-12-06,TCS,IT,3976.85,4041.92,3913.3,3951.54,4906692,-0.13,2024-12,2024,Dec,2024-12-01
2024-12-09,TCS,IT,3959.44,3974.5,3904.37,3956.28,1215900,0.12,2024-12,2024,Dec,2024-12-01
2024-12-10,TCS,IT,3923.77,4008.75,3904.84,3965.81,7511160,0.241,2024-12,2024,Dec,2024-12-01
2024-12-11,TCS,IT,3956.6,4016.77,3902.95,3962.0,1721182,-0.096,2024-12,2024,Dec,2024-12-01
2024-12-12,TCS,IT,3976.11,4005.1,3913.56,3965.74,1315601,0.094,2024-12,2024,Dec,2024-12-01
2024-12-13,TCS,IT,3957.36,4023.49,3935.46,3961.11,2655097,-0.117,2024-12,2024,Dec,2024-12-01
2024-12-16,TCS,IT,3972.43,4001.6,3919.7,3961.1,6294930,-0.0,2024-12,2024,Dec,2024-12-01
2024-12-17,TCS,IT,3945.19,3974.27,3883.88,3958.65,7330077,-0.062,2024-12,2024,Dec,2024-12-01
2024-12-18,TCS,IT,3943.66,4007.7,3922.99,3964.37,2607225,0.144,2024-12,2024,Dec,2024-12-01
2024-12-19,TCS,IT,3960.84,3994.26,3907.32,3961.97,4534155,-0.061,2024-12,2024,Dec,2024-12-01
2024-12-20,TCS,IT,3970.79,3975.79,3901.93,3970.29,6371076,0.21,2024-12,2024,Dec,2024-12-01
2024-12-23,TCS,IT,3965.08,3979.3,3902.73,3970.62,6537620,0.008,2024-12,2024,Dec,2024-12-01
2024-12-24,TCS,IT,3987.85,4005.08,3937.31,3968.37,1901009,-0.057,2024-12,2024,Dec,2024-12-01
2024-12-25,TCS,IT,3948.81,4018.07,3904.1,3962.28,6835844,-0.153,2024-12,2024,Dec,2024-12-01
2024-12-26,TCS,IT,3970.71,4034.9,3894.92,3965.75,7044402,0.088,2024-12,2024,Dec,2024-12-01
2024-12-27,TCS,IT,3974.36,4015.2,3930.91,3973.28,6091590,0.19,2024-12,2024,Dec,2024-12-01
2024-12-30,TCS,IT,3952.09,3987.97,3940.41,3976.86,4596184,0.09,2024-12,2024,Dec,2024-12-01
2024-12-31,TCS,IT,3971.9,4033.23,3964.86,3992.96,3617972,0.405,2024-12,2024,Dec,2024-12-01
2025-01-01,TCS,IT,4004.13,4066.37,3946.14,4003.94,7203715,0.275,2025-01,2025,Jan,2025-01-01
2025-01-02,TCS,IT,4035.52,4090.97,3970.95,4003.79,7019787,-0.004,2025-01,2025,Jan,2025-01-01
2025-01-03,TCS,IT,4012.83,4036.7,3982.75,4003.55,4531194,-0.006,2025-01,2025,Jan,2025-01-01
2025-01-06,TCS,IT,3980.69,4020.81,3953.18,4008.36,6142758,0.12,2025-01,2025,Jan,2025-01-01
2025-01-07,TCS,IT,3954.94,4070.09,3900.06,4004.76,3679247,-0.09,2025-01,2025,Jan,2025-01-01
2025-01-08,TCS,IT,4025.78,4088.26,3978.25,4014.01,6150690,0.231,2025-01,2025,Jan,2025-01-01
2025-01-09,TCS,IT,4016.55,4025.78,3953.23,4018.09,1443139,0.102,2025-01,2025,Jan,2025-01-01
2025-01-10,TCS,IT,4039.85,4100.45,3967.22,4021.49,7291335,0.085,2025-01,2025,Jan,2025-01-01
2025-01-13,TCS,IT,4013.45,4038.33,3942.99,4027.64,4511947,0.153,2025-01,2025,Jan,2025-01-01
2025-01-14,TCS,IT,4046.14,4054.54,3975.41,4040.48,2163617,0.319,2025-01,2025,Jan,2025-01-01
2025-01-15,TCS,IT,4056.99,4113.36,4021.76,4043.3,4605735,0.07,2025-01,2025,Jan,2025-01-01
2025-01-16,TCS,IT,4037.02,4085.18,3987.76,4044.26,822715,0.024,2025-01,2025,Jan,2025-01-01
2025-01-17,TCS,IT,4048.81,4088.36,4043.35,4055.72,7209170,0.283,2025-01,2025,Jan,2025-01-01
2025-01-20,TCS,IT,4064.09,4130.6,3991.15,4063.68,6191848,0.196,2025-01,2025,Jan,2025-01-01
2025-01-21,TCS,IT,4072.07,4134.24,4041.15,4063.25,4072124,-0.011,2025-01,2025,Jan,2025-01-01
2025-01-22,TCS,IT,4064.69,4072.97,4014.69,4064.92,6818030,0.041,2025-01,2025,Jan,2025-01-01
2025-01-23,TCS,IT,4083.66,4130.52,4005.03,4067.82,6643309,0.071,2025-01,2025,Jan,2025-01-01
2025-01-24,TCS,IT,4064.26,4129.31,4049.11,4071.78,1657357,0.097,2025-01,2025,Jan,2025-01-01
2025-01-27,TCS,IT,4042.95,4106.65,3980.63,4064.54,1187693,-0.178,2025-01,2025,Jan,2025-01-01
2025-01-28,TCS,IT,4088.17,4160.58,4051.19,4056.1,2625632,-0.208,2025-01,2025,Jan,2025-01-01
2025-01-29,TCS,IT,4042.09,4103.2,4007.68,4051.89,809287,-0.104,2025-01,2025,Jan,2025-01-01
2025-01-30,TCS,IT,4037.97,4058.39,4001.53,4047.18,4926556,-0.116,2025-01,2025,Jan,2025-01-01
2025-01-31,TCS,IT,4043.46,4062.2,4013.7,4044.52,4603705,-0.066,2025-01,2025,Jan,2025-01-01
2025-02-03,TCS,IT,4051.22,4112.18,4005.71,4050.13,4673441,0.139,2025-02,2025,Feb,2025-02-01
2025-02-04,TCS,IT,4044.26,4123.21,3977.31,4050.52,1330005,0.01,2025-02,2025,Feb,2025-02-01
2025-02-05,TCS,IT,4052.98,4064.09,4026.4,4053.26,7411012,0.068,2025-02,2025,Feb,2025-02-01
2025-02-06,TCS,IT,4046.13,4057.72,4002.24,4046.78,7831109,-0.16,2025-02,2025,Feb,2025-02-01
2025-02-07,TCS,IT,4048.05,4104.63,3980.83,4045.22,5051890,-0.039,2025-02,2025,Feb,2025-02-01
2025-02-10,TCS,IT,4012.24,4058.91,3955.5,4050.43,839608,0.129,2025-02,2025,Feb,2025-02-01
2025-02-11,TCS,IT,4086.2,4095.05,4048.82,4055.69,3651015,0.13,2025-02,2025,Feb,2025-02-01
2025-02-12,TCS,IT,4049.98,4117.65,3981.02,4052.37,5970677,-0.082,2025-02,2025,Feb,2025-02-01
2025-02-13,TCS,IT,4064.2,4123.57,4047.51,4054.78,6190833,0.059,2025-02,2025,Feb,2025-02-01
2025-02-14,TCS,IT,4047.98,4135.49,4003.42,4070.42,2552369,0.386,2025-02,2025,Feb,2025-02-01
2025-02-17,TCS,IT,4063.97,4120.74,4020.16,4071.64,6723448,0.03,2025-02,2025,Feb,2025-02-01
2025-02-18,TCS,IT,4057.5,4094.82,3999.2,4068.44,7766374,-0.079,2025-02,2025,Feb,2025-02-01
2025-02-19,TCS,IT,4092.53,4159.68,4054.28,4068.61,4462438,0.004,2025-02,2025,Feb,2025-02-01
2025-02-20,TCS,IT,4060.96,4095.24,4044.51,4070.49,3547099,0.046,2025-02,2025,Feb,2025-02-01
2025-02-21,TCS,IT,4083.12,4106.33,4014.66,4070.78,4588126,0.007,2025-02,2025,Feb,2025-02-01
2025-02-24,TCS,IT,4061.23,4137.25,4046.84,4071.82,996440,0.026,2025-02,2025,Feb,2025-02-01
2025-02-25,TCS,IT,4056.3,4114.75,4019.87,4063.66,4568839,-0.2,2025-02,2025,Feb,2025-02-01
2025-02-26,TCS,IT,4054.63,4124.47,4000.14,4058.62,993937,-0.124,2025-02,2025,Feb,2025-02-01
2025-02-27,TCS,IT,4079.69,4094.58,4009.85,4058.84,1050478,0.005,2025-02,2025,Feb,2025-02-01
2025-02-28,TCS,IT,4028.26,4128.72,4009.81,4058.95,4784288,0.003,2025-02,2025,Feb,2025-02-01
2025-03-03,TCS,IT,4035.09,4102.75,4010.2,4056.44,4477693,-0.062,2025-03,2025,Mar,2025-03-01
2025-03-04,TCS,IT,4024.84,4106.56,3954.51,4056.43,7904326,-0.0,2025-03,2025,Mar,2025-03-01
2025-03-05,TCS,IT,4040.31,4125.08,4005.45,4057.96,4455259,0.038,2025-03,2025,Mar,2025-03-01
2025-03-06,TCS,IT,4051.67,4095.24,4044.55,4064.86,7854369,0.17,2025-03,2025,Mar,2025-03-01
2025-03-07,TCS,IT,4039.07,4119.12,4019.95,4065.32,6611198,0.011,2025-03,2025,Mar,2025-03-01
2025-03-10,TCS,IT,4057.06,4117.37,4029.38,4069.01,3228365,0.091,2025-03,2025,Mar,2025-03-01
2025-03-11,TCS,IT,4033.79,4125.08,3961.21,4066.56,7468421,-0.06,2025-03,2025,Mar,2025-03-01
2025-03-12,TCS,IT,4054.77,4137.5,4029.85,4071.35,4275466,0.118,2025-03,2025,Mar,2025-03-01
2025-03-13,TCS,IT,4094.41,4145.84,4068.94,4074.84,5083622,0.086,2025-03,2025,Mar,2025-03-01
2025-03-14,TCS,IT,4088.12,4096.91,4041.86,4081.53,1523281,0.164,2025-03,2025,Mar,2025-03-01
2025-03-17,TCS,IT,4090.28,4107.11,4077.32,4087.22,2330644,0.139,2025-03,2025,Mar,2025-03-01
2025-03-18,TCS,IT,4075.67,4162.54,4052.61,4092.08,4559673,0.119,2025-03,2025,Mar,2025-03-01
2025-03-19,TCS,IT,4067.3,4163.92,3994.61,4092.44,2752913,0.009,2025-03,2025,Mar,2025-03-01
2025-03-20,TCS,IT,4076.38,4166.48,4023.47,4095.04,5117851,0.064,2025-03,2025,Mar,2025-03-01
2025-03-21,TCS,IT,4102.28,4109.66,4094.64,4102.99,1375366,0.194,2025-03,2025,Mar,2025-03-01
2025-03-24,TCS,IT,4113.92,4144.78,4064.31,4099.68,2607643,-0.081,2025-03,2025,Mar,2025-03-01
2025-03-25,TCS,IT,4111.3,4168.51,4080.46,4096.51,5589149,-0.077,2025-03,2025,Mar,2025-03-01
2025-03-26,TCS,IT,4108.99,4165.69,4085.98,4098.65,5207223,0.052,2025-03,2025,Mar,2025-03-01
2025-03-27,TCS,IT,4090.2,4112.4,4045.29,4102.31,7882344,0.089,2025-03,2025,Mar,2025-03-01
2025-03-28,TCS,IT,4098.23,4144.79,4058.5,4097.83,7277787,-0.109,2025-03,2025,Mar,2025-03-01
2025-03-31,TCS,IT,4092.98,4112.3,4037.2,4098.25,6636499,0.01,2025-03,2025,Mar,2025-03-01
2025-04-01,TCS,IT,4095.24,4137.0,4029.03,4098.54,806878,0.007,2025-04,2025,Apr,2025-04-01
2025-04-02,TCS,IT,4118.22,4139.12,4063.72,4084.93,5137762,-0.332,2025-04,2025,Apr,2025-04-01
2025-04-03,TCS,IT,4055.6,4092.16,3987.91,4084.38,2448323,-0.013,2025-04,2025,Apr,2025-04-01
2025-04-04,TCS,IT,4080.4,4093.87,4040.39,4084.23,2721790,-0.004,2025-04,2025,Apr,2025-04-01
2025-04-07,TCS,IT,4103.85,4171.51,4062.0,4084.06,2311420,-0.004,2025-04,2025,Apr,2025-04-01
2025-04-08,TCS,IT,4070.18,4150.11,4007.59,4094.19,4082504,0.248,2025-04,2025,Apr,2025-04-01
2025-04-09,TCS,IT,4076.56,4155.92,4070.02,4087.09,1691980,-0.173,2025-04,2025,Apr,2025-04-01
2025-04-10,TCS,IT,4073.91,4119.25,4031.09,4082.55,4628899,-0.111,2025-04,2025,Apr,2025-04-01
2025-04-11,TCS,IT,4062.73,4099.0,4008.83,4066.36,1995928,-0.397,2025-04,2025,Apr,2025-04-01
2025-04-14,TCS,IT,4038.13,4092.9,4014.87,4064.07,4403286,-0.056,2025-04,2025,Apr,2025-04-01
2025-04-15,TCS,IT,4072.0,4118.74,3998.64,4062.33,5306570,-0.043,2025-04,2025,Apr,2025-04-01
2025-04-16,TCS,IT,4070.66,4099.06,4039.2,4059.84,2093659,-0.061,2025-04,2025,Apr,2025-04-01
2025-04-17,TCS,IT,4076.14,4131.93,4005.72,4067.87,1539399,0.198,2025-04,2025,Apr,2025-04-01
2025-04-18,TCS,IT,4060.11,4133.87,4050.63,4074.3,6605061,0.158,2025-04,2025,Apr,2025-04-01
2025-04-21,TCS,IT,4077.04,4141.82,4060.47,4075.63,6117427,0.033,2025-04,2025,Apr,2025-04-01
2025-04-22,TCS,IT,4059.37,4094.92,4029.02,4074.03,2682477,-0.039,2025-04,2025,Apr,2025-04-01
2025-04-23,TCS,IT,4076.11,4122.19,4012.85,4081.54,7186562,0.184,2025-04,2025,Apr,2025-04-01
2025-04-24,TCS,IT,4117.39,4137.15,4068.11,4082.23,2392376,0.017,2025-04,2025,Apr,2025-04-01
2025-04-25,TCS,IT,4079.27,4085.95,4012.94,4077.7,7471431,-0.111,2025-04,2025,Apr,2025-04-01
2025-04-28,TCS,IT,4048.02,4120.35,4028.16,4067.34,1615644,-0.254,2025-04,2025,Apr,2025-04-01
2025-04-29,TCS,IT,4068.21,4110.25,4029.94,4065.28,5553265,-0.051,2025-04,2025,Apr,2025-04-01
2025-04-30,TCS,IT,4048.99,4125.18,4020.66,4071.0,938008,0.141,2025-04,2025,Apr,2025-04-01
2025-05-01,TCS,IT,4067.08,4096.85,4054.85,4086.68,2221254,0.385,2025-05,2025,May,2025-05-01
2025-05-02,TCS,IT,4070.88,4161.18,4001.46,4087.91,3713824,0.03,2025-05,2025,May,2025-05-01
2025-05-05,TCS,IT,4076.47,4156.84,4042.03,4083.73,1414135,-0.102,2025-05,2025,May,2025-05-01
2025-05-06,TCS,IT,4092.1,4128.54,4024.89,4076.82,4090214,-0.169,2025-05,2025,May,2025-05-01
2025-05-07,TCS,IT,4090.69,4155.01,4037.25,4081.25,2470579,0.109,2025-05,2025,May,2025-05-01
2025-05-08,TCS,IT,4079.09,4100.06,4031.78,4070.57,1512467,-0.262,2025-05,2025,May,2025-05-01
2025-05-09,TCS,IT,4057.08,4130.16,4010.5,4074.99,7726091,0.109,2025-05,2025,May,2025-05-01
2025-05-12,TCS,IT,4072.33,4146.25,4006.07,4081.17,7869180,0.152,2025-05,2025,May,2025-05-01
2025-05-13,TCS,IT,4089.31,4150.04,4032.22,4084.87,7728885,0.091,2025-05,2025,May,2025-05-01
2025-05-14,TCS,IT,4074.02,4144.73,4033.07,4084.29,1909517,-0.014,2025-05,2025,May,2025-05-01
2025-05-15,TCS,IT,4084.29,4125.12,4035.41,4088.84,3549815,0.111,2025-05,2025,May,2025-05-01
2025-05-16,TCS,IT,4098.05,4159.27,4044.57,4090.83,3157425,0.049,2025-05,2025,May,2025-05-01
2025-05-19,TCS,IT,4080.91,4138.68,4046.78,4086.61,3145699,-0.103,2025-05,2025,May,2025-05-01
2025-05-20,TCS,IT,4103.32,4116.66,4051.97,4099.61,3799546,0.318,2025-05,2025,May,2025-05-01
2025-05-21,TCS,IT,4124.31,4136.44,4063.2,4098.2,4472076,-0.034,2025-05,2025,May,2025-05-01
2025-05-22,TCS,IT,4101.37,4162.16,4044.45,4104.19,4293029,0.146,2025-05,2025,May,2025-05-01
2025-05-23,TCS,IT,4108.54,4156.33,4017.8,4089.25,2900154,-0.364,2025-05,2025,May,2025-05-01
2025-05-26,TCS,IT,4107.7,4148.08,4027.55,4098.53,7854745,0.227,2025-05,2025,May,2025-05-01
2025-05-27,TCS,IT,4084.99,4176.59,4023.91,4109.1,7853569,0.258,2025-05,2025,May,2025-05-01
2025-05-28,TCS,IT,4092.12,4160.44,4046.17,4110.24,3184788,0.028,2025-05,2025,May,2025-05-01
2025-05-29,TCS,IT,4101.15,4146.7,4044.81,4114.87,2392794,0.113,2025-05,2025,May,2025-05-01
2025-05-30,TCS,IT,4105.43,4152.63,4088.9,4119.52,4635533,0.113,2025-05,2025,May,2025-05-01
2025-06-02,TCS,IT,4114.77,4162.73,4077.15,4116.26,3457827,-0.079,2025-06,2025,Jun,2025-06-01
2025-06-03,TCS,IT,4130.99,4188.51,4098.71,4120.86,7907459,0.112,2025-06,2025,Jun,2025-06-01
2025-06-04,TCS,IT,4137.2,4181.03,4112.17,4116.53,3891470,-0.105,2025-06,2025,Jun,2025-06-01
2025-06-05,TCS,IT,4118.6,4158.34,4041.82,4113.53,1086421,-0.073,2025-06,2025,Jun,2025-06-01
2025-06-06,TCS,IT,4114.64,4177.04,4050.1,4121.98,1700460,0.205,2025-06,2025,Jun,2025-06-01
2025-06-09,TCS,IT,4095.07,4183.1,4055.21,4129.46,1336927,0.181,2025-06,2025,Jun,2025-06-01
2025-06-10,TCS,IT,4127.02,4189.4,4103.9,4125.85,3556338,-0.087,2025-06,2025,Jun,2025-06-01
2025-06-11,TCS,IT,4122.51,4131.01,4069.4,4122.08,3078840,-0.091,2025-06,2025,Jun,2025-06-01
2025-06-12,TCS,IT,4121.92,4178.94,4084.34,4118.91,6968461,-0.077,2025-06,2025,Jun,2025-06-01
2025-06-13,TCS,IT,4159.59,4200.08,4064.38,4124.84,7212220,0.144,2025-06,2025,Jun,2025-06-01
2025-06-16,TCS,IT,4139.8,4149.19,4045.24,4119.35,1810599,-0.133,2025-06,2025,Jun,2025-06-01
2025-06-17,TCS,IT,4135.78,4187.66,4094.24,4122.83,7601079,0.084,2025-06,2025,Jun,2025-06-01
2025-06-18,TCS,IT,4113.02,4183.33,4091.82,4128.91,5004958,0.147,2025-06,2025,Jun,2025-06-01
2025-06-19,TCS,IT,4121.01,4170.37,4098.16,4129.48,3009026,0.014,2025-06,2025,Jun,2025-06-01
2025-06-20,TCS,IT,4135.77,4197.31,4125.07,4137.34,3727787,0.19,2025-06,2025,Jun,2025-06-01
2025-06-23,TCS,IT,4123.69,4161.77,4091.94,4136.52,3977917,-0.02,2025-06,2025,Jun,2025-06-01
2025-06-24,TCS,IT,4144.6,4162.97,4130.95,4136.32,2027864,-0.005,2025-06,2025,Jun,2025-06-01
2025-06-25,TCS,IT,4136.98,4165.78,4118.91,4131.08,7045404,-0.127,2025-06,2025,Jun,2025-06-01
2025-06-26,TCS,IT,4121.03,4172.04,4097.88,4139.05,888820,0.193,2025-06,2025,Jun,2025-06-01
2025-06-27,TCS,IT,4155.04,4208.35,4119.87,4135.24,1302014,-0.092,2025-06,2025,Jun,2025-06-01
2025-06-30,TCS,IT,4140.53,4204.18,4083.18,4138.83,2768071,0.087,2025-06,2025,Jun,2025-06-01
2025-07-01,TCS,IT,4111.02,4194.53,4099.53,4139.65,1833833,0.02,2025-07,2025,Jul,2025-07-01
2025-07-02,TCS,IT,4133.15,4150.36,4068.17,4134.0,1245168,-0.136,2025-07,2025,Jul,2025-07-01
2025-07-03,TCS,IT,4135.95,4165.83,4111.64,4131.3,3560427,-0.065,2025-07,2025,Jul,2025-07-01
2025-07-04,TCS,IT,4157.91,4173.27,4130.01,4141.8,3512732,0.254,2025-07,2025,Jul,2025-07-01
2025-07-07,TCS,IT,4138.91,4197.03,4134.06,4144.5,1704098,0.065,2025-07,2025,Jul,2025-07-01
2025-07-08,TCS,IT,4152.9,4174.58,4084.73,4139.2,6633510,-0.128,2025-07,2025,Jul,2025-07-01
2025-07-09,TCS,IT,4145.72,4186.89,4120.41,4142.62,7154530,0.083,2025-07,2025,Jul,2025-07-01
2025-07-10,TCS,IT,4121.28,4202.98,4081.46,4143.07,5981733,0.011,2025-07,2025,Jul,2025-07-01
2025-07-11,TCS,IT,4143.89,4219.18,4131.88,4167.48,4559707,0.589,2025-07,2025,Jul,2025-07-01
2025-07-14,TCS,IT,4189.57,4215.01,4096.81,4170.84,7621162,0.081,2025-07,2025,Jul,2025-07-01
2025-07-15,TCS,IT,4189.73,4217.63,4156.73,4169.78,3323625,-0.025,2025-07,2025,Jul,2025-07-01
2025-07-16,TCS,IT,4186.17,4236.86,4147.32,4180.77,3874511,0.264,2025-07,2025,Jul,2025-07-01
2025-07-17,TCS,IT,4194.94,4238.32,4105.45,4169.99,908490,-0.258,2025-07,2025,Jul,2025-07-01
2025-07-18,TCS,IT,4189.79,4200.85,4150.62,4172.16,5896170,0.052,2025-07,2025,Jul,2025-07-01
2025-07-21,TCS,IT,4198.5,4265.08,4163.86,4187.05,1465983,0.357,2025-07,2025,Jul,2025-07-01
2025-07-22,TCS,IT,4172.59,4228.53,4111.06,4187.85,5590460,0.019,2025-07,2025,Jul,2025-07-01
2025-07-23,TCS,IT,4206.78,4244.84,4154.25,4177.85,6433471,-0.239,2025-07,2025,Jul,2025-07-01
2025-07-24,TCS,IT,4185.77,4204.07,4172.43,4176.81,2362733,-0.025,2025-07,2025,Jul,2025-07-01
2025-07-25,TCS,IT,4181.71,4219.2,4147.1,4188.17,5206523,0.272,2025-07,2025,Jul,2025-07-01
2025-07-28,TCS,IT,4181.13,4220.25,4176.06,4192.34,2985794,0.1,2025-07,2025,Jul,2025-07-01
2025-07-29,TCS,IT,4192.68,4216.17,4119.41,4188.38,3667906,-0.094,2025-07,2025,Jul,2025-07-01
2025-07-30,TCS,IT,4157.49,4230.03,4107.97,4185.47,4614772,-0.069,2025-07,2025,Jul,2025-07-01
2025-07-31,TCS,IT,4195.13,4232.29,4137.77,4183.42,2596213,-0.049,2025-07,2025,Jul,2025-07-01
2025-08-01,TCS,IT,4171.58,4255.04,4153.11,4187.55,6535932,0.099,2025-08,2025,Aug,2025-08-01
2025-08-04,TCS,IT,4204.49,4275.98,4144.11,4198.26,3641319,0.256,2025-08,2025,Aug,2025-08-01
2025-08-05,TCS,IT,4198.32,4227.0,4145.78,4207.09,4125051,0.21,2025-08,2025,Aug,2025-08-01
2025-08-06,TCS,IT,4207.48,4223.32,4198.95,4211.94,6665772,0.115,2025-08,2025,Aug,2025-08-01
2025-08-07,TCS,IT,4192.03,4265.1,4125.06,4204.76,2439739,-0.17,2025-08,2025,Aug,2025-08-01
2025-08-08,TCS,IT,4194.93,4272.82,4149.41,4197.63,4056227,-0.17,2025-08,2025,Aug,2025-08-01
2025-08-11,TCS,IT,4234.8,4301.2,4142.21,4203.03,7952952,0.129,2025-08,2025,Aug,2025-08-01
2025-08-12,TCS,IT,4219.07,4224.98,4172.87,4195.82,3678007,-0.172,2025-08,2025,Aug,2025-08-01
2025-08-13,TCS,IT,4202.1,4224.25,4183.25,4196.15,1632167,0.008,2025-08,2025,Aug,2025-08-01
2025-08-14,TCS,IT,4199.62,4207.34,4145.27,4200.05,2847842,0.093,2025-08,2025,Aug,2025-08-01
2025-08-15,TCS,IT,4208.44,4271.37,4133.48,4194.28,7682400,-0.137,2025-08,2025,Aug,2025-08-01
2025-08-18,TCS,IT,4208.23,4254.03,4157.61,4189.29,6265754,-0.119,2025-08,2025,Aug,2025-08-01
2025-08-19,TCS,IT,4176.65,4231.35,4170.79,4190.56,6625133,0.03,2025-08,2025,Aug,2025-08-01
2025-08-20,TCS,IT,4194.55,4239.59,4132.0,4195.85,2625693,0.126,2025-08,2025,Aug,2025-08-01
2025-08-21,TCS,IT,4174.26,4227.16,4155.46,4204.91,6840033,0.216,2025-08,2025,Aug,2025-08-01
2025-08-22,TCS,IT,4229.85,4277.34,4182.45,4210.93,3632139,0.143,2025-08,2025,Aug,2025-08-01
2025-08-25,TCS,IT,4248.19,4254.65,4164.17,4213.39,6523406,0.058,2025-08,2025,Aug,2025-08-01
2025-08-26,TCS,IT,4211.67,4262.14,4198.96,4210.32,7142388,-0.073,2025-08,2025,Aug,2025-08-01
2025-08-27,TCS,IT,4169.35,4261.8,4160.07,4205.09,2298830,-0.124,2025-08,2025,Aug,2025-08-01
2025-08-28,TCS,IT,4213.88,4266.3,4197.6,4203.64,7557152,-0.034,2025-08,2025,Aug,2025-08-01
2025-08-29,TCS,IT,4193.17,4236.36,4123.64,4208.39,5354593,0.113,2025-08,2025,Aug,2025-08-01
2025-09-01,TCS,IT,4201.49,4276.05,4175.05,4212.67,6062375,0.102,2025-09,2025,Sep,2025-09-01
2025-09-02,TCS,IT,4211.08,4266.51,4149.17,4200.55,6248598,-0.288,2025-09,2025,Sep,2025-09-01
2025-09-03,TCS,IT,4201.56,4214.93,4122.51,4197.29,2012826,-0.078,2025-09,2025,Sep,2025-09-01
2025-09-04,TCS,IT,4199.21,4225.59,4147.22,4207.42,6168937,0.241,2025-09,2025,Sep,2025-09-01
2025-09-05,TCS,IT,4199.06,4259.8,4157.37,4210.0,2333133,0.061,2025-09,2025,Sep,2025-09-01
2025-09-08,TCS,IT,4204.62,4229.51,4161.09,4202.51,2755270,-0.178,2025-09,2025,Sep,2025-09-01
2025-09-09,TCS,IT,4213.53,4233.23,4182.32,4220.44,1639191,0.427,2025-09,2025,Sep,2025-09-01
2025-09-10,TCS,IT,4203.58,4237.66,4156.52,4222.31,2104059,0.044,2025-09,2025,Sep,2025-09-01
2025-09-11,TCS,IT,4221.37,4243.12,4148.34,4226.99,7848246,0.111,2025-09,2025,Sep,2025-09-01
2025-09-12,TCS,IT,4237.53,4276.18,4170.85,4231.78,3162485,0.113,2025-09,2025,Sep,2025-09-01
2025-09-15,TCS,IT,4228.37,4279.3,4193.64,4231.38,3586483,-0.009,2025-09,2025,Sep,2025-09-01
2025-09-16,TCS,IT,4204.64,4245.46,4176.68,4228.55,4254880,-0.067,2025-09,2025,Sep,2025-09-01
2025-09-17,TCS,IT,4261.83,4317.71,4177.03,4245.04,5933161,0.39,2025-09,2025,Sep,2025-09-01
2025-09-18,TCS,IT,4207.37,4278.55,4193.45,4253.97,4931221,0.21,2025-09,2025,Sep,2025-09-01
2025-09-19,TCS,IT,4254.08,4288.52,4188.39,4261.69,4660242,0.181,2025-09,2025,Sep,2025-09-01
2025-09-22,TCS,IT,4257.16,4288.23,4234.45,4267.75,6826042,0.142,2025-09,2025,Sep,2025-09-01
2025-09-23,TCS,IT,4265.56,4326.76,4206.91,4263.03,4370791,-0.111,2025-09,2025,Sep,2025-09-01
2025-09-24,TCS,IT,4283.49,4357.67,4211.04,4273.89,6337046,0.255,2025-09,2025,Sep,2025-09-01
2025-09-25,TCS,IT,4289.51,4329.71,4231.36,4270.26,7358447,-0.085,2025-09,2025,Sep,2025-09-01
2025-09-26,TCS,IT,4262.15,4281.66,4243.96,4274.33,5668283,0.095,2025-09,2025,Sep,2025-09-01
2025-09-29,TCS,IT,4275.28,4298.49,4199.75,4265.27,1054306,-0.212,2025-09,2025,Sep,2025-09-01
2025-09-30,TCS,IT,4256.82,4272.52,4222.66,4253.49,2697122,-0.276,2025-09,2025,Sep,2025-09-01
2025-10-01,TCS,IT,4228.63,4323.04,4201.35,4257.78,5247763,0.101,2025-10,2025,Oct,2025-10-01
2025-10-02,TCS,IT,4286.74,4297.21,4213.26,4254.4,4247939,-0.079,2025-10,2025,Oct,2025-10-01
2025-10-03,TCS,IT,4218.58,4316.95,4183.16,4243.0,2850310,-0.268,2025-10,2025,Oct,2025-10-01
2025-10-06,TCS,IT,4255.91,4302.75,4195.2,4248.78,3215138,0.136,2025-10,2025,Oct,2025-10-01
2025-10-07,TCS,IT,4272.0,4313.87,4251.13,4265.34,1364194,0.39,2025-10,2025,Oct,2025-10-01
2025-10-08,TCS,IT,4281.68,4347.64,4241.01,4276.96,2491482,0.272,2025-10,2025,Oct,2025-10-01
2025-10-09,TCS,IT,4268.86,4283.6,4199.88,4277.32,6436006,0.008,2025-10,2025,Oct,2025-10-01
2025-10-10,TCS,IT,4293.66,4354.68,4272.59,4279.5,873766,0.051,2025-10,2025,Oct,2025-10-01
2025-10-13,TCS,IT,4260.93,4300.48,4223.55,4287.7,6825183,0.192,2025-10,2025,Oct,2025-10-01
2025-10-14,TCS,IT,4296.38,4363.24,4243.84,4297.52,3244126,0.229,2025-10,2025,Oct,2025-10-01
2025-10-15,TCS,IT,4287.57,4340.22,4218.58,4297.26,6616735,-0.006,2025-10,2025,Oct,2025-10-01
2025-10-16,TCS,IT,4287.95,4308.37,4240.38,4299.6,2644037,0.054,2025-10,2025,Oct,2025-10-01
2025-10-17,TCS,IT,4311.15,4376.53,4239.14,4303.77,6767192,0.097,2025-10,2025,Oct,2025-10-01
2025-10-20,TCS,IT,4328.25,4334.59,4289.05,4309.68,4917696,0.137,2025-10,2025,Oct,2025-10-01
2025-10-21,TCS,IT,4304.93,4325.3,4274.8,4310.85,6930432,0.027,2025-10,2025,Oct,2025-10-01
2025-10-22,TCS,IT,4325.56,4388.56,4238.72,4312.1,1248572,0.029,2025-10,2025,Oct,2025-10-01
2025-10-23,TCS,IT,4324.56,4363.06,4254.26,4323.7,6541446,0.269,2025-10,2025,Oct,2025-10-01
2025-10-24,TCS,IT,4318.67,4403.42,4273.39,4334.15,2747741,0.242,2025-10,2025,Oct,2025-10-01
2025-10-27,TCS,IT,4335.05,4390.74,4295.67,4339.52,3383673,0.124,2025-10,2025,Oct,2025-10-01
2025-10-28,TCS,IT,4348.32,4404.04,4310.63,4353.53,1122340,0.323,2025-10,2025,Oct,2025-10-01
2025-10-29,TCS,IT,4340.76,4378.87,4332.08,4352.89,7669225,-0.015,2025-10,2025,Oct,2025-10-01
2025-10-30,TCS,IT,4373.74,4388.05,4295.65,4366.25,5418208,0.307,2025-10,2025,Oct,2025-10-01
2025-10-31,TCS,IT,4376.18,4452.06,4306.9,4372.08,7862629,0.134,2025-10,2025,Oct,2025-10-01
2025-11-03,TCS,IT,4369.08,4409.28,4330.82,4397.05,4890964,0.571,2025-11,2025,Nov,2025-11-01
2025-11-04,TCS,IT,4361.68,4434.57,4336.6,4390.69,1938953,-0.145,2025-11,2025,Nov,2025-11-01
2025-11-05,TCS,IT,4395.31,4420.07,4357.89,4387.85,3229856,-0.065,2025-11,2025,Nov,2025-11-01
2025-11-06,TCS,IT,4378.46,4416.9,4364.92,4392.79,3967196,0.113,2025-11,2025,Nov,2025-11-01
2025-11-07,TCS,IT,4402.87,4451.78,4339.2,4397.56,1860809,0.109,2025-11,2025,Nov,2025-11-01
2025-11-10,TCS,IT,4427.06,4491.54,4367.1,4413.28,7506848,0.357,2025-11,2025,Nov,2025-11-01
2025-11-11,TCS,IT,4388.09,4473.2,4366.24,4410.52,7697022,-0.063,2025-11,2025,Nov,2025-11-01
2025-11-12,TCS,IT,4393.9,4488.54,4342.97,4418.85,4857166,0.189,2025-11,2025,Nov,2025-11-01
2025-11-13,TCS,IT,4458.68,4485.34,4350.86,4429.02,5007625,0.23,2025-11,2025,Nov,2025-11-01
2025-11-14,TCS,IT,4442.17,4481.79,4422.27,4435.93,5865139,0.156,2025-11,2025,Nov,2025-11-01
2025-11-17,TCS,IT,4423.59,4436.16,4384.69,4431.02,5689616,-0.111,2025-11,2025,Nov,2025-11-01
2025-11-18,TCS,IT,4426.31,4503.76,4384.7,4442.91,1251217,0.268,2025-11,2025,Nov,2025-11-01
2025-11-19,TCS,IT,4444.45,4480.88,4427.4,4453.54,4625711,0.239,2025-11,2025,Nov,2025-11-01
2025-11-20,TCS,IT,4438.44,4506.71,4393.89,4459.68,6395264,0.138,2025-11,2025,Nov,2025-11-01
2025-11-21,TCS,IT,4478.76,4496.13,4412.55,4462.99,6607039,0.074,2025-11,2025,Nov,2025-11-01
2025-11-24,TCS,IT,4452.56,4533.13,4436.2,4466.44,5091495,0.077,2025-11,2025,Nov,2025-11-01
2025-11-25,TCS,IT,4487.24,4554.07,4451.48,4467.7,7253936,0.028,2025-11,2025,Nov,2025-11-01
2025-11-26,TCS,IT,4466.91,4545.3,4397.42,4474.08,5020656,0.143,2025-11,2025,Nov,2025-11-01
2025-11-27,TCS,IT,4457.41,4484.07,4429.36,4476.09,3555515,0.045,2025-11,2025,Nov,2025-11-01
2025-11-28,TCS,IT,4464.16,4551.71,4411.86,4471.79,3987161,-0.096,2025-11,2025,Nov,2025-11-01
2025-12-01,TCS,IT,4419.16,4489.32,4367.65,4466.04,5768182,-0.129,2025-12,2025,Dec,2025-12-01
2025-12-02,TCS,IT,4460.24,4490.33,4392.15,4462.39,7182661,-0.082,2025-12,2025,Dec,2025-12-01
2025-12-03,TCS,IT,4462.65,4489.08,4402.05,4465.69,2455189,0.074,2025-12,2025,Dec,2025-12-01
2025-12-04,TCS,IT,4481.92,4506.79,4398.88,4467.19,2913150,0.034,2025-12,2025,Dec,2025-12-01
2025-12-05,TCS,IT,4436.67,4516.87,4385.08,4470.4,5493356,0.072,2025-12,2025,Dec,2025-12-01
2025-12-08,TCS,IT,4496.44,4519.27,4436.96,4475.64,6297711,0.117,2025-12,2025,Dec,2025-12-01
2025-12-09,TCS,IT,4487.46,4521.99,4438.38,4472.78,3673920,-0.064,2025-12,2025,Dec,2025-12-01
2025-12-10,TCS,IT,4507.37,4562.11,4451.52,4484.91,5430883,0.271,2025-12,2025,Dec,2025-12-01
2025-12-11,TCS,IT,4483.64,4552.81,4447.27,4484.59,848827,-0.007,2025-12,2025,Dec,2025-12-01
2025-12-12,TCS,IT,4501.24,4558.75,4468.72,4483.06,2900580,-0.034,2025-12,2025,Dec,2025-12-01
2025-12-15,TCS,IT,4461.67,4537.92,4425.06,4488.09,7679800,0.112,2025-12,2025,Dec,2025-12-01
2025-12-16,TCS,IT,4489.23,4504.99,4442.35,4476.46,4950746,-0.259,2025-12,2025,Dec,2025-12-01
2025-12-17,TCS,IT,4458.53,4538.84,4451.45,4472.32,7052779,-0.092,2025-12,2025,Dec,2025-12-01
2025-12-18,TCS,IT,4451.25,4488.17,4425.98,4480.85,2367076,0.191,2025-12,2025,Dec,2025-12-01
2025-12-19,TCS,IT,4449.8,4494.44,4388.47,4469.89,2894023,-0.245,2025-12,2025,Dec,2025-12-01
2025-12-22,TCS,IT,4479.46,4488.28,4430.87,4479.36,7819505,0.212,2025-12,2025,Dec,2025-12-01
2025-12-23,TCS,IT,4476.84,4547.11,4411.01,4491.65,7983852,0.274,2025-12,2025,Dec,2025-12-01
2025-12-24,TCS,IT,4497.19,4529.85,4444.51,4490.43,7113289,-0.027,2025-12,2025,Dec,2025-12-01
2025-12-25,TCS,IT,4461.44,4548.25,4392.2,4493.94,3083319,0.078,2025-12,2025,Dec,2025-12-01
2025-12-26,TCS,IT,4465.08,4534.47,4400.19,4503.4,6570458,0.211,2025-12,2025,Dec,2025-12-01
2025-12-29,TCS,IT,4526.12,4565.72,4489.39,4501.41,4103678,-0.044,2025-12,2025,Dec,2025-12-01
2025-12-30,TCS,IT,4525.33,4565.09,4429.63,4509.03,6876291,0.169,2025-12,2025,Dec,2025-12-01
2025-12-31,TCS,IT,4486.62,4513.53,4481.01,4505.53,6929064,-0.078,2025-12,2025,Dec,2025-12-01
2023-01-02,INFY,IT,1497.36,1517.69,1491.13,1503.24,2124830,,2023-01,2023,Jan,2023-01-01
2023-01-03,INFY,IT,1512.29,1537.59,1485.78,1505.79,2997558,0.17,2023-01,2023,Jan,2023-01-01
2023-01-04,INFY,IT,1503.12,1532.6,1499.74,1505.74,1231824,-0.003,2023-01,2023,Jan,2023-01-01
2023-01-05,INFY,IT,1506.02,1516.88,1489.38,1506.17,6229896,0.029,2023-01,2023,Jan,2023-01-01
2023-01-06,INFY,IT,1509.14,1513.88,1493.09,1505.76,4732922,-0.027,2023-01,2023,Jan,2023-01-01
2023-01-09,INFY,IT,1504.49,1518.92,1496.58,1508.1,6891141,0.155,2023-01,2023,Jan,2023-01-01
2023-01-10,INFY,IT,1510.02,1517.27,1484.41,1506.6,7014460,-0.099,2023-01,2023,Jan,2023-01-01
2023-01-11,INFY,IT,1494.29,1521.73,1488.33,1506.63,3303114,0.002,2023-01,2023,Jan,2023-01-01
2023-01-12,INFY,IT,1503.11,1514.29,1475.18,1500.47,6683246,-0.409,2023-01,2023,Jan,2023-01-01
2023-01-13,INFY,IT,1491.11,1519.79,1467.2,1505.98,1240882,0.367,2023-01,2023,Jan,2023-01-01
2023-01-16,INFY,IT,1504.57,1526.98,1493.85,1505.94,3893829,-0.003,2023-01,2023,Jan,2023-01-01
2023-01-17,INFY,IT,1512.99,1521.55,1498.51,1507.84,5593232,0.126,2023-01,2023,Jan,2023-01-01
2023-01-18,INFY,IT,1516.39,1531.77,1507.58,1512.63,4156839,0.318,2023-01,2023,Jan,2023-01-01
2023-01-19,INFY,IT,1506.24,1524.25,1481.27,1514.1,6124378,0.097,2023-01,2023,Jan,2023-01-01
2023-01-20,INFY,IT,1511.78,1540.67,1494.14,1518.89,6981921,0.316,2023-01,2023,Jan,2023-01-01
2023-01-23,INFY,IT,1511.75,1533.93,1509.43,1515.93,3852905,-0.195,2023-01,2023,Jan,2023-01-01
2023-01-24,INFY,IT,1524.62,1526.37,1508.73,1523.49,2776101,0.499,2023-01,2023,Jan,2023-01-01
2023-01-25,INFY,IT,1514.86,1545.94,1511.14,1527.28,4998302,0.249,2023-01,2023,Jan,2023-01-01
2023-01-26,INFY,IT,1528.45,1534.48,1512.01,1528.53,7053077,0.082,2023-01,2023,Jan,2023-01-01
2023-01-27,INFY,IT,1535.24,1555.69,1518.53,1533.33,7909074,0.314,2023-01,2023,Jan,2023-01-01
2023-01-30,INFY,IT,1528.86,1546.88,1525.18,1530.59,6671914,-0.179,2023-01,2023,Jan,2023-01-01
2023-01-31,INFY,IT,1533.63,1545.63,1507.66,1530.42,2563989,-0.011,2023-01,2023,Jan,2023-01-01
2023-02-01,INFY,IT,1536.67,1556.34,1526.91,1535.29,2278051,0.318,2023-02,2023,Feb,2023-02-01
2023-02-02,INFY,IT,1527.22,1554.35,1511.63,1530.53,4925439,-0.31,2023-02,2023,Feb,2023-02-01
2023-02-03,INFY,IT,1520.97,1554.67,1502.93,1532.85,3695728,0.152,2023-02,2023,Feb,2023-02-01
2023-02-06,INFY,IT,1535.9,1551.68,1508.44,1535.08,5198914,0.145,2023-02,2023,Feb,2023-02-01
2023-02-07,INFY,IT,1535.66,1562.02,1521.23,1541.53,7447979,0.42,2023-02,2023,Feb,2023-02-01
2023-02-08,INFY,IT,1534.05,1549.96,1508.59,1537.6,4753571,-0.255,2023-02,2023,Feb,2023-02-01
2023-02-09,INFY,IT,1545.98,1568.26,1532.17,1543.02,3359889,0.352,2023-02,2023,Feb,2023-02-01
2023-02-10,INFY,IT,1550.83,1574.24,1518.07,1542.09,7057732,-0.06,2023-02,2023,Feb,2023-02-01
2023-02-13,INFY,IT,1541.26,1546.63,1533.54,1541.5,3961998,-0.038,2023-02,2023,Feb,2023-02-01
2023-02-14,INFY,IT,1542.05,1549.83,1518.59,1538.64,5156054,-0.186,2023-02,2023,Feb,2023-02-01
2023-02-15,INFY,IT,1527.3,1544.77,1523.48,1536.18,1774150,-0.16,2023-02,2023,Feb,2023-02-01
2023-02-16,INFY,IT,1539.59,1545.48,1510.76,1538.08,4456808,0.124,2023-02,2023,Feb,2023-02-01
2023-02-17,INFY,IT,1535.2,1547.35,1508.76,1535.56,3869411,-0.164,2023-02,2023,Feb,2023-02-01
2023-02-20,INFY,IT,1546.02,1552.64,1525.35,1538.46,1685708,0.189,2023-02,2023,Feb,2023-02-01
2023-02-21,INFY,IT,1533.93,1554.36,1518.74,1537.26,2323584,-0.078,2023-02,2023,Feb,2023-02-01
2023-02-22,INFY,IT,1532.97,1538.64,1515.86,1534.46,5863106,-0.182,2023-02,2023,Feb,2023-02-01
2023-02-23,INFY,IT,1540.15,1548.76,1524.95,1533.66,2100233,-0.052,2023-02,2023,Feb,2023-02-01
2023-02-24,INFY,IT,1534.82,1554.29,1515.68,1535.38,1751173,0.112,2023-02,2023,Feb,2023-02-01
2023-02-27,INFY,IT,1528.51,1547.26,1508.83,1535.32,1214347,-0.004,2023-02,2023,Feb,2023-02-01
2023-02-28,INFY,IT,1551.85,1564.52,1520.92,1536.17,991303,0.055,2023-02,2023,Feb,2023-02-01
2023-03-01,INFY,IT,1532.32,1561.37,1526.94,1538.96,3927778,0.182,2023-03,2023,Mar,2023-03-01
2023-03-02,INFY,IT,1542.48,1570.25,1516.84,1542.88,4317424,0.255,2023-03,2023,Mar,2023-03-01
2023-03-03,INFY,IT,1544.87,1561.26,1538.17,1542.73,5295177,-0.01,2023-03,2023,Mar,2023-03-01
2023-03-06,INFY,IT,1542.09,1545.7,1522.42,1540.44,4921605,-0.148,2023-03,2023,Mar,2023-03-01
2023-03-07,INFY,IT,1540.25,1545.66,1536.01,1541.42,4664900,0.064,2023-03,2023,Mar,2023-03-01
2023-03-08,INFY,IT,1542.43,1570.53,1537.05,1543.57,7993189,0.139,2023-03,2023,Mar,2023-03-01
2023-03-09,INFY,IT,1538.61,1559.38,1536.53,1540.05,2599781,-0.228,2023-03,2023,Mar,2023-03-01
2023-03-10,INFY,IT,1531.35,1559.43,1520.36,1538.22,5928752,-0.119,2023-03,2023,Mar,2023-03-01
2023-03-13,INFY,IT,1550.1,1569.46,1518.63,1536.88,1373207,-0.087,2023-03,2023,Mar,2023-03-01
2023-03-14,INFY,IT,1535.69,1543.27,1520.54,1537.04,6909850,0.01,2023-03,2023,Mar,2023-03-01
2023-03-15,INFY,IT,1539.25,1552.53,1516.44,1535.59,3411195,-0.094,2023-03,2023,Mar,2023-03-01
2023-03-16,INFY,IT,1536.36,1560.83,1517.19,1538.42,3293993,0.184,2023-03,2023,Mar,2023-03-01
2023-03-17,INFY,IT,1532.33,1558.64,1527.14,1534.5,1773306,-0.255,2023-03,2023,Mar,2023-03-01
2023-03-20,INFY,IT,1527.88,1538.38,1524.86,1530.67,4464185,-0.25,2023-03,2023,Mar,2023-03-01
2023-03-21,INFY,IT,1520.98,1547.5,1503.29,1530.46,3677114,-0.014,2023-03,2023,Mar,2023-03-01
2023-03-22,INFY,IT,1529.73,1536.34,1511.22,1530.72,7814736,0.017,2023-03,2023,Mar,2023-03-01
2023-03-23,INFY,IT,1524.77,1553.66,1508.81,1527.26,2081706,-0.226,2023-03,2023,Mar,2023-03-01
2023-03-24,INFY,IT,1533.41,1541.52,1518.35,1526.26,3805197,-0.065,2023-03,2023,Mar,2023-03-01
2023-03-27,INFY,IT,1518.55,1546.23,1496.1,1525.86,7281342,-0.026,2023-03,2023,Mar,2023-03-01
2023-03-28,INFY,IT,1521.95,1532.99,1518.47,1525.47,6612491,-0.026,2023-03,2023,Mar,2023-03-01
2023-03-29,INFY,IT,1521.19,1544.19,1503.31,1526.67,6304428,0.079,2023-03,2023,Mar,2023-03-01
2023-03-30,INFY,IT,1534.31,1553.04,1520.86,1525.51,4587121,-0.076,2023-03,2023,Mar,2023-03-01
2023-03-31,INFY,IT,1525.24,1540.64,1506.74,1530.56,7087277,0.331,2023-03,2023,Mar,2023-03-01
2023-04-03,INFY,IT,1536.18,1559.1,1520.32,1532.74,2412525,0.142,2023-04,2023,Apr,2023-04-01
2023-04-04,INFY,IT,1537.08,1561.76,1510.92,1531.14,6629342,-0.104,2023-04,2023,Apr,2023-04-01
2023-04-05,INFY,IT,1531.27,1555.97,1528.38,1532.17,4979014,0.067,2023-04,2023,Apr,2023-04-01
2023-04-06,INFY,IT,1524.84,1543.44,1508.92,1533.28,3319678,0.072,2023-04,2023,Apr,2023-04-01
2023-04-07,INFY,IT,1529.18,1558.57,1523.89,1537.57,2370046,0.28,2023-04,2023,Apr,2023-04-01
2023-04-10,INFY,IT,1541.85,1558.06,1517.21,1536.57,4555745,-0.065,2023-04,2023,Apr,2023-04-01
2023-04-11,INFY,IT,1531.79,1556.61,1527.14,1539.56,821794,0.195,2023-04,2023,Apr,2023-04-01
2023-04-12,INFY,IT,1542.84,1556.9,1536.95,1540.42,5945980,0.056,2023-04,2023,Apr,2023-04-01
2023-04-13,INFY,IT,1546.24,1563.57,1525.25,1545.54,2498451,0.332,2023-04,2023,Apr,2023-04-01
2023-04-14,INFY,IT,1552.41,1557.54,1546.85,1550.07,3602384,0.293,2023-04,2023,Apr,2023-04-01
2023-04-17,INFY,IT,1554.32,1566.68,1543.92,1551.39,2190635,0.085,2023-04,2023,Apr,2023-04-01
2023-04-18,INFY,IT,1545.56,1557.59,1522.34,1551.35,4150799,-0.003,2023-04,2023,Apr,2023-04-01
2023-04-19,INFY,IT,1547.52,1562.53,1524.67,1553.58,3470632,0.144,2023-04,2023,Apr,2023-04-01
2023-04-20,INFY,IT,1558.22,1563.16,1529.66,1553.77,2151803,0.012,2023-04,2023,Apr,2023-04-01
2023-04-21,INFY,IT,1555.54,1566.66,1545.37,1559.47,7197897,0.367,2023-04,2023,Apr,2023-04-01
2023-04-24,INFY,IT,1543.26,1582.73,1527.86,1560.43,6267636,0.062,2023-04,2023,Apr,2023-04-01
2023-04-25,INFY,IT,1563.99,1580.17,1537.87,1559.94,3592542,-0.031,2023-04,2023,Apr,2023-04-01
2023-04-26,INFY,IT,1552.83,1561.48,1547.66,1559.29,1214989,-0.042,2023-04,2023,Apr,2023-04-01
2023-04-27,INFY,IT,1559.32,1581.78,1535.69,1556.41,6885350,-0.185,2023-04,2023,Apr,2023-04-01
2023-04-28,INFY,IT,1567.44,1593.25,1554.62,1558.76,5817907,0.151,2023-04,2023,Apr,2023-04-01
2023-05-01,INFY,IT,1557.14,1582.0,1531.3,1557.03,4800413,-0.111,2023-05,2023,May,2023-05-01
2023-05-02,INFY,IT,1567.19,1590.69,1542.5,1560.98,5153396,0.254,2023-05,2023,May,2023-05-01
2023-05-03,INFY,IT,1558.79,1586.65,1543.21,1557.83,854825,-0.202,2023-05,2023,May,2023-05-01
2023-05-04,INFY,IT,1568.79,1586.0,1544.49,1558.89,4211722,0.068,2023-05,2023,May,2023-05-01
2023-05-05,INFY,IT,1556.34,1590.12,1549.99,1562.98,2158904,0.262,2023-05,2023,May,2023-05-01
2023-05-08,INFY,IT,1557.23,1583.95,1546.51,1557.28,5489547,-0.365,2023-05,2023,May,2023-05-01
2023-05-09,INFY,IT,1568.14,1578.06,1543.03,1563.93,7505201,0.427,2023-05,2023,May,2023-05-01
2023-05-10,INFY,IT,1562.14,1587.84,1546.21,1563.33,4621882,-0.038,2023-05,2023,May,2023-05-01
2023-05-11,INFY,IT,1571.61,1594.36,1548.76,1564.4,5150048,0.068,2023-05,2023,May,2023-05-01
2023-05-12,INFY,IT,1564.05,1588.98,1557.29,1566.75,5605667,0.15,2023-05,2023,May,2023-05-01
2023-05-15,INFY,IT,1582.56,1608.25,1549.57,1569.56,7492737,0.179,2023-05,2023,May,2023-05-01
2023-05-16,INFY,IT,1584.36,1596.29,1558.98,1571.02,1074941,0.093,2023-05,2023,May,2023-05-01
2023-05-17,INFY,IT,1576.41,1588.71,1568.17,1574.64,3032864,0.23,2023-05,2023,May,2023-05-01
2023-05-18,INFY,IT,1580.31,1599.08,1549.95,1576.82,2732200,0.138,2023-05,2023,May,2023-05-01
2023-05-19,INFY,IT,1590.28,1611.82,1567.52,1582.73,5959249,0.375,2023-05,2023,May,2023-05-01
2023-05-22,INFY,IT,1577.4,1610.22,1561.66,1584.93,4024892,0.139,2023-05,2023,May,2023-05-01
2023-05-23,INFY,IT,1583.12,1616.76,1555.12,1591.47,6358581,0.413,2023-05,2023,May,2023-05-01
2023-05-24,INFY,IT,1602.83,1624.08,1583.28,1594.81,4201349,0.21,2023-05,2023,May,2023-05-01
2023-05-25,INFY,IT,1591.69,1619.18,1562.87,1589.95,7825037,-0.305,2023-05,2023,May,2023-05-01
2023-05-26,INFY,IT,1597.01,1604.91,1576.55,1598.46,6322261,0.535,2023-05,2023,May,2023-05-01
2023-05-29,INFY,IT,1597.38,1624.78,1578.52,1597.31,930870,-0.072,2023-05,2023,May,2023-05-01
2023-05-30,INFY,IT,1587.15,1605.79,1579.24,1602.44,7916906,0.321,2023-05,2023,May,2023-05-01
2023-05-31,INFY,IT,1601.88,1619.85,1598.87,1603.1,7656107,0.041,2023-05,2023,May,2023-05-01
2023-06-01,INFY,IT,1602.08,1610.99,1588.55,1606.92,1112572,0.238,2023-06,2023,Jun,2023-06-01
2023-06-02,INFY,IT,1611.28,1628.45,1603.5,1605.38,3619449,-0.096,2023-06,2023,Jun,2023-06-01
2023-06-05,INFY,IT,1614.25,1626.57,1604.31,1607.86,7788079,0.154,2023-06,2023,Jun,2023-06-01
2023-06-06,INFY,IT,1611.35,1615.19,1589.76,1607.64,6833545,-0.014,2023-06,2023,Jun,2023-06-01
2023-06-07,INFY,IT,1615.57,1634.99,1591.54,1613.02,4171603,0.335,2023-06,2023,Jun,2023-06-01
2023-06-08,INFY,IT,1605.23,1636.6,1599.05,1614.91,4721933,0.117,2023-06,2023,Jun,2023-06-01
2023-06-09,INFY,IT,1622.14,1628.57,1596.55,1618.32,1013475,0.211,2023-06,2023,Jun,2023-06-01
2023-06-12,INFY,IT,1616.27,1636.96,1584.57,1612.21,4865476,-0.378,2023-06,2023,Jun,2023-06-01
2023-06-13,INFY,IT,1620.5,1627.05,1590.49,1612.47,5597708,0.016,2023-06,2023,Jun,2023-06-01
2023-06-14,INFY,IT,1627.92,1633.35,1591.1,1614.24,3387520,0.11,2023-06,2023,Jun,2023-06-01
2023-06-15,INFY,IT,1604.5,1621.1,1583.79,1615.44,3008694,0.074,2023-06,2023,Jun,2023-06-01
2023-06-16,INFY,IT,1616.38,1637.0,1608.59,1618.9,6765002,0.214,2023-06,2023,Jun,2023-06-01
2023-06-19,INFY,IT,1613.47,1641.31,1601.95,1618.27,4030452,-0.039,2023-06,2023,Jun,2023-06-01
2023-06-20,INFY,IT,1620.03,1638.09,1591.17,1618.91,2700897,0.04,2023-06,2023,Jun,2023-06-01
2023-06-21,INFY,IT,1623.12,1647.08,1603.17,1623.03,3498714,0.254,2023-06,2023,Jun,2023-06-01
2023-06-22,INFY,IT,1614.99,1634.37,1591.71,1616.5,4344137,-0.402,2023-06,2023,Jun,2023-06-01
2023-06-23,INFY,IT,1625.44,1649.09,1590.51,1618.78,2668396,0.141,2023-06,2023,Jun,2023-06-01
2023-06-26,INFY,IT,1611.09,1646.7,1603.14,1618.22,4833256,-0.035,2023-06,2023,Jun,2023-06-01
2023-06-27,INFY,IT,1609.15,1628.23,1598.74,1615.88,7000809,-0.145,2023-06,2023,Jun,2023-06-01
2023-06-28,INFY,IT,1610.74,1623.1,1591.47,1617.36,6146151,0.092,2023-06,2023,Jun,2023-06-01
2023-06-29,INFY,IT,1619.25,1626.94,1616.96,1621.59,2465640,0.262,2023-06,2023,Jun,2023-06-01
2023-06-30,INFY,IT,1617.25,1643.37,1599.93,1625.23,4195774,0.224,2023-06,2023,Jun,2023-06-01
2023-07-03,INFY,IT,1624.94,1642.0,1600.97,1625.25,4714657,0.001,2023-07,2023,Jul,2023-07-01
2023-07-04,INFY,IT,1627.31,1635.12,1608.8,1628.39,5698036,0.193,2023-07,2023,Jul,2023-07-01
2023-07-05,INFY,IT,1626.37,1657.6,1616.58,1631.51,6246278,0.192,2023-07,2023,Jul,2023-07-01
2023-07-06,INFY,IT,1637.36,1665.63,1609.94,1631.66,4294117,0.009,2023-07,2023,Jul,2023-07-01
2023-07-07,INFY,IT,1629.54,1638.57,1623.86,1629.93,3068384,-0.106,2023-07,2023,Jul,2023-07-01
2023-07-10,INFY,IT,1635.29,1642.68,1601.97,1628.37,5547108,-0.096,2023-07,2023,Jul,2023-07-01
2023-07-11,INFY,IT,1630.1,1638.93,1625.67,1631.37,1705404,0.184,2023-07,2023,Jul,2023-07-01
2023-07-12,INFY,IT,1631.48,1644.02,1605.9,1631.64,5653833,0.017,2023-07,2023,Jul,2023-07-01
2023-07-13,INFY,IT,1625.13,1654.05,1609.75,1628.79,7253407,-0.175,2023-07,2023,Jul,2023-07-01
2023-07-14,INFY,IT,1623.93,1642.05,1610.47,1623.98,5907979,-0.295,2023-07,2023,Jul,2023-07-01
2023-07-17,INFY,IT,1631.56,1635.07,1611.45,1626.93,3922223,0.182,2023-07,2023,Jul,2023-07-01
2023-07-18,INFY,IT,1622.94,1640.32,1615.8,1625.62,6727758,-0.081,2023-07,2023,Jul,2023-07-01
2023-07-19,INFY,IT,1630.39,1634.52,1612.73,1627.02,4631921,0.086,2023-07,2023,Jul,2023-07-01
2023-07-20,INFY,IT,1625.92,1644.12,1600.81,1631.23,4693202,0.259,2023-07,2023,Jul,2023-07-01
2023-07-21,INFY,IT,1632.48,1645.31,1603.75,1627.54,6935270,-0.226,2023-07,2023,Jul,2023-07-01
2023-07-24,INFY,IT,1623.99,1647.34,1617.87,1627.77,2191602,0.014,2023-07,2023,Jul,2023-07-01
2023-07-25,INFY,IT,1633.14,1650.03,1607.34,1627.6,6414263,-0.01,2023-07,2023,Jul,2023-07-01
2023-07-26,INFY,IT,1629.53,1655.39,1603.77,1629.13,5693414,0.094,2023-07,2023,Jul,2023-07-01
2023-07-27,INFY,IT,1643.26,1645.36,1608.93,1633.33,4609036,0.258,2023-07,2023,Jul,2023-07-01
2023-07-28,INFY,IT,1622.03,1652.63,1608.67,1629.56,1355250,-0.231,2023-07,2023,Jul,2023-07-01
2023-07-31,INFY,IT,1622.03,1633.93,1619.09,1631.67,6313265,0.129,2023-07,2023,Jul,2023-07-01
2023-08-01,INFY,IT,1631.19,1645.31,1603.73,1635.22,2376476,0.218,2023-08,2023,Aug,2023-08-01
2023-08-02,INFY,IT,1625.93,1661.07,1613.36,1634.98,7247566,-0.015,2023-08,2023,Aug,2023-08-01
2023-08-03,INFY,IT,1625.85,1655.72,1614.25,1634.9,6503534,-0.005,2023-08,2023,Aug,2023-08-01
2023-08-04,INFY,IT,1640.6,1647.04,1613.77,1636.53,3418160,0.1,2023-08,2023,Aug,2023-08-01
2023-08-07,INFY,IT,1637.92,1653.25,1628.93,1637.94,3932505,0.086,2023-08,2023,Aug,2023-08-01
2023-08-08,INFY,IT,1636.95,1661.86,1612.08,1640.09,983735,0.131,2023-08,2023,Aug,2023-08-01
2023-08-09,INFY,IT,1639.64,1669.99,1635.88,1642.18,4385918,0.127,2023-08,2023,Aug,2023-08-01
2023-08-10,INFY,IT,1635.53,1658.77,1613.3,1639.45,1217167,-0.166,2023-08,2023,Aug,2023-08-01
2023-08-11,INFY,IT,1653.72,1656.06,1614.25,1642.87,7909257,0.209,2023-08,2023,Aug,2023-08-01
2023-08-14,INFY,IT,1642.0,1662.48,1612.56,1646.85,5408903,0.242,2023-08,2023,Aug,2023-08-01
2023-08-15,INFY,IT,1639.05,1653.69,1611.67,1647.76,2493241,0.055,2023-08,2023,Aug,2023-08-01
2023-08-16,INFY,IT,1648.65,1651.64,1617.45,1643.42,6586772,-0.263,2023-08,2023,Aug,2023-08-01
2023-08-17,INFY,IT,1641.97,1661.75,1632.55,1643.39,940779,-0.002,2023-08,2023,Aug,2023-08-01
2023-08-18,INFY,IT,1657.74,1681.29,1615.66,1644.33,4755095,0.057,2023-08,2023,Aug,2023-08-01
2023-08-21,INFY,IT,1637.63,1643.73,1610.16,1641.08,1601882,-0.198,2023-08,2023,Aug,2023-08-01
2023-08-22,INFY,IT,1645.84,1669.41,1623.75,1640.29,1192003,-0.048,2023-08,2023,Aug,2023-08-01
2023-08-23,INFY,IT,1643.31,1664.69,1623.41,1636.23,2560413,-0.248,2023-08,2023,Aug,2023-08-01
2023-08-24,INFY,IT,1635.03,1661.03,1630.36,1638.45,2919375,0.136,2023-08,2023,Aug,2023-08-01
2023-08-25,INFY,IT,1634.42,1647.75,1616.38,1639.29,6026624,0.051,2023-08,2023,Aug,2023-08-01
2023-08-28,INFY,IT,1639.35,1651.96,1613.4,1634.5,7213894,-0.292,2023-08,2023,Aug,2023-08-01
2023-08-29,INFY,IT,1639.69,1644.67,1623.06,1635.93,6385918,0.087,2023-08,2023,Aug,2023-08-01
2023-08-30,INFY,IT,1626.85,1644.36,1614.0,1636.08,6127043,0.009,2023-08,2023,Aug,2023-08-01
2023-08-31,INFY,IT,1630.63,1648.09,1613.11,1638.02,4871520,0.119,2023-08,2023,Aug,2023-08-01
2023-09-01,INFY,IT,1620.53,1647.67,1618.15,1637.14,3472497,-0.054,2023-09,2023,Sep,2023-09-01
2023-09-04,INFY,IT,1638.88,1645.4,1606.73,1634.99,2636334,-0.131,2023-09,2023,Sep,2023-09-01
2023-09-05,INFY,IT,1631.22,1639.8,1621.55,1632.93,7609682,-0.126,2023-09,2023,Sep,2023-09-01
2023-09-06,INFY,IT,1630.55,1658.24,1625.01,1631.6,4556541,-0.081,2023-09,2023,Sep,2023-09-01
2023-09-07,INFY,IT,1620.96,1655.39,1619.19,1632.01,4863237,0.025,2023-09,2023,Sep,2023-09-01
2023-09-08,INFY,IT,1625.64,1644.01,1600.33,1632.81,907694,0.049,2023-09,2023,Sep,2023-09-01
2023-09-11,INFY,IT,1629.45,1660.5,1603.91,1632.57,4097482,-0.015,2023-09,2023,Sep,2023-09-01
2023-09-12,INFY,IT,1627.22,1639.87,1622.96,1631.61,5708966,-0.059,2023-09,2023,Sep,2023-09-01
2023-09-13,INFY,IT,1631.64,1644.56,1625.02,1630.87,4364892,-0.045,2023-09,2023,Sep,2023-09-01
2023-09-14,INFY,IT,1642.85,1667.21,1624.9,1639.02,5222942,0.5,2023-09,2023,Sep,2023-09-01
2023-09-15,INFY,IT,1651.85,1665.94,1630.18,1636.99,6629883,-0.124,2023-09,2023,Sep,2023-09-01
2023-09-18,INFY,IT,1635.49,1643.78,1613.39,1635.62,956935,-0.084,2023-09,2023,Sep,2023-09-01
2023-09-19,INFY,IT,1653.6,1665.62,1642.99,1646.26,7311616,0.651,2023-09,2023,Sep,2023-09-01
2023-09-20,INFY,IT,1642.48,1663.63,1625.49,1647.95,6682483,0.103,2023-09,2023,Sep,2023-09-01
2023-09-21,INFY,IT,1633.0,1663.01,1620.74,1644.02,3823332,-0.238,2023-09,2023,Sep,2023-09-01
2023-09-22,INFY,IT,1644.72,1660.04,1630.07,1647.04,6296671,0.184,2023-09,2023,Sep,2023-09-01
2023-09-25,INFY,IT,1634.07,1658.29,1620.64,1644.58,1279014,-0.149,2023-09,2023,Sep,2023-09-01
2023-09-26,INFY,IT,1647.92,1656.96,1641.88,1647.82,3019210,0.197,2023-09,2023,Sep,2023-09-01
2023-09-27,INFY,IT,1642.42,1664.2,1634.62,1647.56,1575959,-0.016,2023-09,2023,Sep,2023-09-01
2023-09-28,INFY,IT,1633.72,1654.38,1630.28,1646.59,5374711,-0.059,2023-09,2023,Sep,2023-09-01
2023-09-29,INFY,IT,1663.51,1689.71,1647.15,1652.04,6964516,0.331,2023-09,2023,Sep,2023-09-01
2023-10-02,INFY,IT,1650.68,1676.91,1621.59,1654.24,5130749,0.133,2023-10,2023,Oct,2023-10-01
2023-10-03,INFY,IT,1646.86,1670.94,1637.38,1657.72,5923204,0.21,2023-10,2023,Oct,2023-10-01
2023-10-04,INFY,IT,1665.48,1688.31,1649.2,1659.52,1830898,0.109,2023-10,2023,Oct,2023-10-01
2023-10-05,INFY,IT,1653.72,1660.41,1648.49,1658.56,7524928,-0.058,2023-10,2023,Oct,2023-10-01
2023-10-06,INFY,IT,1668.17,1679.6,1637.94,1660.92,2191466,0.142,2023-10,2023,Oct,2023-10-01
2023-10-09,INFY,IT,1660.31,1679.32,1632.56,1665.19,4589628,0.257,2023-10,2023,Oct,2023-10-01
2023-10-10,INFY,IT,1662.47,1681.05,1638.49,1666.07,5719084,0.053,2023-10,2023,Oct,2023-10-01
2023-10-11,INFY,IT,1674.56,1697.54,1653.16,1672.25,6967860,0.371,2023-10,2023,Oct,2023-10-01
2023-10-12,INFY,IT,1679.4,1708.57,1650.58,1675.42,7521571,0.19,2023-10,2023,Oct,2023-10-01
2023-10-13,INFY,IT,1681.73,1694.27,1663.38,1676.57,5110790,0.069,2023-10,2023,Oct,2023-10-01
2023-10-16,INFY,IT,1677.26,1689.54,1651.07,1677.86,4949247,0.077,2023-10,2023,Oct,2023-10-01
2023-10-17,INFY,IT,1682.34,1701.48,1654.32,1678.79,3803357,0.055,2023-10,2023,Oct,2023-10-01
2023-10-18,INFY,IT,1680.29,1690.01,1673.57,1675.3,4888254,-0.208,2023-10,2023,Oct,2023-10-01
2023-10-19,INFY,IT,1676.86,1682.56,1659.94,1675.51,5658869,0.013,2023-10,2023,Oct,2023-10-01
2023-10-20,INFY,IT,1675.77,1705.81,1666.55,1676.73,5456108,0.073,2023-10,2023,Oct,2023-10-01
2023-10-23,INFY,IT,1666.23,1700.66,1662.12,1675.92,5064808,-0.048,2023-10,2023,Oct,2023-10-01
2023-10-24,INFY,IT,1681.54,1710.62,1651.71,1677.52,3972163,0.095,2023-10,2023,Oct,2023-10-01
2023-10-25,INFY,IT,1678.4,1686.29,1676.21,1678.11,2209477,0.035,2023-10,2023,Oct,2023-10-01
2023-10-26,INFY,IT,1678.34,1683.31,1655.83,1681.12,1190038,0.179,2023-10,2023,Oct,2023-10-01
2023-10-27,INFY,IT,1692.39,1706.67,1653.82,1683.79,3829554,0.159,2023-10,2023,Oct,2023-10-01
2023-10-30,INFY,IT,1675.25,1713.3,1659.85,1684.88,3654827,0.065,2023-10,2023,Oct,2023-10-01
2023-10-31,INFY,IT,1692.12,1697.79,1668.78,1681.07,5178008,-0.226,2023-10,2023,Oct,2023-10-01
2023-11-01,INFY,IT,1687.21,1692.41,1668.15,1687.36,7281815,0.374,2023-11,2023,Nov,2023-11-01
2023-11-02,INFY,IT,1689.63,1693.3,1662.71,1687.49,5851097,0.008,2023-11,2023,Nov,2023-11-01
2023-11-03,INFY,IT,1685.14,1711.45,1676.58,1687.81,6595616,0.019,2023-11,2023,Nov,2023-11-01
2023-11-06,INFY,IT,1676.05,1711.54,1667.23,1687.3,4962390,-0.03,2023-11,2023,Nov,2023-11-01
2023-11-07,INFY,IT,1685.4,1707.96,1666.31,1686.34,7477449,-0.057,2023-11,2023,Nov,2023-11-01
2023-11-08,INFY,IT,1694.16,1697.39,1663.17,1691.9,7564713,0.33,2023-11,2023,Nov,2023-11-01
2023-11-09,INFY,IT,1701.57,1724.19,1686.67,1696.98,1900387,0.3,2023-11,2023,Nov,2023-11-01
2023-11-10,INFY,IT,1697.69,1713.69,1685.12,1699.03,5402863,0.121,2023-11,2023,Nov,2023-11-01
2023-11-13,INFY,IT,1684.42,1705.58,1654.29,1699.32,4442895,0.017,2023-11,2023,Nov,2023-11-01
2023-11-14,INFY,IT,1691.46,1712.2,1684.7,1701.96,7798532,0.155,2023-11,2023,Nov,2023-11-01
2023-11-15,INFY,IT,1716.82,1733.17,1698.91,1702.84,5010042,0.052,2023-11,2023,Nov,2023-11-01
2023-11-16,INFY,IT,1695.44,1714.13,1676.75,1702.88,914814,0.002,2023-11,2023,Nov,2023-11-01
2023-11-17,INFY,IT,1714.37,1744.35,1702.23,1704.64,2311463,0.103,2023-11,2023,Nov,2023-11-01
2023-11-20,INFY,IT,1697.51,1719.34,1690.61,1703.88,1732554,-0.045,2023-11,2023,Nov,2023-11-01
2023-11-21,INFY,IT,1704.13,1717.87,1684.4,1705.37,2246985,0.087,2023-11,2023,Nov,2023-11-01
2023-11-22,INFY,IT,1710.99,1732.28,1685.88,1706.72,1489808,0.079,2023-11,2023,Nov,2023-11-01
2023-11-23,INFY,IT,1703.76,1729.98,1687.27,1709.37,6430637,0.155,2023-11,2023,Nov,2023-11-01
2023-11-24,INFY,IT,1718.93,1720.73,1695.21,1708.06,4357753,-0.077,2023-11,2023,Nov,2023-11-01
2023-11-27,INFY,IT,1711.59,1731.29,1692.6,1711.07,5637333,0.176,2023-11,2023,Nov,2023-11-01
2023-11-28,INFY,IT,1711.99,1720.79,1688.44,1708.84,7999346,-0.13,2023-11,2023,Nov,2023-11-01
2023-11-29,INFY,IT,1705.87,1720.3,1680.86,1707.7,5459750,-0.067,2023-11,2023,Nov,2023-11-01
2023-11-30,INFY,IT,1711.2,1733.46,1682.0,1706.7,4250408,-0.059,2023-11,2023,Nov,2023-11-01
2023-12-01,INFY,IT,1714.72,1732.68,1683.0,1703.96,2722309,-0.161,2023-12,2023,Dec,2023-12-01
2023-12-04,INFY,IT,1707.09,1720.4,1679.43,1707.99,6232420,0.237,2023-12,2023,Dec,2023-12-01
2023-12-05,INFY,IT,1717.39,1723.99,1679.58,1705.59,4448739,-0.141,2023-12,2023,Dec,2023-12-01
2023-12-06,INFY,IT,1699.9,1720.42,1694.35,1704.07,6249712,-0.089,2023-12,2023,Dec,2023-12-01
2023-12-07,INFY,IT,1714.12,1725.14,1679.4,1708.9,966103,0.283,2023-12,2023,Dec,2023-12-01
2023-12-08,INFY,IT,1711.15,1739.41,1680.21,1707.81,1974563,-0.064,2023-12,2023,Dec,2023-12-01
2023-12-11,INFY,IT,1700.66,1725.18,1689.68,1707.96,1735611,0.009,2023-12,2023,Dec,2023-12-01
2023-12-12,INFY,IT,1706.91,1733.74,1703.16,1705.45,5705957,-0.147,2023-12,2023,Dec,2023-12-01
2023-12-13,INFY,IT,1708.98,1722.02,1689.67,1708.93,4531406,0.204,2023-12,2023,Dec,2023-12-01
2023-12-14,INFY,IT,1706.62,1738.26,1692.19,1712.46,3082136,0.207,2023-12,2023,Dec,2023-12-01
2023-12-15,INFY,IT,1718.12,1721.49,1692.08,1715.66,3029640,0.187,2023-12,2023,Dec,2023-12-01
2023-12-18,INFY,IT,1719.22,1729.65,1701.17,1718.21,5169028,0.149,2023-12,2023,Dec,2023-12-01
2023-12-19,INFY,IT,1718.75,1723.26,1714.8,1719.25,7752822,0.061,2023-12,2023,Dec,2023-12-01
2023-12-20,INFY,IT,1717.87,1720.99,1709.01,1718.35,7967032,-0.052,2023-12,2023,Dec,2023-12-01
2023-12-21,INFY,IT,1715.88,1745.03,1688.42,1716.5,4194690,-0.108,2023-12,2023,Dec,2023-12-01
2023-12-22,INFY,IT,1718.99,1744.23,1716.17,1721.52,5627631,0.292,2023-12,2023,Dec,2023-12-01
2023-12-25,INFY,IT,1725.81,1745.88,1701.52,1724.85,1401661,0.193,2023-12,2023,Dec,2023-12-01
2023-12-26,INFY,IT,1718.96,1740.73,1708.71,1723.4,7607186,-0.084,2023-12,2023,Dec,2023-12-01
2023-12-27,INFY,IT,1742.69,1761.3,1709.37,1724.36,928464,0.056,2023-12,2023,Dec,2023-12-01
2023-12-28,INFY,IT,1714.49,1744.66,1697.3,1724.21,3264145,-0.009,2023-12,2023,Dec,2023-12-01
2023-12-29,INFY,IT,1717.33,1747.26,1708.31,1721.35,6021856,-0.166,2023-12,2023,Dec,2023-12-01
2024-01-01,INFY,IT,1719.29,1741.98,1698.51,1722.77,7782106,0.082,2024-01,2024,Jan,2024-01-01
2024-01-02,INFY,IT,1736.31,1760.14,1700.23,1722.25,2034848,-0.03,2024-01,2024,Jan,2024-01-01
2024-01-03,INFY,IT,1710.9,1729.92,1706.72,1719.98,5559293,-0.132,2024-01,2024,Jan,2024-01-01
2024-01-04,INFY,IT,1718.92,1749.18,1703.38,1716.0,2152249,-0.231,2024-01,2024,Jan,2024-01-01
2024-01-05,INFY,IT,1713.45,1716.1,1688.38,1711.75,1161965,-0.248,2024-01,2024,Jan,2024-01-01
2024-01-08,INFY,IT,1713.67,1726.65,1688.68,1711.39,3851412,-0.021,2024-01,2024,Jan,2024-01-01
2024-01-09,INFY,IT,1720.43,1747.94,1694.4,1711.96,4951687,0.033,2024-01,2024,Jan,2024-01-01
2024-01-10,INFY,IT,1718.28,1725.27,1685.65,1709.96,2701236,-0.117,2024-01,2024,Jan,2024-01-01
2024-01-11,INFY,IT,1709.84,1718.76,1705.0,1712.93,7806088,0.174,2024-01,2024,Jan,2024-01-01
2024-01-12,INFY,IT,1714.9,1727.27,1708.41,1713.57,5239354,0.037,2024-01,2024,Jan,2024-01-01
2024-01-15,INFY,IT,1703.51,1730.51,1682.76,1716.3,3955828,0.159,2024-01,2024,Jan,2024-01-01
2024-01-16,INFY,IT,1717.25,1746.21,1694.62,1716.57,4296986,0.016,2024-01,2024,Jan,2024-01-01
2024-01-17,INFY,IT,1709.41,1740.95,1684.03,1714.86,4142475,-0.1,2024-01,2024,Jan,2024-01-01
2024-01-18,INFY,IT,1714.81,1731.34,1707.81,1716.09,1602444,0.072,2024-01,2024,Jan,2024-01-01
2024-01-19,INFY,IT,1701.28,1742.87,1684.64,1712.83,5166018,-0.19,2024-01,2024,Jan,2024-01-01
2024-01-22,INFY,IT,1718.22,1738.7,1694.46,1715.44,6450134,0.152,2024-01,2024,Jan,2024-01-01
2024-01-23,INFY,IT,1701.62,1740.41,1693.45,1713.25,3832792,-0.128,2024-01,2024,Jan,2024-01-01
2024-01-24,INFY,IT,1718.12,1727.02,1700.29,1717.1,3866183,0.225,2024-01,2024,Jan,2024-01-01
2024-01-25,INFY,IT,1708.43,1732.84,1688.18,1716.85,7355298,-0.015,2024-01,2024,Jan,2024-01-01
2024-01-26,INFY,IT,1715.33,1723.77,1707.36,1721.18,5198007,0.252,2024-01,2024,Jan,2024-01-01
2024-01-29,INFY,IT,1726.3,1728.29,1705.68,1718.37,2944340,-0.163,2024-01,2024,Jan,2024-01-01
2024-01-30,INFY,IT,1721.05,1743.41,1708.98,1717.01,828384,-0.079,2024-01,2024,Jan,2024-01-01
2024-01-31,INFY,IT,1727.01,1732.21,1691.0,1719.11,6727278,0.122,2024-01,2024,Jan,2024-01-01
2024-02-01,INFY,IT,1734.54,1752.43,1715.13,1723.79,5310080,0.272,2024-02,2024,Feb,2024-02-01
2024-02-02,INFY,IT,1724.76,1752.31,1719.5,1730.11,5308205,0.367,2024-02,2024,Feb,2024-02-01
2024-02-05,INFY,IT,1741.48,1744.18,1728.34,1731.1,2836518,0.057,2024-02,2024,Feb,2024-02-01
2024-02-06,INFY,IT,1727.83,1753.01,1724.78,1738.01,2140181,0.399,2024-02,2024,Feb,2024-02-01
2024-02-07,INFY,IT,1743.1,1765.11,1730.51,1737.91,4359469,-0.006,2024-02,2024,Feb,2024-02-01
2024-02-08,INFY,IT,1738.96,1770.49,1719.24,1742.4,6256247,0.258,2024-02,2024,Feb,2024-02-01
2024-02-09,INFY,IT,1733.65,1750.72,1731.4,1740.13,2943588,-0.13,2024-02,2024,Feb,2024-02-01
2024-02-12,INFY,IT,1746.65,1777.32,1732.13,1742.37,4594689,0.129,2024-02,2024,Feb,2024-02-01
2024-02-13,INFY,IT,1742.03,1768.78,1732.02,1735.47,7973077,-0.396,2024-02,2024,Feb,2024-02-01
2024-02-14,INFY,IT,1738.96,1759.93,1718.99,1732.61,2379413,-0.165,2024-02,2024,Feb,2024-02-01
2024-02-15,INFY,IT,1736.47,1749.78,1731.82,1734.98,2462064,0.137,2024-02,2024,Feb,2024-02-01
2024-02-16,INFY,IT,1732.4,1755.08,1711.88,1731.49,2498841,-0.201,2024-02,2024,Feb,2024-02-01
2024-02-19,INFY,IT,1737.37,1763.22,1711.7,1733.72,7372589,0.129,2024-02,2024,Feb,2024-02-01
2024-02-20,INFY,IT,1739.64,1750.35,1714.19,1737.53,4607115,0.22,2024-02,2024,Feb,2024-02-01
2024-02-21,INFY,IT,1740.46,1771.57,1728.33,1736.69,7409359,-0.048,2024-02,2024,Feb,2024-02-01
2024-02-22,INFY,IT,1735.73,1764.27,1706.97,1734.31,7623842,-0.137,2024-02,2024,Feb,2024-02-01
2024-02-23,INFY,IT,1739.4,1755.5,1711.48,1733.56,3831204,-0.043,2024-02,2024,Feb,2024-02-01
2024-02-26,INFY,IT,1719.91,1754.19,1716.54,1731.18,1195462,-0.137,2024-02,2024,Feb,2024-02-01
2024-02-27,INFY,IT,1730.74,1748.8,1716.04,1731.64,2988822,0.027,2024-02,2024,Feb,2024-02-01
2024-02-28,INFY,IT,1723.18,1756.92,1698.97,1732.77,4715232,0.065,2024-02,2024,Feb,2024-02-01
2024-02-29,INFY,IT,1734.47,1760.59,1721.66,1732.55,3543455,-0.013,2024-02,2024,Feb,2024-02-01
2024-03-01,INFY,IT,1750.28,1752.72,1725.84,1738.86,816261,0.364,2024-03,2024,Mar,2024-03-01
2024-03-04,INFY,IT,1733.97,1741.33,1713.67,1737.26,7923241,-0.092,2024-03,2024,Mar,2024-03-01
2024-03-05,INFY,IT,1743.52,1755.24,1739.25,1742.63,2983038,0.309,2024-03,2024,Mar,2024-03-01
2024-03-06,INFY,IT,1745.22,1774.19,1709.62,1739.96,5255332,-0.153,2024-03,2024,Mar,2024-03-01
2024-03-07,INFY,IT,1726.56,1754.49,1719.71,1740.96,7616565,0.057,2024-03,2024,Mar,2024-03-01
2024-03-08,INFY,IT,1741.99,1773.72,1739.46,1745.63,4722417,0.268,2024-03,2024,Mar,2024-03-01
2024-03-11,INFY,IT,1752.7,1768.23,1748.24,1750.14,5800034,0.258,2024-03,2024,Mar,2024-03-01
2024-03-12,INFY,IT,1729.22,1759.83,1715.75,1749.49,1058608,-0.037,2024-03,2024,Mar,2024-03-01
2024-03-13,INFY,IT,1745.24,1780.66,1717.26,1752.08,5816667,0.148,2024-03,2024,Mar,2024-03-01
2024-03-14,INFY,IT,1761.95,1780.5,1728.02,1754.22,6904469,0.122,2024-03,2024,Mar,2024-03-01
2024-03-15,INFY,IT,1760.18,1772.73,1724.22,1753.15,7411710,-0.061,2024-03,2024,Mar,2024-03-01
2024-03-18,INFY,IT,1758.56,1761.64,1738.24,1755.93,1403399,0.159,2024-03,2024,Mar,2024-03-01
2024-03-19,INFY,IT,1769.09,1774.2,1747.66,1762.87,2444311,0.395,2024-03,2024,Mar,2024-03-01
2024-03-20,INFY,IT,1766.68,1772.63,1751.82,1765.16,1138201,0.13,2024-03,2024,Mar,2024-03-01
2024-03-21,INFY,IT,1771.7,1784.46,1764.61,1767.77,7409076,0.148,2024-03,2024,Mar,2024-03-01
2024-03-22,INFY,IT,1768.49,1790.78,1739.38,1770.73,2778978,0.167,2024-03,2024,Mar,2024-03-01
2024-03-25,INFY,IT,1767.33,1778.34,1749.85,1766.51,4626808,-0.238,2024-03,2024,Mar,2024-03-01
2024-03-26,INFY,IT,1764.27,1772.48,1748.86,1768.74,4225677,0.126,2024-03,2024,Mar,2024-03-01
2024-03-27,INFY,IT,1774.93,1784.7,1748.78,1766.01,5759016,-0.154,2024-03,2024,Mar,2024-03-01
2024-03-28,INFY,IT,1775.44,1789.55,1739.11,1764.7,7246080,-0.074,2024-03,2024,Mar,2024-03-01
2024-03-29,INFY,IT,1782.41,1814.26,1764.09,1772.63,3130979,0.449,2024-03,2024,Mar,2024-03-01
2024-04-01,INFY,IT,1769.54,1786.05,1746.41,1772.43,6488567,-0.011,2024-04,2024,Apr,2024-04-01
2024-04-02,INFY,IT,1763.83,1775.05,1740.76,1770.59,2894783,-0.104,2024-04,2024,Apr,2024-04-01
2024-04-03,INFY,IT,1784.18,1803.59,1747.7,1775.11,2222951,0.255,2024-04,2024,Apr,2024-04-01
2024-04-04,INFY,IT,1776.41,1805.96,1770.52,1772.56,1565037,-0.144,2024-04,2024,Apr,2024-04-01
2024-04-05,INFY,IT,1774.0,1799.5,1764.77,1771.68,3478972,-0.05,2024-04,2024,Apr,2024-04-01
2024-04-08,INFY,IT,1772.0,1803.54,1756.04,1776.51,4835510,0.273,2024-04,2024,Apr,2024-04-01
2024-04-09,INFY,IT,1780.29,1810.16,1749.79,1777.26,6417729,0.042,2024-04,2024,Apr,2024-04-01
2024-04-10,INFY,IT,1764.91,1793.56,1734.19,1772.6,6908271,-0.262,2024-04,2024,Apr,2024-04-01
2024-04-11,INFY,IT,1779.53,1811.41,1755.31,1775.03,4595065,0.137,2024-04,2024,Apr,2024-04-01
2024-04-12,INFY,IT,1784.07,1786.87,1766.11,1774.29,3744429,-0.042,2024-04,2024,Apr,2024-04-01
2024-04-15,INFY,IT,1791.68,1818.9,1772.7,1780.07,2056341,0.326,2024-04,2024,Apr,2024-04-01
2024-04-16,INFY,IT,1783.64,1811.41,1757.48,1778.6,7381473,-0.083,2024-04,2024,Apr,2024-04-01
2024-04-17,INFY,IT,1772.87,1812.29,1764.76,1782.72,3651597,0.232,2024-04,2024,Apr,2024-04-01
2024-04-18,INFY,IT,1790.72,1807.07,1770.7,1789.31,6305413,0.37,2024-04,2024,Apr,2024-04-01
2024-04-19,INFY,IT,1802.27,1828.21,1759.83,1786.98,5306737,-0.13,2024-04,2024,Apr,2024-04-01
2024-04-22,INFY,IT,1780.66,1794.58,1767.08,1786.87,7506631,-0.006,2024-04,2024,Apr,2024-04-01
2024-04-23,INFY,IT,1788.31,1808.86,1775.01,1788.73,7807224,0.104,2024-04,2024,Apr,2024-04-01
2024-04-24,INFY,IT,1796.45,1809.2,1783.47,1786.35,5889213,-0.133,2024-04,2024,Apr,2024-04-01
2024-04-25,INFY,IT,1792.21,1812.17,1778.29,1787.8,5565046,0.081,2024-04,2024,Apr,2024-04-01
2024-04-26,INFY,IT,1805.29,1827.83,1764.55,1787.55,1788303,-0.014,2024-04,2024,Apr,2024-04-01
2024-04-29,INFY,IT,1782.0,1799.57,1769.3,1787.24,916605,-0.017,2024-04,2024,Apr,2024-04-01
2024-04-30,INFY,IT,1780.83,1796.27,1774.26,1787.91,4731414,0.037,2024-04,2024,Apr,2024-04-01
2024-05-01,INFY,IT,1797.41,1809.04,1783.65,1788.65,5876059,0.041,2024-05,2024,May,2024-05-01
2024-05-02,INFY,IT,1781.14,1811.69,1776.48,1789.7,6172223,0.059,2024-05,2024,May,2024-05-01
2024-05-03,INFY,IT,1786.74,1810.52,1764.94,1788.15,2606226,-0.087,2024-05,2024,May,2024-05-01
2024-05-06,INFY,IT,1786.28,1811.05,1765.89,1786.75,4423073,-0.078,2024-05,2024,May,2024-05-01
2024-05-07,INFY,IT,1794.22,1799.88,1769.28,1786.82,7007544,0.004,2024-05,2024,May,2024-05-01
2024-05-08,INFY,IT,1791.52,1818.24,1770.14,1787.13,1489089,0.017,2024-05,2024,May,2024-05-01
2024-05-09,INFY,IT,1789.37,1812.09,1779.67,1786.1,3564007,-0.058,2024-05,2024,May,2024-05-01
2024-05-10,INFY,IT,1784.78,1790.37,1767.81,1787.66,7600578,0.087,2024-05,2024,May,2024-05-01
2024-05-13,INFY,IT,1790.61,1802.62,1778.35,1781.95,2237228,-0.319,2024-05,2024,May,2024-05-01
2024-05-14,INFY,IT,1808.58,1824.74,1750.13,1779.92,3080021,-0.114,2024-05,2024,May,2024-05-01
2024-05-15,INFY,IT,1784.33,1797.06,1775.88,1779.41,4169219,-0.029,2024-05,2024,May,2024-05-01
2024-05-16,INFY,IT,1777.66,1782.98,1762.38,1776.95,5756454,-0.138,2024-05,2024,May,2024-05-01
2024-05-17,INFY,IT,1773.63,1790.95,1771.84,1782.88,2637425,0.334,2024-05,2024,May,2024-05-01
2024-05-20,INFY,IT,1778.82,1785.9,1753.27,1783.37,6504620,0.027,2024-05,2024,May,2024-05-01
2024-05-21,INFY,IT,1782.86,1788.99,1776.04,1784.39,2497914,0.057,2024-05,2024,May,2024-05-01
2024-05-22,INFY,IT,1779.35,1793.02,1749.59,1783.16,3451184,-0.069,2024-05,2024,May,2024-05-01
2024-05-23,INFY,IT,1783.4,1810.16,1780.28,1783.51,4927484,0.02,2024-05,2024,May,2024-05-01
2024-05-24,INFY,IT,1792.46,1810.3,1753.19,1779.8,887016,-0.208,2024-05,2024,May,2024-05-01
2024-05-27,INFY,IT,1788.5,1803.2,1757.98,1779.63,6324893,-0.01,2024-05,2024,May,2024-05-01
2024-05-28,INFY,IT,1775.72,1798.63,1766.41,1776.85,5615458,-0.156,2024-05,2024,May,2024-05-01
2024-05-29,INFY,IT,1767.72,1794.43,1759.87,1776.31,6811671,-0.03,2024-05,2024,May,2024-05-01
2024-05-30,INFY,IT,1777.53,1783.28,1755.55,1768.07,2779178,-0.464,2024-05,2024,May,2024-05-01
2024-05-31,INFY,IT,1764.32,1773.11,1737.71,1764.66,3663223,-0.193,2024-05,2024,May,2024-05-01
2024-06-03,INFY,IT,1757.73,1778.42,1730.22,1769.96,7269702,0.3,2024-06,2024,Jun,2024-06-01
2024-06-04,INFY,IT,1778.18,1798.09,1766.07,1773.13,1280987,0.179,2024-06,2024,Jun,2024-06-01
2024-06-05,INFY,IT,1785.24,1801.04,1765.49,1777.95,4336655,0.272,2024-06,2024,Jun,2024-06-01
2024-06-06,INFY,IT,1765.71,1796.55,1756.82,1783.02,4284619,0.285,2024-06,2024,Jun,2024-06-01
2024-06-07,INFY,IT,1779.78,1804.35,1774.29,1785.67,4021949,0.149,2024-06,2024,Jun,2024-06-01
2024-06-10,INFY,IT,1783.71,1815.71,1762.32,1784.5,3923226,-0.066,2024-06,2024,Jun,2024-06-01
2024-06-11,INFY,IT,1786.58,1797.91,1769.09,1781.35,6180421,-0.177,2024-06,2024,Jun,2024-06-01
2024-06-12,INFY,IT,1781.92,1803.18,1773.31,1785.6,2218248,0.239,2024-06,2024,Jun,2024-06-01
2024-06-13,INFY,IT,1780.24,1802.55,1752.25,1786.18,7216273,0.032,2024-06,2024,Jun,2024-06-01
2024-06-14,INFY,IT,1800.25,1823.98,1770.4,1795.03,7252243,0.495,2024-06,2024,Jun,2024-06-01
2024-06-17,INFY,IT,1790.78,1818.21,1765.44,1794.14,2091622,-0.05,2024-06,2024,Jun,2024-06-01
2024-06-18,INFY,IT,1805.15,1829.33,1798.24,1801.24,7813867,0.396,2024-06,2024,Jun,2024-06-01
2024-06-19,INFY,IT,1793.06,1809.04,1763.37,1801.07,2686741,-0.009,2024-06,2024,Jun,2024-06-01
2024-06-20,INFY,IT,1796.24,1821.6,1776.89,1806.01,1172579,0.274,2024-06,2024,Jun,2024-06-01
2024-06-21,INFY,IT,1817.68,1844.56,1794.87,1812.2,3666074,0.343,2024-06,2024,Jun,2024-06-01
2024-06-24,INFY,IT,1810.87,1824.43,1806.91,1809.04,6529373,-0.174,2024-06,2024,Jun,2024-06-01
2024-06-25,INFY,IT,1814.41,1846.58,1778.35,1807.74,6881105,-0.072,2024-06,2024,Jun,2024-06-01
2024-06-26,INFY,IT,1800.71,1817.55,1782.26,1804.56,5449159,-0.176,2024-06,2024,Jun,2024-06-01
2024-06-27,INFY,IT,1794.98,1817.74,1768.0,1800.71,6640553,-0.213,2024-06,2024,Jun,2024-06-01
2024-06-28,INFY,IT,1813.17,1829.61,1781.45,1803.35,2682341,0.147,2024-06,2024,Jun,2024-06-01
2024-07-01,INFY,IT,1792.06,1818.14,1766.0,1803.04,7128723,-0.017,2024-07,2024,Jul,2024-07-01
2024-07-02,INFY,IT,1812.62,1840.49,1780.54,1803.59,5373124,0.031,2024-07,2024,Jul,2024-07-01
2024-07-03,INFY,IT,1815.4,1822.01,1775.78,1805.86,1761793,0.126,2024-07,2024,Jul,2024-07-01
2024-07-04,INFY,IT,1806.06,1825.29,1791.17,1799.87,1726230,-0.332,2024-07,2024,Jul,2024-07-01
2024-07-05,INFY,IT,1799.68,1825.42,1791.69,1804.64,2724585,0.265,2024-07,2024,Jul,2024-07-01
2024-07-08,INFY,IT,1797.93,1831.72,1774.35,1803.82,1299726,-0.045,2024-07,2024,Jul,2024-07-01
2024-07-09,INFY,IT,1804.5,1826.53,1787.31,1806.02,2835788,0.122,2024-07,2024,Jul,2024-07-01
2024-07-10,INFY,IT,1799.16,1839.85,1779.03,1808.53,7953121,0.139,2024-07,2024,Jul,2024-07-01
2024-07-11,INFY,IT,1806.65,1842.33,1783.08,1813.62,2528679,0.281,2024-07,2024,Jul,2024-07-01
2024-07-12,INFY,IT,1818.33,1830.92,1794.96,1813.65,5381862,0.002,2024-07,2024,Jul,2024-07-01
2024-07-15,INFY,IT,1811.42,1839.72,1780.73,1806.73,7838182,-0.382,2024-07,2024,Jul,2024-07-01
2024-07-16,INFY,IT,1799.73,1838.57,1788.17,1807.32,2623202,0.033,2024-07,2024,Jul,2024-07-01
2024-07-17,INFY,IT,1813.29,1823.03,1780.18,1808.4,5812503,0.06,2024-07,2024,Jul,2024-07-01
2024-07-18,INFY,IT,1808.53,1829.1,1800.14,1805.25,4040244,-0.174,2024-07,2024,Jul,2024-07-01
2024-07-19,INFY,IT,1817.06,1827.58,1784.88,1806.15,2854237,0.05,2024-07,2024,Jul,2024-07-01
2024-07-22,INFY,IT,1809.43,1831.22,1776.2,1805.32,7640634,-0.046,2024-07,2024,Jul,2024-07-01
2024-07-23,INFY,IT,1808.75,1813.44,1791.59,1801.13,5528320,-0.232,2024-07,2024,Jul,2024-07-01
2024-07-24,INFY,IT,1807.28,1831.65,1792.01,1803.84,3958820,0.15,2024-07,2024,Jul,2024-07-01
2024-07-25,INFY,IT,1809.39,1824.11,1791.17,1802.33,6647076,-0.084,2024-07,2024,Jul,2024-07-01
2024-07-26,INFY,IT,1792.08,1821.14,1773.1,1801.36,7283200,-0.054,2024-07,2024,Jul,2024-07-01
2024-07-29,INFY,IT,1799.33,1802.79,1784.9,1800.2,6426672,-0.064,2024-07,2024,Jul,2024-07-01
2024-07-30,INFY,IT,1804.58,1828.01,1799.47,1804.87,7055426,0.259,2024-07,2024,Jul,2024-07-01
2024-07-31,INFY,IT,1803.4,1822.19,1774.28,1805.16,3118476,0.016,2024-07,2024,Jul,2024-07-01
2024-08-01,INFY,IT,1809.09,1830.12,1797.79,1805.88,3277925,0.04,2024-08,2024,Aug,2024-08-01
2024-08-02,INFY,IT,1809.4,1820.92,1786.63,1804.82,2475340,-0.059,2024-08,2024,Aug,2024-08-01
2024-08-05,INFY,IT,1809.7,1815.99,1786.78,1806.86,5811264,0.113,2024-08,2024,Aug,2024-08-01
2024-08-06,INFY,IT,1810.68,1827.19,1807.62,1811.96,6582802,0.282,2024-08,2024,Aug,2024-08-01
2024-08-07,INFY,IT,1809.32,1845.6,1804.57,1814.66,5555589,0.149,2024-08,2024,Aug,2024-08-01
2024-08-08,INFY,IT,1825.49,1834.38,1785.67,1817.51,5114272,0.157,2024-08,2024,Aug,2024-08-01
2024-08-09,INFY,IT,1822.64,1845.4,1797.71,1820.09,6352725,0.142,2024-08,2024,Aug,2024-08-01
2024-08-12,INFY,IT,1808.41,1819.17,1805.57,1815.81,2106527,-0.235,2024-08,2024,Aug,2024-08-01
2024-08-13,INFY,IT,1811.88,1837.24,1785.61,1813.29,3434689,-0.139,2024-08,2024,Aug,2024-08-01
2024-08-14,INFY,IT,1800.44,1822.25,1783.07,1813.08,5890641,-0.012,2024-08,2024,Aug,2024-08-01
2024-08-15,INFY,IT,1811.35,1827.06,1806.97,1811.09,1176102,-0.11,2024-08,2024,Aug,2024-08-01
2024-08-16,INFY,IT,1806.51,1821.06,1783.8,1807.95,7358433,-0.173,2024-08,2024,Aug,2024-08-01
2024-08-19,INFY,IT,1797.91,1807.31,1780.85,1802.05,2031482,-0.326,2024-08,2024,Aug,2024-08-01
2024-08-20,INFY,IT,1809.36,1821.8,1789.91,1797.97,6466359,-0.226,2024-08,2024,Aug,2024-08-01
2024-08-21,INFY,IT,1789.31,1810.12,1760.82,1797.62,5239186,-0.019,2024-08,2024,Aug,2024-08-01
2024-08-22,INFY,IT,1803.01,1820.81,1787.22,1797.93,6902873,0.017,2024-08,2024,Aug,2024-08-01
2024-08-23,INFY,IT,1811.47,1843.23,1785.28,1795.77,6380721,-0.12,2024-08,2024,Aug,2024-08-01
2024-08-26,INFY,IT,1804.33,1820.55,1786.46,1796.59,4514055,0.046,2024-08,2024,Aug,2024-08-01
2024-08-27,INFY,IT,1795.44,1825.38,1770.22,1795.67,6243550,-0.051,2024-08,2024,Aug,2024-08-01
2024-08-28,INFY,IT,1791.8,1815.89,1768.5,1799.97,3294780,0.239,2024-08,2024,Aug,2024-08-01
2024-08-29,INFY,IT,1790.18,1805.08,1760.91,1799.99,5002507,0.001,2024-08,2024,Aug,2024-08-01
2024-08-30,INFY,IT,1799.99,1811.82,1791.17,1802.96,7388476,0.165,2024-08,2024,Aug,2024-08-01
2024-09-02,INFY,IT,1799.29,1818.55,1773.44,1804.25,1410258,0.072,2024-09,2024,Sep,2024-09-01
2024-09-03,INFY,IT,1794.87,1811.81,1775.59,1800.05,3361768,-0.233,2024-09,2024,Sep,2024-09-01
2024-09-04,INFY,IT,1798.0,1828.65,1786.77,1800.35,924478,0.017,2024-09,2024,Sep,2024-09-01
2024-09-05,INFY,IT,1796.01,1819.27,1793.13,1796.74,4646749,-0.201,2024-09,2024,Sep,2024-09-01
2024-09-06,INFY,IT,1800.48,1819.98,1770.18,1797.0,6431420,0.014,2024-09,2024,Sep,2024-09-01
2024-09-09,INFY,IT,1786.19,1811.87,1777.09,1795.08,1077610,-0.107,2024-09,2024,Sep,2024-09-01
2024-09-10,INFY,IT,1792.12,1810.96,1771.08,1797.02,4755510,0.108,2024-09,2024,Sep,2024-09-01
2024-09-11,INFY,IT,1791.95,1813.54,1773.43,1793.09,3789572,-0.219,2024-09,2024,Sep,2024-09-01
2024-09-12,INFY,IT,1792.39,1799.39,1790.46,1793.79,6435527,0.039,2024-09,2024,Sep,2024-09-01
2024-09-13,INFY,IT,1809.6,1816.41,1764.24,1796.41,2384944,0.146,2024-09,2024,Sep,2024-09-01
2024-09-16,INFY,IT,1801.85,1812.93,1773.45,1800.18,1972076,0.21,2024-09,2024,Sep,2024-09-01
2024-09-17,INFY,IT,1786.63,1805.27,1770.07,1798.24,1481729,-0.108,2024-09,2024,Sep,2024-09-01
2024-09-18,INFY,IT,1801.99,1824.54,1776.38,1798.99,3733446,0.042,2024-09,2024,Sep,2024-09-01
2024-09-19,INFY,IT,1804.24,1806.8,1783.92,1800.31,4310216,0.073,2024-09,2024,Sep,2024-09-01
2024-09-20,INFY,IT,1805.41,1813.03,1780.75,1806.31,7418018,0.333,2024-09,2024,Sep,2024-09-01
2024-09-23,INFY,IT,1793.2,1831.39,1787.31,1801.94,4154271,-0.242,2024-09,2024,Sep,2024-09-01
2024-09-24,INFY,IT,1812.19,1844.74,1784.08,1799.54,2035505,-0.133,2024-09,2024,Sep,2024-09-01
2024-09-25,INFY,IT,1802.13,1826.69,1790.05,1809.88,5832914,0.575,2024-09,2024,Sep,2024-09-01
2024-09-26,INFY,IT,1814.46,1831.55,1793.72,1809.67,1242993,-0.012,2024-09,2024,Sep,2024-09-01
2024-09-27,INFY,IT,1805.36,1830.91,1788.3,1803.92,3286090,-0.318,2024-09,2024,Sep,2024-09-01
2024-09-30,INFY,IT,1807.0,1809.92,1796.48,1802.67,5504965,-0.069,2024-09,2024,Sep,2024-09-01
2024-10-01,INFY,IT,1806.21,1821.12,1762.38,1793.96,2628509,-0.483,2024-10,2024,Oct,2024-10-01
2024-10-02,INFY,IT,1799.57,1804.42,1793.27,1795.54,5080661,0.088,2024-10,2024,Oct,2024-10-01
2024-10-03,INFY,IT,1795.04,1813.12,1792.94,1799.06,4063769,0.196,2024-10,2024,Oct,2024-10-01
2024-10-04,INFY,IT,1804.67,1836.66,1783.52,1796.72,7654619,-0.13,2024-10,2024,Oct,2024-10-01
2024-10-07,INFY,IT,1791.35,1820.69,1770.67,1795.89,2869636,-0.046,2024-10,2024,Oct,2024-10-01
2024-10-08,INFY,IT,1801.0,1832.96,1792.53,1799.83,7326572,0.219,2024-10,2024,Oct,2024-10-01
2024-10-09,INFY,IT,1785.36,1819.19,1767.39,1794.64,5306272,-0.288,2024-10,2024,Oct,2024-10-01
2024-10-10,INFY,IT,1783.53,1811.23,1759.83,1790.93,6195898,-0.207,2024-10,2024,Oct,2024-10-01
2024-10-11,INFY,IT,1791.32,1816.08,1786.3,1790.95,2015257,0.001,2024-10,2024,Oct,2024-10-01
2024-10-14,INFY,IT,1791.83,1813.7,1757.46,1789.2,937932,-0.098,2024-10,2024,Oct,2024-10-01
2024-10-15,INFY,IT,1776.82,1804.91,1764.88,1789.01,6061482,-0.011,2024-10,2024,Oct,2024-10-01
2024-10-16,INFY,IT,1789.08,1799.77,1764.24,1785.53,4258786,-0.195,2024-10,2024,Oct,2024-10-01
2024-10-17,INFY,IT,1781.22,1804.66,1776.08,1787.07,3023718,0.086,2024-10,2024,Oct,2024-10-01
2024-10-18,INFY,IT,1796.54,1806.23,1764.04,1787.39,7251933,0.018,2024-10,2024,Oct,2024-10-01
2024-10-21,INFY,IT,1787.57,1806.69,1760.24,1790.09,3150759,0.151,2024-10,2024,Oct,2024-10-01
2024-10-22,INFY,IT,1783.55,1797.85,1778.58,1791.6,3922287,0.084,2024-10,2024,Oct,2024-10-01
2024-10-23,INFY,IT,1793.69,1812.73,1787.52,1793.15,6014225,0.087,2024-10,2024,Oct,2024-10-01
2024-10-24,INFY,IT,1782.52,1798.32,1772.22,1789.07,7727449,-0.228,2024-10,2024,Oct,2024-10-01
2024-10-25,INFY,IT,1800.69,1811.48,1789.44,1791.6,7272698,0.141,2024-10,2024,Oct,2024-10-01
2024-10-28,INFY,IT,1791.33,1808.32,1759.51,1791.32,5497913,-0.016,2024-10,2024,Oct,2024-10-01
2024-10-29,INFY,IT,1790.53,1798.36,1770.52,1791.62,1594891,0.017,2024-10,2024,Oct,2024-10-01
2024-10-30,INFY,IT,1800.3,1831.56,1775.7,1796.05,1588091,0.247,2024-10,2024,Oct,2024-10-01
2024-10-31,INFY,IT,1787.25,1809.89,1756.33,1794.46,5788584,-0.089,2024-10,2024,Oct,2024-10-01
2024-11-01,INFY,IT,1790.67,1812.53,1763.55,1799.95,4466758,0.306,2024-11,2024,Nov,2024-11-01
2024-11-04,INFY,IT,1808.72,1811.43,1778.97,1805.78,1758354,0.324,2024-11,2024,Nov,2024-11-01
2024-11-05,INFY,IT,1801.29,1836.99,1789.09,1809.24,5808443,0.192,2024-11,2024,Nov,2024-11-01
2024-11-06,INFY,IT,1798.81,1827.79,1786.77,1806.76,7584580,-0.137,2024-11,2024,Nov,2024-11-01
2024-11-07,INFY,IT,1806.18,1820.77,1789.43,1800.16,1270656,-0.365,2024-11,2024,Nov,2024-11-01
2024-11-08,INFY,IT,1808.53,1817.89,1792.3,1804.74,6744675,0.254,2024-11,2024,Nov,2024-11-01
2024-11-11,INFY,IT,1796.96,1830.7,1783.87,1806.01,3281476,0.07,2024-11,2024,Nov,2024-11-01
2024-11-12,INFY,IT,1799.88,1835.16,1793.8,1804.35,3664053,-0.092,2024-11,2024,Nov,2024-11-01
2024-11-13,INFY,IT,1802.74,1822.8,1790.03,1809.28,5962983,0.273,2024-11,2024,Nov,2024-11-01
2024-11-14,INFY,IT,1820.06,1826.05,1791.68,1807.22,2577526,-0.114,2024-11,2024,Nov,2024-11-01
2024-11-15,INFY,IT,1813.21,1818.39,1795.35,1806.66,1930913,-0.031,2024-11,2024,Nov,2024-11-01
2024-11-18,INFY,IT,1806.32,1811.37,1799.43,1809.36,7739803,0.149,2024-11,2024,Nov,2024-11-01
2024-11-19,INFY,IT,1810.6,1835.31,1793.17,1806.44,3308047,-0.161,2024-11,2024,Nov,2024-11-01
2024-11-20,INFY,IT,1797.17,1838.92,1780.68,1806.97,2021005,0.029,2024-11,2024,Nov,2024-11-01
2024-11-21,INFY,IT,1806.74,1844.0,1782.8,1811.62,5767354,0.257,2024-11,2024,Nov,2024-11-01
2024-11-22,INFY,IT,1814.01,1840.01,1789.51,1813.25,2360345,0.09,2024-11,2024,Nov,2024-11-01
2024-11-25,INFY,IT,1821.75,1828.59,1810.38,1818.46,6383894,0.287,2024-11,2024,Nov,2024-11-01
2024-11-26,INFY,IT,1822.58,1855.42,1819.62,1823.29,1307430,0.266,2024-11,2024,Nov,2024-11-01
2024-11-27,INFY,IT,1826.04,1838.04,1812.99,1824.23,4533284,0.052,2024-11,2024,Nov,2024-11-01
2024-11-28,INFY,IT,1817.63,1829.75,1810.39,1817.06,3701280,-0.393,2024-11,2024,Nov,2024-11-01
2024-11-29,INFY,IT,1812.96,1837.16,1798.95,1814.15,7689374,-0.16,2024-11,2024,Nov,2024-11-01
2024-12-02,INFY,IT,1815.53,1821.02,1783.49,1817.69,4553245,0.195,2024-12,2024,Dec,2024-12-01
2024-12-03,INFY,IT,1810.15,1840.51,1802.77,1813.24,7462382,-0.245,2024-12,2024,Dec,2024-12-01
2024-12-04,INFY,IT,1814.7,1847.28,1801.38,1813.02,2589388,-0.012,2024-12,2024,Dec,2024-12-01
2024-12-05,INFY,IT,1818.07,1843.84,1790.9,1815.08,4208746,0.114,2024-12,2024,Dec,2024-12-01
2024-12-06,INFY,IT,1822.51,1848.55,1803.48,1821.06,6659516,0.329,2024-12,2024,Dec,2024-12-01
2024-12-09,INFY,IT,1811.39,1833.87,1808.23,1819.97,1953975,-0.06,2024-12,2024,Dec,2024-12-01
2024-12-10,INFY,IT,1811.38,1822.5,1804.58,1818.64,7479702,-0.073,2024-12,2024,Dec,2024-12-01
2024-12-11,INFY,IT,1822.26,1848.63,1788.61,1819.35,6365107,0.039,2024-12,2024,Dec,2024-12-01
2024-12-12,INFY,IT,1832.18,1852.61,1816.44,1821.46,5673537,0.116,2024-12,2024,Dec,2024-12-01
2024-12-13,INFY,IT,1822.92,1852.93,1800.32,1821.81,2550604,0.019,2024-12,2024,Dec,2024-12-01
2024-12-16,INFY,IT,1823.33,1831.76,1796.95,1826.34,6689845,0.249,2024-12,2024,Dec,2024-12-01
2024-12-17,INFY,IT,1826.09,1837.38,1814.39,1824.45,6868313,-0.103,2024-12,2024,Dec,2024-12-01
2024-12-18,INFY,IT,1817.44,1838.77,1793.22,1825.75,2906823,0.071,2024-12,2024,Dec,2024-12-01
2024-12-19,INFY,IT,1837.74,1860.92,1821.06,1828.17,5027439,0.133,2024-12,2024,Dec,2024-12-01
2024-12-20,INFY,IT,1829.02,1855.34,1816.98,1827.65,1236613,-0.028,2024-12,2024,Dec,2024-12-01
2024-12-23,INFY,IT,1826.54,1863.19,1815.03,1831.44,3637469,0.207,2024-12,2024,Dec,2024-12-01
2024-12-24,INFY,IT,1831.6,1843.86,1798.75,1832.83,1884813,0.076,2024-12,2024,Dec,2024-12-01
2024-12-25,INFY,IT,1832.57,1853.69,1824.05,1836.44,4805960,0.197,2024-12,2024,Dec,2024-12-01
2024-12-26,INFY,IT,1847.62,1850.38,1832.1,1837.98,4751605,0.084,2024-12,2024,Dec,2024-12-01
2024-12-27,INFY,IT,1838.66,1849.9,1807.89,1840.15,4636223,0.118,2024-12,2024,Dec,2024-12-01
2024-12-30,INFY,IT,1839.93,1853.47,1831.89,1838.79,5675509,-0.074,2024-12,2024,Dec,2024-12-01
2024-12-31,INFY,IT,1841.65,1862.08,1808.13,1837.43,7458076,-0.074,2024-12,2024,Dec,2024-12-01
2025-01-01,INFY,IT,1837.09,1859.15,1814.94,1842.55,2216480,0.279,2025-01,2025,Jan,2025-01-01
2025-01-02,INFY,IT,1847.05,1860.34,1825.67,1845.62,2343413,0.167,2025-01,2025,Jan,2025-01-01
2025-01-03,INFY,IT,1844.89,1866.31,1817.48,1842.86,2351011,-0.15,2025-01,2025,Jan,2025-01-01
2025-01-06,INFY,IT,1832.86,1872.15,1808.4,1844.32,7482740,0.079,2025-01,2025,Jan,2025-01-01
2025-01-07,INFY,IT,1838.7,1848.09,1831.55,1836.84,1467148,-0.406,2025-01,2025,Jan,2025-01-01
2025-01-08,INFY,IT,1835.31,1848.18,1802.29,1835.65,1025655,-0.065,2025-01,2025,Jan,2025-01-01
2025-01-09,INFY,IT,1840.76,1864.66,1808.51,1839.81,1955202,0.227,2025-01,2025,Jan,2025-01-01
2025-01-10,INFY,IT,1840.43,1866.61,1810.28,1840.17,6338263,0.02,2025-01,2025,Jan,2025-01-01
2025-01-13,INFY,IT,1843.28,1870.99,1820.05,1841.37,4973305,0.065,2025-01,2025,Jan,2025-01-01
2025-01-14,INFY,IT,1841.43,1849.82,1813.52,1831.63,7421610,-0.529,2025-01,2025,Jan,2025-01-01
2025-01-15,INFY,IT,1822.4,1849.66,1803.96,1831.04,2270893,-0.032,2025-01,2025,Jan,2025-01-01
2025-01-16,INFY,IT,1830.48,1862.86,1828.18,1832.99,3637175,0.106,2025-01,2025,Jan,2025-01-01
2025-01-17,INFY,IT,1840.26,1854.36,1817.95,1835.37,4798804,0.13,2025-01,2025,Jan,2025-01-01
2025-01-20,INFY,IT,1843.02,1858.34,1818.14,1839.48,1326083,0.224,2025-01,2025,Jan,2025-01-01
2025-01-21,INFY,IT,1842.88,1875.58,1817.06,1839.5,7413452,0.001,2025-01,2025,Jan,2025-01-01
2025-01-22,INFY,IT,1859.93,1865.36,1827.44,1839.66,6593606,0.009,2025-01,2025,Jan,2025-01-01
2025-01-23,INFY,IT,1840.26,1864.17,1819.2,1835.75,1835084,-0.213,2025-01,2025,Jan,2025-01-01
2025-01-24,INFY,IT,1844.06,1872.56,1814.06,1835.76,6868626,0.001,2025-01,2025,Jan,2025-01-01
2025-01-27,INFY,IT,1829.83,1838.61,1814.68,1832.08,4031298,-0.2,2025-01,2025,Jan,2025-01-01
2025-01-28,INFY,IT,1819.11,1850.38,1787.54,1826.37,3221053,-0.312,2025-01,2025,Jan,2025-01-01
2025-01-29,INFY,IT,1821.01,1839.69,1797.35,1823.3,7612292,-0.168,2025-01,2025,Jan,2025-01-01
2025-01-30,INFY,IT,1834.44,1862.87,1827.36,1829.23,4533871,0.325,2025-01,2025,Jan,2025-01-01
2025-01-31,INFY,IT,1831.95,1862.04,1826.42,1828.97,2435784,-0.014,2025-01,2025,Jan,2025-01-01
2025-02-03,INFY,IT,1833.37,1862.4,1807.11,1830.42,6628177,0.079,2025-02,2025,Feb,2025-02-01
2025-02-04,INFY,IT,1827.73,1833.13,1813.08,1829.3,5953295,-0.061,2025-02,2025,Feb,2025-02-01
2025-02-05,INFY,IT,1821.02,1849.04,1793.21,1823.75,2182709,-0.303,2025-02,2025,Feb,2025-02-01
2025-02-06,INFY,IT,1826.33,1858.11,1819.14,1827.65,5677049,0.214,2025-02,2025,Feb,2025-02-01
2025-02-07,INFY,IT,1826.04,1847.16,1818.52,1820.76,5328625,-0.377,2025-02,2025,Feb,2025-02-01
2025-02-10,INFY,IT,1825.6,1846.07,1805.66,1819.48,2782554,-0.07,2025-02,2025,Feb,2025-02-01
2025-02-11,INFY,IT,1812.59,1823.13,1788.1,1819.92,3900540,0.024,2025-02,2025,Feb,2025-02-01
2025-02-12,INFY,IT,1826.89,1855.3,1789.43,1821.34,6842962,0.078,2025-02,2025,Feb,2025-02-01
2025-02-13,INFY,IT,1814.7,1822.69,1785.63,1819.44,2055793,-0.104,2025-02,2025,Feb,2025-02-01
2025-02-14,INFY,IT,1817.1,1828.6,1796.96,1813.7,6000800,-0.315,2025-02,2025,Feb,2025-02-01
2025-02-17,INFY,IT,1810.14,1841.86,1783.32,1811.53,6786369,-0.12,2025-02,2025,Feb,2025-02-01
2025-02-18,INFY,IT,1820.87,1852.09,1805.57,1809.54,7544593,-0.11,2025-02,2025,Feb,2025-02-01
2025-02-19,INFY,IT,1804.44,1839.75,1785.08,1807.46,3137701,-0.115,2025-02,2025,Feb,2025-02-01
2025-02-20,INFY,IT,1812.66,1829.15,1781.09,1811.37,2719582,0.216,2025-02,2025,Feb,2025-02-01
2025-02-21,INFY,IT,1812.14,1819.42,1793.77,1807.76,7527868,-0.199,2025-02,2025,Feb,2025-02-01
2025-02-24,INFY,IT,1803.02,1826.16,1771.79,1809.35,4131951,0.088,2025-02,2025,Feb,2025-02-01
2025-02-25,INFY,IT,1809.91,1815.4,1801.31,1810.44,4896323,0.06,2025-02,2025,Feb,2025-02-01
2025-02-26,INFY,IT,1812.35,1843.01,1807.29,1814.29,4493747,0.213,2025-02,2025,Feb,2025-02-01
2025-02-27,INFY,IT,1810.63,1833.47,1792.67,1814.36,4504471,0.004,2025-02,2025,Feb,2025-02-01
2025-02-28,INFY,IT,1814.42,1831.94,1784.62,1817.62,5296742,0.18,2025-02,2025,Feb,2025-02-01
2025-03-03,INFY,IT,1825.63,1829.93,1806.11,1817.55,3847802,-0.004,2025-03,2025,Mar,2025-03-01
2025-03-04,INFY,IT,1815.21,1833.92,1788.7,1819.56,3622759,0.111,2025-03,2025,Mar,2025-03-01
2025-03-05,INFY,IT,1818.99,1847.6,1807.84,1814.88,3684830,-0.257,2025-03,2025,Mar,2025-03-01
2025-03-06,INFY,IT,1808.58,1832.01,1781.6,1806.3,5525426,-0.473,2025-03,2025,Mar,2025-03-01
2025-03-07,INFY,IT,1797.99,1812.43,1779.16,1808.09,6689357,0.099,2025-03,2025,Mar,2025-03-01
2025-03-10,INFY,IT,1813.82,1820.56,1802.86,1810.06,4796935,0.109,2025-03,2025,Mar,2025-03-01
2025-03-11,INFY,IT,1801.93,1826.07,1778.13,1812.17,5678006,0.117,2025-03,2025,Mar,2025-03-01
2025-03-12,INFY,IT,1815.39,1820.33,1787.06,1810.84,3773970,-0.073,2025-03,2025,Mar,2025-03-01
2025-03-13,INFY,IT,1812.75,1847.1,1795.06,1816.44,6370568,0.309,2025-03,2025,Mar,2025-03-01
2025-03-14,INFY,IT,1815.38,1837.32,1806.54,1815.31,3635254,-0.062,2025-03,2025,Mar,2025-03-01
2025-03-17,INFY,IT,1807.81,1821.97,1801.94,1817.22,3831805,0.105,2025-03,2025,Mar,2025-03-01
2025-03-18,INFY,IT,1820.62,1846.83,1788.3,1819.73,1197817,0.138,2025-03,2025,Mar,2025-03-01
2025-03-19,INFY,IT,1832.9,1846.21,1803.94,1826.13,2682348,0.352,2025-03,2025,Mar,2025-03-01
2025-03-20,INFY,IT,1819.58,1834.89,1792.72,1825.47,6116730,-0.036,2025-03,2025,Mar,2025-03-01
2025-03-21,INFY,IT,1819.21,1843.13,1795.84,1823.64,1425429,-0.1,2025-03,2025,Mar,2025-03-01
2025-03-24,INFY,IT,1822.19,1824.43,1791.42,1818.89,2412625,-0.26,2025-03,2025,Mar,2025-03-01
2025-03-25,INFY,IT,1828.18,1844.48,1817.82,1824.68,6391923,0.318,2025-03,2025,Mar,2025-03-01
2025-03-26,INFY,IT,1808.78,1854.59,1791.69,1826.57,7086722,0.104,2025-03,2025,Mar,2025-03-01
2025-03-27,INFY,IT,1843.3,1874.22,1805.99,1828.56,3789990,0.109,2025-03,2025,Mar,2025-03-01
2025-03-28,INFY,IT,1843.72,1856.3,1834.76,1839.83,3729665,0.616,2025-03,2025,Mar,2025-03-01
2025-03-31,INFY,IT,1846.51,1868.53,1834.84,1841.38,4466409,0.084,2025-03,2025,Mar,2025-03-01
2025-04-01,INFY,IT,1836.18,1846.16,1814.55,1837.24,6345051,-0.225,2025-04,2025,Apr,2025-04-01
2025-04-02,INFY,IT,1823.32,1856.28,1794.57,1836.95,4179271,-0.016,2025-04,2025,Apr,2025-04-01
2025-04-03,INFY,IT,1838.9,1848.68,1811.53,1833.95,2048710,-0.163,2025-04,2025,Apr,2025-04-01
2025-04-04,INFY,IT,1828.82,1852.6,1825.87,1832.97,3904192,-0.053,2025-04,2025,Apr,2025-04-01
2025-04-07,INFY,IT,1835.94,1843.14,1799.9,1831.96,2633455,-0.055,2025-04,2025,Apr,2025-04-01
2025-04-08,INFY,IT,1828.7,1861.42,1822.53,1830.3,5724076,-0.091,2025-04,2025,Apr,2025-04-01
2025-04-09,INFY,IT,1827.58,1856.97,1816.8,1825.85,1827455,-0.243,2025-04,2025,Apr,2025-04-01
2025-04-10,INFY,IT,1826.08,1844.08,1793.99,1831.76,5182885,0.324,2025-04,2025,Apr,2025-04-01
2025-04-11,INFY,IT,1839.52,1865.65,1807.32,1833.18,1735003,0.078,2025-04,2025,Apr,2025-04-01
2025-04-14,INFY,IT,1824.06,1837.58,1793.19,1832.77,7798787,-0.022,2025-04,2025,Apr,2025-04-01
2025-04-15,INFY,IT,1852.28,1877.44,1808.78,1835.79,5408391,0.165,2025-04,2025,Apr,2025-04-01
2025-04-16,INFY,IT,1854.26,1865.02,1815.61,1837.81,1800108,0.11,2025-04,2025,Apr,2025-04-01
2025-04-17,INFY,IT,1851.15,1857.27,1828.41,1839.14,7704070,0.072,2025-04,2025,Apr,2025-04-01
2025-04-18,INFY,IT,1851.31,1874.5,1829.83,1841.91,4929339,0.151,2025-04,2025,Apr,2025-04-01
2025-04-21,INFY,IT,1842.13,1859.31,1810.62,1842.75,5167769,0.046,2025-04,2025,Apr,2025-04-01
2025-04-22,INFY,IT,1854.08,1872.64,1816.62,1845.47,1255329,0.148,2025-04,2025,Apr,2025-04-01
2025-04-23,INFY,IT,1847.77,1866.69,1834.63,1848.48,2151826,0.163,2025-04,2025,Apr,2025-04-01
2025-04-24,INFY,IT,1837.93,1853.14,1824.43,1849.42,6617012,0.051,2025-04,2025,Apr,2025-04-01
2025-04-25,INFY,IT,1860.14,1863.62,1837.81,1849.02,4166739,-0.022,2025-04,2025,Apr,2025-04-01
2025-04-28,INFY,IT,1863.15,1884.05,1842.63,1854.77,5237441,0.311,2025-04,2025,Apr,2025-04-01
2025-04-29,INFY,IT,1853.23,1874.97,1824.26,1853.46,7907497,-0.071,2025-04,2025,Apr,2025-04-01
2025-04-30,INFY,IT,1846.12,1858.55,1843.94,1855.21,3884327,0.094,2025-04,2025,Apr,2025-04-01
2025-05-01,INFY,IT,1852.69,1870.85,1837.1,1857.04,3542473,0.099,2025-05,2025,May,2025-05-01
2025-05-02,INFY,IT,1841.75,1876.45,1810.39,1855.27,6576096,-0.095,2025-05,2025,May,2025-05-01
2025-05-05,INFY,IT,1859.8,1882.42,1833.85,1852.79,1275350,-0.134,2025-05,2025,May,2025-05-01
2025-05-06,INFY,IT,1840.05,1879.85,1824.12,1851.92,4076018,-0.047,2025-05,2025,May,2025-05-01
2025-05-07,INFY,IT,1852.69,1867.8,1838.89,1850.57,6954522,-0.073,2025-05,2025,May,2025-05-01
2025-05-08,INFY,IT,1839.6,1864.88,1835.45,1845.83,2440059,-0.256,2025-05,2025,May,2025-05-01
2025-05-09,INFY,IT,1833.4,1863.9,1824.57,1843.92,2988841,-0.103,2025-05,2025,May,2025-05-01
2025-05-12,INFY,IT,1846.99,1858.64,1840.55,1845.23,4202005,0.071,2025-05,2025,May,2025-05-01
2025-05-13,INFY,IT,1847.59,1853.61,1841.76,1850.06,1334922,0.262,2025-05,2025,May,2025-05-01
2025-05-14,INFY,IT,1858.61,1860.6,1845.4,1852.4,1309988,0.126,2025-05,2025,May,2025-05-01
2025-05-15,INFY,IT,1834.31,1871.71,1823.06,1843.66,2610365,-0.472,2025-05,2025,May,2025-05-01
2025-05-16,INFY,IT,1840.71,1854.43,1838.52,1846.3,7264599,0.143,2025-05,2025,May,2025-05-01
2025-05-19,INFY,IT,1827.12,1866.35,1795.78,1844.74,2397128,-0.084,2025-05,2025,May,2025-05-01
2025-05-20,INFY,IT,1830.59,1866.69,1824.91,1846.73,6062900,0.108,2025-05,2025,May,2025-05-01
2025-05-21,INFY,IT,1860.36,1874.86,1833.2,1847.08,3867717,0.019,2025-05,2025,May,2025-05-01
2025-05-22,INFY,IT,1862.2,1890.45,1817.35,1846.81,6274273,-0.015,2025-05,2025,May,2025-05-01
2025-05-23,INFY,IT,1847.54,1871.33,1841.67,1846.86,3177406,0.003,2025-05,2025,May,2025-05-01
2025-05-26,INFY,IT,1841.11,1849.76,1824.13,1847.2,7096351,0.018,2025-05,2025,May,2025-05-01
2025-05-27,INFY,IT,1850.13,1878.65,1821.71,1852.34,3470048,0.278,2025-05,2025,May,2025-05-01
2025-05-28,INFY,IT,1859.17,1877.05,1833.3,1852.7,6499322,0.019,2025-05,2025,May,2025-05-01
2025-05-29,INFY,IT,1853.13,1869.76,1844.65,1856.95,6786171,0.229,2025-05,2025,May,2025-05-01
2025-05-30,INFY,IT,1862.48,1887.35,1835.58,1860.71,3909338,0.202,2025-05,2025,May,2025-05-01
2025-06-02,INFY,IT,1863.41,1887.11,1839.97,1863.51,5601902,0.15,2025-06,2025,Jun,2025-06-01
2025-06-03,INFY,IT,1853.41,1869.31,1840.15,1857.64,1654182,-0.315,2025-06,2025,Jun,2025-06-01
2025-06-04,INFY,IT,1858.12,1895.02,1854.8,1862.04,4374280,0.237,2025-06,2025,Jun,2025-06-01
2025-06-05,INFY,IT,1863.06,1885.47,1858.77,1860.88,3488226,-0.062,2025-06,2025,Jun,2025-06-01
2025-06-06,INFY,IT,1856.59,1884.93,1828.68,1863.87,7671742,0.161,2025-06,2025,Jun,2025-06-01
2025-06-09,INFY,IT,1864.27,1868.34,1848.87,1860.9,7525409,-0.159,2025-06,2025,Jun,2025-06-01
2025-06-10,INFY,IT,1853.69,1867.87,1847.49,1857.19,6440126,-0.199,2025-06,2025,Jun,2025-06-01
2025-06-11,INFY,IT,1865.61,1881.65,1846.36,1864.66,7633451,0.402,2025-06,2025,Jun,2025-06-01
2025-06-12,INFY,IT,1872.07,1894.01,1830.76,1861.77,7826596,-0.155,2025-06,2025,Jun,2025-06-01
2025-06-13,INFY,IT,1865.06,1884.46,1862.93,1866.32,6328670,0.244,2025-06,2025,Jun,2025-06-01
2025-06-16,INFY,IT,1874.11,1900.3,1863.59,1867.24,5075510,0.049,2025-06,2025,Jun,2025-06-01
2025-06-17,INFY,IT,1852.89,1876.46,1837.9,1866.26,2271900,-0.052,2025-06,2025,Jun,2025-06-01
2025-06-18,INFY,IT,1863.11,1890.77,1839.84,1866.62,6670872,0.019,2025-06,2025,Jun,2025-06-01
2025-06-19,INFY,IT,1862.74,1890.47,1845.6,1862.54,2200038,-0.219,2025-06,2025,Jun,2025-06-01
2025-06-20,INFY,IT,1877.35,1903.65,1832.73,1863.02,2133455,0.026,2025-06,2025,Jun,2025-06-01
2025-06-23,INFY,IT,1845.15,1885.96,1841.92,1859.73,7134354,-0.177,2025-06,2025,Jun,2025-06-01
2025-06-24,INFY,IT,1858.16,1888.81,1845.56,1858.87,1623930,-0.046,2025-06,2025,Jun,2025-06-01
2025-06-25,INFY,IT,1873.55,1878.11,1849.71,1862.7,1821794,0.206,2025-06,2025,Jun,2025-06-01
2025-06-26,INFY,IT,1858.3,1888.12,1845.7,1864.16,4479076,0.078,2025-06,2025,Jun,2025-06-01
2025-06-27,INFY,IT,1857.9,1891.96,1840.64,1859.48,5005789,-0.251,2025-06,2025,Jun,2025-06-01
2025-06-30,INFY,IT,1865.54,1885.6,1836.17,1863.07,1128171,0.193,2025-06,2025,Jun,2025-06-01
2025-07-01,INFY,IT,1865.0,1873.76,1851.69,1863.63,3523412,0.03,2025-07,2025,Jul,2025-07-01
2025-07-02,INFY,IT,1873.96,1907.65,1836.87,1862.3,2421794,-0.071,2025-07,2025,Jul,2025-07-01
2025-07-03,INFY,IT,1868.89,1876.31,1859.03,1865.54,2974479,0.174,2025-07,2025,Jul,2025-07-01
2025-07-04,INFY,IT,1875.46,1888.04,1845.91,1865.56,2102219,0.001,2025-07,2025,Jul,2025-07-01
2025-07-07,INFY,IT,1859.36,1869.35,1845.65,1862.04,5677150,-0.189,2025-07,2025,Jul,2025-07-01
2025-07-08,INFY,IT,1863.68,1885.85,1844.73,1869.22,4205530,0.386,2025-07,2025,Jul,2025-07-01
2025-07-09,INFY,IT,1868.1,1884.97,1862.81,1869.79,7708897,0.03,2025-07,2025,Jul,2025-07-01
2025-07-10,INFY,IT,1861.47,1887.63,1829.43,1870.14,859812,0.019,2025-07,2025,Jul,2025-07-01
2025-07-11,INFY,IT,1872.96,1904.38,1838.68,1869.35,6398962,-0.042,2025-07,2025,Jul,2025-07-01
2025-07-14,INFY,IT,1871.31,1891.32,1843.15,1874.2,7350055,0.259,2025-07,2025,Jul,2025-07-01
2025-07-15,INFY,IT,1867.97,1891.26,1837.75,1873.0,4300370,-0.064,2025-07,2025,Jul,2025-07-01
2025-07-16,INFY,IT,1871.91,1902.0,1861.65,1868.18,5835359,-0.257,2025-07,2025,Jul,2025-07-01
2025-07-17,INFY,IT,1857.91,1894.27,1840.15,1866.45,3973122,-0.093,2025-07,2025,Jul,2025-07-01
2025-07-18,INFY,IT,1877.62,1887.15,1859.86,1871.85,5084262,0.289,2025-07,2025,Jul,2025-07-01
2025-07-21,INFY,IT,1871.92,1877.8,1841.81,1875.51,7335182,0.196,2025-07,2025,Jul,2025-07-01
2025-07-22,INFY,IT,1884.01,1906.05,1867.4,1875.31,4617619,-0.011,2025-07,2025,Jul,2025-07-01
2025-07-23,INFY,IT,1877.97,1909.82,1869.07,1880.93,4962371,0.3,2025-07,2025,Jul,2025-07-01
2025-07-24,INFY,IT,1889.09,1908.73,1860.44,1884.33,7904229,0.181,2025-07,2025,Jul,2025-07-01
2025-07-25,INFY,IT,1885.46,1894.11,1879.37,1884.11,4375800,-0.012,2025-07,2025,Jul,2025-07-01
2025-07-28,INFY,IT,1889.86,1915.57,1858.91,1884.25,2046932,0.007,2025-07,2025,Jul,2025-07-01
2025-07-29,INFY,IT,1887.01,1910.38,1875.7,1886.18,5716418,0.102,2025-07,2025,Jul,2025-07-01
2025-07-30,INFY,IT,1871.42,1903.94,1848.53,1883.96,5788742,-0.118,2025-07,2025,Jul,2025-07-01
2025-07-31,INFY,IT,1892.34,1922.01,1854.88,1884.74,2507507,0.041,2025-07,2025,Jul,2025-07-01
2025-08-01,INFY,IT,1885.96,1913.66,1864.52,1886.62,6046803,0.1,2025-08,2025,Aug,2025-08-01
2025-08-04,INFY,IT,1887.3,1910.62,1872.67,1881.36,1258895,-0.279,2025-08,2025,Aug,2025-08-01
2025-08-05,INFY,IT,1886.66,1909.87,1878.01,1881.47,3104022,0.006,2025-08,2025,Aug,2025-08-01
2025-08-06,INFY,IT,1875.36,1904.23,1872.06,1881.17,6956802,-0.016,2025-08,2025,Aug,2025-08-01
2025-08-07,INFY,IT,1878.75,1904.37,1874.04,1885.65,5246056,0.238,2025-08,2025,Aug,2025-08-01
2025-08-08,INFY,IT,1884.79,1901.54,1859.45,1879.86,5172284,-0.307,2025-08,2025,Aug,2025-08-01
2025-08-11,INFY,IT,1877.03,1903.86,1864.04,1879.31,5270858,-0.029,2025-08,2025,Aug,2025-08-01
2025-08-12,INFY,IT,1885.45,1906.9,1868.77,1878.41,1987115,-0.048,2025-08,2025,Aug,2025-08-01
2025-08-13,INFY,IT,1881.32,1900.23,1872.43,1882.67,7721511,0.227,2025-08,2025,Aug,2025-08-01
2025-08-14,INFY,IT,1891.05,1897.02,1851.09,1883.34,2945945,0.036,2025-08,2025,Aug,2025-08-01
2025-08-15,INFY,IT,1893.83,1918.32,1884.91,1890.62,6462362,0.387,2025-08,2025,Aug,2025-08-01
2025-08-18,INFY,IT,1896.04,1918.75,1882.15,1893.86,7927521,0.171,2025-08,2025,Aug,2025-08-01
2025-08-19,INFY,IT,1890.4,1906.14,1873.36,1893.24,2534651,-0.033,2025-08,2025,Aug,2025-08-01
2025-08-20,INFY,IT,1896.72,1910.11,1893.05,1894.96,5367850,0.091,2025-08,2025,Aug,2025-08-01
2025-08-21,INFY,IT,1903.59,1913.48,1863.0,1894.55,1104796,-0.022,2025-08,2025,Aug,2025-08-01
2025-08-22,INFY,IT,1898.11,1931.47,1893.02,1898.53,5380007,0.21,2025-08,2025,Aug,2025-08-01
2025-08-25,INFY,IT,1898.63,1928.29,1870.73,1894.61,3975342,-0.206,2025-08,2025,Aug,2025-08-01
2025-08-26,INFY,IT,1892.88,1912.82,1870.4,1892.53,1319578,-0.11,2025-08,2025,Aug,2025-08-01
2025-08-27,INFY,IT,1896.0,1910.84,1867.1,1895.06,5638476,0.134,2025-08,2025,Aug,2025-08-01
2025-08-28,INFY,IT,1913.47,1939.35,1877.43,1900.37,7776740,0.28,2025-08,2025,Aug,2025-08-01
2025-08-29,INFY,IT,1902.44,1921.41,1866.68,1893.33,1398214,-0.37,2025-08,2025,Aug,2025-08-01
2025-09-01,INFY,IT,1899.79,1933.21,1883.69,1899.19,7228036,0.31,2025-09,2025,Sep,2025-09-01
2025-09-02,INFY,IT,1901.22,1904.91,1881.91,1899.6,6873490,0.022,2025-09,2025,Sep,2025-09-01
2025-09-03,INFY,IT,1888.4,1896.72,1863.99,1893.72,4744033,-0.31,2025-09,2025,Sep,2025-09-01
2025-09-04,INFY,IT,1882.56,1903.95,1862.48,1883.86,7289923,-0.521,2025-09,2025,Sep,2025-09-01
2025-09-05,INFY,IT,1881.63,1890.01,1861.08,1879.3,3027600,-0.242,2025-09,2025,Sep,2025-09-01
2025-09-08,INFY,IT,1886.55,1907.81,1871.7,1880.15,5984540,0.045,2025-09,2025,Sep,2025-09-01
2025-09-09,INFY,IT,1886.47,1913.42,1870.7,1880.83,5825997,0.036,2025-09,2025,Sep,2025-09-01
2025-09-10,INFY,IT,1875.66,1890.33,1862.35,1884.02,4979464,0.17,2025-09,2025,Sep,2025-09-01
2025-09-11,INFY,IT,1890.34,1906.39,1880.8,1882.98,6800295,-0.055,2025-09,2025,Sep,2025-09-01
2025-09-12,INFY,IT,1879.28,1903.84,1864.07,1879.95,7109268,-0.161,2025-09,2025,Sep,2025-09-01
2025-09-15,INFY,IT,1871.98,1907.92,1870.02,1879.4,6460074,-0.029,2025-09,2025,Sep,2025-09-01
2025-09-16,INFY,IT,1890.5,1908.35,1860.51,1880.45,5036366,0.056,2025-09,2025,Sep,2025-09-01
2025-09-17,INFY,IT,1893.23,1901.76,1857.8,1882.21,7834741,0.094,2025-09,2025,Sep,2025-09-01
2025-09-18,INFY,IT,1882.31,1902.94,1860.48,1880.33,4800034,-0.1,2025-09,2025,Sep,2025-09-01
2025-09-19,INFY,IT,1889.83,1906.32,1860.38,1884.49,5385358,0.221,2025-09,2025,Sep,2025-09-01
2025-09-22,INFY,IT,1888.98,1915.66,1881.32,1883.2,2159451,-0.068,2025-09,2025,Sep,2025-09-01
2025-09-23,INFY,IT,1891.53,1911.29,1877.25,1881.03,3112823,-0.115,2025-09,2025,Sep,2025-09-01
2025-09-24,INFY,IT,1885.51,1896.35,1855.83,1880.03,7313800,-0.053,2025-09,2025,Sep,2025-09-01
2025-09-25,INFY,IT,1874.81,1910.88,1847.34,1884.82,4385078,0.255,2025-09,2025,Sep,2025-09-01
2025-09-26,INFY,IT,1900.44,1919.07,1860.4,1885.29,4480908,0.025,2025-09,2025,Sep,2025-09-01
2025-09-29,INFY,IT,1891.77,1899.37,1860.62,1883.74,6677483,-0.082,2025-09,2025,Sep,2025-09-01
2025-09-30,INFY,IT,1884.15,1907.96,1859.61,1888.0,3147731,0.226,2025-09,2025,Sep,2025-09-01
2025-10-01,INFY,IT,1888.84,1929.12,1863.2,1896.65,2710466,0.458,2025-10,2025,Oct,2025-10-01
2025-10-02,INFY,IT,1902.19,1926.9,1873.08,1898.35,863890,0.09,2025-10,2025,Oct,2025-10-01
2025-10-03,INFY,IT,1901.64,1915.33,1875.88,1903.76,2466139,0.285,2025-10,2025,Oct,2025-10-01
2025-10-06,INFY,IT,1910.98,1935.99,1904.15,1908.46,4486955,0.247,2025-10,2025,Oct,2025-10-01
2025-10-07,INFY,IT,1912.89,1923.99,1903.26,1907.22,6018808,-0.065,2025-10,2025,Oct,2025-10-01
2025-10-08,INFY,IT,1903.94,1927.77,1890.34,1908.26,3169755,0.055,2025-10,2025,Oct,2025-10-01
2025-10-09,INFY,IT,1896.06,1923.51,1877.15,1904.56,3999877,-0.194,2025-10,2025,Oct,2025-10-01
2025-10-10,INFY,IT,1907.7,1917.63,1878.16,1904.76,2395913,0.011,2025-10,2025,Oct,2025-10-01
2025-10-13,INFY,IT,1899.37,1916.6,1886.67,1903.43,6679306,-0.07,2025-10,2025,Oct,2025-10-01
2025-10-14,INFY,IT,1904.03,1936.43,1892.11,1902.91,4578963,-0.027,2025-10,2025,Oct,2025-10-01
2025-10-15,INFY,IT,1890.92,1911.14,1863.91,1901.14,1834521,-0.093,2025-10,2025,Oct,2025-10-01
2025-10-16,INFY,IT,1899.11,1928.82,1889.17,1901.03,5188912,-0.006,2025-10,2025,Oct,2025-10-01
2025-10-17,INFY,IT,1909.33,1932.9,1875.41,1903.88,3217014,0.15,2025-10,2025,Oct,2025-10-01
2025-10-20,INFY,IT,1908.99,1928.19,1896.74,1904.38,7029005,0.026,2025-10,2025,Oct,2025-10-01
2025-10-21,INFY,IT,1892.57,1904.9,1879.12,1898.56,2730319,-0.306,2025-10,2025,Oct,2025-10-01
2025-10-22,INFY,IT,1887.92,1905.28,1873.16,1896.79,7026060,-0.093,2025-10,2025,Oct,2025-10-01
2025-10-23,INFY,IT,1892.35,1900.0,1880.7,1892.23,5824650,-0.24,2025-10,2025,Oct,2025-10-01
2025-10-24,INFY,IT,1898.26,1919.09,1892.01,1894.01,1774644,0.094,2025-10,2025,Oct,2025-10-01
2025-10-27,INFY,IT,1899.8,1933.13,1887.23,1896.72,6267170,0.143,2025-10,2025,Oct,2025-10-01
2025-10-28,INFY,IT,1894.66,1928.76,1881.89,1898.54,5988269,0.096,2025-10,2025,Oct,2025-10-01
2025-10-29,INFY,IT,1898.86,1901.57,1884.59,1896.6,4083219,-0.102,2025-10,2025,Oct,2025-10-01
2025-10-30,INFY,IT,1909.78,1920.58,1871.13,1898.38,1957061,0.094,2025-10,2025,Oct,2025-10-01
2025-10-31,INFY,IT,1899.12,1906.1,1894.14,1897.56,4241811,-0.043,2025-10,2025,Oct,2025-10-01
2025-11-03,INFY,IT,1881.97,1927.66,1867.64,1894.34,5182041,-0.17,2025-11,2025,Nov,2025-11-01
2025-11-04,INFY,IT,1899.43,1908.94,1894.78,1897.89,1750629,0.187,2025-11,2025,Nov,2025-11-01
2025-11-05,INFY,IT,1917.25,1925.73,1869.72,1901.71,3255778,0.201,2025-11,2025,Nov,2025-11-01
2025-11-06,INFY,IT,1896.19,1928.03,1868.82,1906.0,5853162,0.226,2025-11,2025,Nov,2025-11-01
2025-11-07,INFY,IT,1904.88,1924.8,1870.95,1904.66,4780726,-0.07,2025-11,2025,Nov,2025-11-01
2025-11-10,INFY,IT,1908.06,1919.03,1876.63,1909.78,7944686,0.269,2025-11,2025,Nov,2025-11-01
2025-11-11,INFY,IT,1909.57,1933.25,1896.68,1908.84,2360520,-0.049,2025-11,2025,Nov,2025-11-01
2025-11-12,INFY,IT,1913.54,1918.61,1887.66,1912.06,6401037,0.169,2025-11,2025,Nov,2025-11-01
2025-11-13,INFY,IT,1919.75,1922.3,1899.17,1911.04,3863207,-0.053,2025-11,2025,Nov,2025-11-01
2025-11-14,INFY,IT,1911.7,1916.29,1880.28,1911.05,2406408,0.001,2025-11,2025,Nov,2025-11-01
2025-11-17,INFY,IT,1912.82,1926.6,1887.91,1903.1,7648397,-0.416,2025-11,2025,Nov,2025-11-01
2025-11-18,INFY,IT,1901.92,1936.26,1887.87,1902.82,5286483,-0.015,2025-11,2025,Nov,2025-11-01
2025-11-19,INFY,IT,1901.29,1923.57,1869.84,1903.95,4655099,0.059,2025-11,2025,Nov,2025-11-01
2025-11-20,INFY,IT,1898.17,1929.59,1869.27,1903.27,2923689,-0.036,2025-11,2025,Nov,2025-11-01
2025-11-21,INFY,IT,1896.53,1922.77,1863.48,1910.42,7146431,0.376,2025-11,2025,Nov,2025-11-01
2025-11-24,INFY,IT,1909.09,1934.35,1902.93,1906.99,1017271,-0.18,2025-11,2025,Nov,2025-11-01
2025-11-25,INFY,IT,1921.38,1954.86,1895.93,1905.72,1628966,-0.067,2025-11,2025,Nov,2025-11-01
2025-11-26,INFY,IT,1906.71,1920.21,1891.58,1903.22,2094724,-0.131,2025-11,2025,Nov,2025-11-01
2025-11-27,INFY,IT,1907.16,1941.46,1886.32,1901.94,5501684,-0.067,2025-11,2025,Nov,2025-11-01
2025-11-28,INFY,IT,1903.27,1929.02,1886.06,1906.42,1538673,0.236,2025-11,2025,Nov,2025-11-01
2025-12-01,INFY,IT,1910.66,1938.78,1899.28,1912.53,6539569,0.32,2025-12,2025,Dec,2025-12-01
2025-12-02,INFY,IT,1918.25,1928.39,1883.14,1910.73,2210714,-0.094,2025-12,2025,Dec,2025-12-01
2025-12-03,INFY,IT,1924.17,1947.13,1899.68,1908.83,6528351,-0.099,2025-12,2025,Dec,2025-12-01
2025-12-04,INFY,IT,1916.7,1935.27,1880.9,1905.36,7125871,-0.182,2025-12,2025,Dec,2025-12-01
2025-12-05,INFY,IT,1916.97,1950.05,1881.23,1910.81,2908391,0.286,2025-12,2025,Dec,2025-12-01
2025-12-08,INFY,IT,1915.86,1947.25,1894.02,1915.6,1337842,0.251,2025-12,2025,Dec,2025-12-01
2025-12-09,INFY,IT,1917.52,1932.37,1902.46,1915.91,6250687,0.016,2025-12,2025,Dec,2025-12-01
2025-12-10,INFY,IT,1905.76,1944.21,1897.77,1911.53,4030692,-0.229,2025-12,2025,Dec,2025-12-01
2025-12-11,INFY,IT,1896.42,1938.07,1890.19,1907.47,7631810,-0.212,2025-12,2025,Dec,2025-12-01
2025-12-12,INFY,IT,1900.16,1929.83,1874.22,1908.76,2154588,0.068,2025-12,2025,Dec,2025-12-01
2025-12-15,INFY,IT,1911.8,1916.38,1894.26,1911.42,4934766,0.139,2025-12,2025,Dec,2025-12-01
2025-12-16,INFY,IT,1902.36,1911.7,1898.96,1904.59,1657844,-0.357,2025-12,2025,Dec,2025-12-01
2025-12-17,INFY,IT,1892.88,1908.46,1859.33,1904.07,4294944,-0.027,2025-12,2025,Dec,2025-12-01
2025-12-18,INFY,IT,1910.29,1915.99,1886.58,1910.58,807435,0.342,2025-12,2025,Dec,2025-12-01
2025-12-19,INFY,IT,1907.99,1944.06,1878.7,1910.42,6200915,-0.008,2025-12,2025,Dec,2025-12-01
2025-12-22,INFY,IT,1907.47,1925.29,1891.35,1916.46,5155183,0.316,2025-12,2025,Dec,2025-12-01
2025-12-23,INFY,IT,1916.6,1943.91,1883.56,1919.45,1499049,0.156,2025-12,2025,Dec,2025-12-01
2025-12-24,INFY,IT,1913.65,1938.76,1905.24,1916.11,4396206,-0.174,2025-12,2025,Dec,2025-12-01
2025-12-25,INFY,IT,1910.92,1938.11,1902.99,1915.65,3883127,-0.024,2025-12,2025,Dec,2025-12-01
2025-12-26,INFY,IT,1922.87,1931.55,1884.86,1915.77,5650266,0.006,2025-12,2025,Dec,2025-12-01
2025-12-29,INFY,IT,1898.33,1933.65,1867.66,1912.89,4391537,-0.15,2025-12,2025,Dec,2025-12-01
2025-12-30,INFY,IT,1894.78,1932.17,1876.81,1909.95,4104633,-0.154,2025-12,2025,Dec,2025-12-01
2025-12-31,INFY,IT,1916.02,1936.52,1909.98,1916.0,6783569,0.317,2025-12,2025,Dec,2025-12-01
2023-01-02,HDFCBANK,Banking,1643.92,1656.02,1640.63,1648.72,4999605,,2023-01,2023,Jan,2023-01-01
2023-01-03,HDFCBANK,Banking,1645.71,1664.83,1626.56,1647.84,4308317,-0.053,2023-01,2023,Jan,2023-01-01
2023-01-04,HDFCBANK,Banking,1654.28,1677.61,1626.07,1646.22,5140304,-0.098,2023-01,2023,Jan,2023-01-01
2023-01-05,HDFCBANK,Banking,1637.28,1673.69,1631.59,1645.75,2735722,-0.029,2023-01,2023,Jan,2023-01-01
2023-01-06,HDFCBANK,Banking,1634.83,1658.94,1617.84,1647.79,6069748,0.124,2023-01,2023,Jan,2023-01-01
2023-01-09,HDFCBANK,Banking,1666.69,1688.01,1643.88,1652.36,3404309,0.277,2023-01,2023,Jan,2023-01-01
2023-01-10,HDFCBANK,Banking,1651.06,1672.82,1646.89,1649.0,4569818,-0.203,2023-01,2023,Jan,2023-01-01
2023-01-11,HDFCBANK,Banking,1649.64,1657.5,1620.74,1646.65,2136296,-0.143,2023-01,2023,Jan,2023-01-01
2023-01-12,HDFCBANK,Banking,1644.11,1664.7,1628.72,1645.46,881072,-0.072,2023-01,2023,Jan,2023-01-01
2023-01-13,HDFCBANK,Banking,1650.93,1670.98,1624.32,1647.86,4904725,0.146,2023-01,2023,Jan,2023-01-01
2023-01-16,HDFCBANK,Banking,1638.06,1671.09,1616.29,1648.04,1799048,0.011,2023-01,2023,Jan,2023-01-01
2023-01-17,HDFCBANK,Banking,1641.48,1676.67,1612.11,1647.02,7373801,-0.062,2023-01,2023,Jan,2023-01-01
2023-01-18,HDFCBANK,Banking,1650.03,1652.81,1635.41,1649.33,7706543,0.14,2023-01,2023,Jan,2023-01-01
2023-01-19,HDFCBANK,Banking,1637.2,1659.55,1623.67,1652.21,3079574,0.175,2023-01,2023,Jan,2023-01-01
2023-01-20,HDFCBANK,Banking,1650.84,1658.57,1641.29,1652.84,2879511,0.038,2023-01,2023,Jan,2023-01-01
2023-01-23,HDFCBANK,Banking,1649.23,1657.62,1630.05,1651.64,4458050,-0.073,2023-01,2023,Jan,2023-01-01
2023-01-24,HDFCBANK,Banking,1650.95,1667.37,1635.65,1652.95,2269650,0.079,2023-01,2023,Jan,2023-01-01
2023-01-25,HDFCBANK,Banking,1649.46,1679.45,1627.38,1653.1,7005540,0.009,2023-01,2023,Jan,2023-01-01
2023-01-26,HDFCBANK,Banking,1646.66,1667.51,1635.03,1653.25,1534206,0.009,2023-01,2023,Jan,2023-01-01
2023-01-27,HDFCBANK,Banking,1640.72,1673.2,1635.43,1652.77,4057993,-0.029,2023-01,2023,Jan,2023-01-01
2023-01-30,HDFCBANK,Banking,1656.58,1668.84,1629.69,1655.62,2160674,0.172,2023-01,2023,Jan,2023-01-01
2023-01-31,HDFCBANK,Banking,1654.93,1667.58,1629.98,1656.92,6785074,0.079,2023-01,2023,Jan,2023-01-01
2023-02-01,HDFCBANK,Banking,1650.92,1685.26,1639.42,1660.05,1838794,0.189,2023-02,2023,Feb,2023-02-01
2023-02-02,HDFCBANK,Banking,1664.31,1684.53,1642.71,1663.9,4014012,0.232,2023-02,2023,Feb,2023-02-01
2023-02-03,HDFCBANK,Banking,1663.74,1677.31,1648.15,1665.71,6801703,0.109,2023-02,2023,Feb,2023-02-01
2023-02-06,HDFCBANK,Banking,1662.2,1692.82,1639.04,1665.27,3969745,-0.026,2023-02,2023,Feb,2023-02-01
2023-02-07,HDFCBANK,Banking,1654.06,1684.26,1641.43,1668.45,2128768,0.191,2023-02,2023,Feb,2023-02-01
2023-02-08,HDFCBANK,Banking,1674.86,1681.9,1653.42,1670.3,1932127,0.111,2023-02,2023,Feb,2023-02-01
2023-02-09,HDFCBANK,Banking,1668.9,1692.62,1665.59,1677.17,5154801,0.411,2023-02,2023,Feb,2023-02-01
2023-02-10,HDFCBANK,Banking,1679.09,1700.03,1672.0,1678.67,1699847,0.089,2023-02,2023,Feb,2023-02-01
2023-02-13,HDFCBANK,Banking,1675.65,1693.26,1651.71,1681.09,3358156,0.144,2023-02,2023,Feb,2023-02-01
2023-02-14,HDFCBANK,Banking,1679.94,1708.37,1667.36,1682.56,5202776,0.087,2023-02,2023,Feb,2023-02-01
2023-02-15,HDFCBANK,Banking,1690.87,1707.88,1680.42,1683.11,3532501,0.033,2023-02,2023,Feb,2023-02-01
2023-02-16,HDFCBANK,Banking,1686.87,1701.97,1676.81,1683.29,6756801,0.011,2023-02,2023,Feb,2023-02-01
2023-02-17,HDFCBANK,Banking,1692.4,1718.8,1671.31,1684.79,5752418,0.089,2023-02,2023,Feb,2023-02-01
2023-02-20,HDFCBANK,Banking,1689.05,1704.03,1664.55,1686.82,1774926,0.12,2023-02,2023,Feb,2023-02-01
2023-02-21,HDFCBANK,Banking,1693.03,1706.65,1678.22,1690.36,6683110,0.21,2023-02,2023,Feb,2023-02-01
2023-02-22,HDFCBANK,Banking,1679.85,1696.58,1656.89,1691.9,7352676,0.091,2023-02,2023,Feb,2023-02-01
2023-02-23,HDFCBANK,Banking,1689.47,1703.74,1663.14,1691.62,2256453,-0.017,2023-02,2023,Feb,2023-02-01
2023-02-24,HDFCBANK,Banking,1690.14,1704.78,1678.65,1691.67,3383934,0.003,2023-02,2023,Feb,2023-02-01
2023-02-27,HDFCBANK,Banking,1697.63,1704.54,1664.68,1689.36,3645782,-0.137,2023-02,2023,Feb,2023-02-01
2023-02-28,HDFCBANK,Banking,1690.69,1712.74,1685.35,1694.12,3861851,0.282,2023-02,2023,Feb,2023-02-01
2023-03-01,HDFCBANK,Banking,1695.46,1701.3,1680.01,1693.66,4139396,-0.027,2023-03,2023,Mar,2023-03-01
2023-03-02,HDFCBANK,Banking,1698.33,1706.48,1692.28,1696.79,7240064,0.185,2023-03,2023,Mar,2023-03-01
2023-03-03,HDFCBANK,Banking,1706.15,1724.13,1695.07,1698.29,5489572,0.088,2023-03,2023,Mar,2023-03-01
2023-03-06,HDFCBANK,Banking,1698.94,1709.32,1695.38,1699.85,7253334,0.092,2023-03,2023,Mar,2023-03-01
2023-03-07,HDFCBANK,Banking,1706.04,1726.3,1695.68,1700.41,3323535,0.033,2023-03,2023,Mar,2023-03-01
2023-03-08,HDFCBANK,Banking,1687.79,1721.03,1662.12,1699.38,4578983,-0.061,2023-03,2023,Mar,2023-03-01
2023-03-09,HDFCBANK,Banking,1686.96,1708.31,1669.68,1697.92,1565764,-0.086,2023-03,2023,Mar,2023-03-01
2023-03-10,HDFCBANK,Banking,1687.33,1707.11,1658.47,1702.88,2792707,0.292,2023-03,2023,Mar,2023-03-01
2023-03-13,HDFCBANK,Banking,1709.36,1725.29,1686.71,1704.0,5004526,0.066,2023-03,2023,Mar,2023-03-01
2023-03-14,HDFCBANK,Banking,1712.14,1716.56,1687.58,1707.54,2037964,0.208,2023-03,2023,Mar,2023-03-01
2023-03-15,HDFCBANK,Banking,1717.85,1734.61,1704.63,1711.71,7714351,0.244,2023-03,2023,Mar,2023-03-01
2023-03-16,HDFCBANK,Banking,1706.94,1734.42,1689.55,1711.58,2755376,-0.008,2023-03,2023,Mar,2023-03-01
2023-03-17,HDFCBANK,Banking,1709.59,1733.23,1696.68,1713.45,1962798,0.109,2023-03,2023,Mar,2023-03-01
2023-03-20,HDFCBANK,Banking,1713.59,1729.2,1684.74,1714.42,6420517,0.057,2023-03,2023,Mar,2023-03-01
2023-03-21,HDFCBANK,Banking,1722.39,1751.8,1683.6,1712.5,1448212,-0.112,2023-03,2023,Mar,2023-03-01
2023-03-22,HDFCBANK,Banking,1724.51,1729.22,1705.42,1712.91,3137053,0.024,2023-03,2023,Mar,2023-03-01
2023-03-23,HDFCBANK,Banking,1720.62,1748.08,1695.38,1715.17,2231003,0.132,2023-03,2023,Mar,2023-03-01
2023-03-24,HDFCBANK,Banking,1717.1,1742.18,1694.51,1714.83,5800842,-0.02,2023-03,2023,Mar,2023-03-01
2023-03-27,HDFCBANK,Banking,1724.07,1738.09,1696.79,1714.91,6870880,0.005,2023-03,2023,Mar,2023-03-01
2023-03-28,HDFCBANK,Banking,1713.59,1721.52,1708.25,1715.34,2205445,0.025,2023-03,2023,Mar,2023-03-01
2023-03-29,HDFCBANK,Banking,1718.59,1727.56,1697.76,1721.28,3795348,0.346,2023-03,2023,Mar,2023-03-01
2023-03-30,HDFCBANK,Banking,1716.83,1746.35,1691.79,1717.72,4245226,-0.207,2023-03,2023,Mar,2023-03-01
2023-03-31,HDFCBANK,Banking,1713.04,1728.33,1701.27,1719.77,5774850,0.119,2023-03,2023,Mar,2023-03-01
2023-04-03,HDFCBANK,Banking,1718.81,1747.29,1702.06,1720.01,3335164,0.014,2023-04,2023,Apr,2023-04-01
2023-04-04,HDFCBANK,Banking,1711.63,1735.75,1706.54,1719.32,4565376,-0.04,2023-04,2023,Apr,2023-04-01
2023-04-05,HDFCBANK,Banking,1726.54,1741.82,1690.57,1719.49,4426008,0.01,2023-04,2023,Apr,2023-04-01
2023-04-06,HDFCBANK,Banking,1725.69,1745.59,1717.02,1721.94,881821,0.142,2023-04,2023,Apr,2023-04-01
2023-04-07,HDFCBANK,Banking,1734.39,1742.47,1716.7,1724.53,4903606,0.15,2023-04,2023,Apr,2023-04-01
2023-04-10,HDFCBANK,Banking,1714.57,1740.12,1704.16,1725.82,4888584,0.075,2023-04,2023,Apr,2023-04-01
2023-04-11,HDFCBANK,Banking,1742.46,1772.0,1703.3,1729.3,7934731,0.202,2023-04,2023,Apr,2023-04-01
2023-04-12,HDFCBANK,Banking,1722.31,1741.97,1700.07,1733.21,4472003,0.226,2023-04,2023,Apr,2023-04-01
2023-04-13,HDFCBANK,Banking,1727.71,1764.96,1725.77,1736.03,7279244,0.163,2023-04,2023,Apr,2023-04-01
2023-04-14,HDFCBANK,Banking,1731.22,1766.6,1724.09,1735.53,3313652,-0.029,2023-04,2023,Apr,2023-04-01
2023-04-17,HDFCBANK,Banking,1746.65,1749.94,1713.66,1737.56,5810238,0.117,2023-04,2023,Apr,2023-04-01
2023-04-18,HDFCBANK,Banking,1741.17,1758.64,1725.92,1739.6,7292156,0.117,2023-04,2023,Apr,2023-04-01
2023-04-19,HDFCBANK,Banking,1736.74,1745.25,1734.23,1738.43,1906952,-0.067,2023-04,2023,Apr,2023-04-01
2023-04-20,HDFCBANK,Banking,1729.93,1755.51,1699.85,1735.43,4882662,-0.173,2023-04,2023,Apr,2023-04-01
2023-04-21,HDFCBANK,Banking,1721.8,1762.19,1715.65,1731.33,7417005,-0.236,2023-04,2023,Apr,2023-04-01
2023-04-24,HDFCBANK,Banking,1740.15,1768.42,1715.54,1732.3,4803217,0.056,2023-04,2023,Apr,2023-04-01
2023-04-25,HDFCBANK,Banking,1739.36,1768.45,1724.77,1733.82,7226619,0.088,2023-04,2023,Apr,2023-04-01
2023-04-26,HDFCBANK,Banking,1741.12,1749.17,1708.31,1731.75,3823127,-0.119,2023-04,2023,Apr,2023-04-01
2023-04-27,HDFCBANK,Banking,1737.83,1755.59,1710.43,1735.07,7184264,0.192,2023-04,2023,Apr,2023-04-01
2023-04-28,HDFCBANK,Banking,1717.88,1744.9,1704.56,1736.23,5327671,0.067,2023-04,2023,Apr,2023-04-01
2023-05-01,HDFCBANK,Banking,1731.63,1768.64,1710.51,1740.29,4248921,0.234,2023-05,2023,May,2023-05-01
2023-05-02,HDFCBANK,Banking,1745.21,1752.62,1713.31,1741.97,2347716,0.097,2023-05,2023,May,2023-05-01
2023-05-03,HDFCBANK,Banking,1737.56,1746.43,1711.76,1740.14,2029088,-0.105,2023-05,2023,May,2023-05-01
2023-05-04,HDFCBANK,Banking,1738.12,1744.12,1724.13,1742.02,2879188,0.108,2023-05,2023,May,2023-05-01
2023-05-05,HDFCBANK,Banking,1736.71,1751.55,1721.94,1744.41,6231703,0.137,2023-05,2023,May,2023-05-01
2023-05-08,HDFCBANK,Banking,1750.43,1757.83,1715.79,1743.83,4169844,-0.033,2023-05,2023,May,2023-05-01
2023-05-09,HDFCBANK,Banking,1744.23,1748.27,1738.29,1741.05,3597308,-0.159,2023-05,2023,May,2023-05-01
2023-05-10,HDFCBANK,Banking,1745.53,1773.02,1739.62,1742.03,4160983,0.056,2023-05,2023,May,2023-05-01
2023-05-11,HDFCBANK,Banking,1735.91,1765.14,1728.11,1740.33,3280891,-0.098,2023-05,2023,May,2023-05-01
2023-05-12,HDFCBANK,Banking,1745.01,1754.31,1717.51,1743.78,6611534,0.198,2023-05,2023,May,2023-05-01
2023-05-15,HDFCBANK,Banking,1734.18,1768.47,1727.93,1743.51,3613630,-0.015,2023-05,2023,May,2023-05-01
2023-05-16,HDFCBANK,Banking,1747.53,1762.73,1737.31,1748.44,4199501,0.283,2023-05,2023,May,2023-05-01
2023-05-17,HDFCBANK,Banking,1726.32,1768.69,1706.13,1743.95,4825308,-0.257,2023-05,2023,May,2023-05-01
2023-05-18,HDFCBANK,Banking,1734.03,1756.3,1726.87,1744.98,5453523,0.059,2023-05,2023,May,2023-05-01
2023-05-19,HDFCBANK,Banking,1746.91,1767.71,1736.16,1749.17,3201335,0.24,2023-05,2023,May,2023-05-01
2023-05-22,HDFCBANK,Banking,1764.28,1777.49,1732.05,1747.67,1327450,-0.086,2023-05,2023,May,2023-05-01
2023-05-23,HDFCBANK,Banking,1735.37,1755.29,1726.91,1747.96,5767428,0.017,2023-05,2023,May,2023-05-01
2023-05-24,HDFCBANK,Banking,1738.95,1766.79,1707.87,1747.65,4832109,-0.018,2023-05,2023,May,2023-05-01
2023-05-25,HDFCBANK,Banking,1748.15,1772.21,1740.04,1746.64,5463611,-0.058,2023-05,2023,May,2023-05-01
2023-05-26,HDFCBANK,Banking,1760.26,1784.56,1720.89,1747.89,4714026,0.072,2023-05,2023,May,2023-05-01
2023-05-29,HDFCBANK,Banking,1746.78,1759.11,1729.68,1745.37,4463810,-0.144,2023-05,2023,May,2023-05-01
2023-05-30,HDFCBANK,Banking,1750.64,1767.83,1740.16,1745.74,7630162,0.021,2023-05,2023,May,2023-05-01
2023-05-31,HDFCBANK,Banking,1745.28,1772.07,1740.01,1747.64,1188607,0.109,2023-05,2023,May,2023-05-01
2023-06-01,HDFCBANK,Banking,1744.17,1751.1,1727.59,1747.74,1464566,0.006,2023-06,2023,Jun,2023-06-01
2023-06-02,HDFCBANK,Banking,1746.48,1750.36,1733.67,1745.91,7543107,-0.105,2023-06,2023,Jun,2023-06-01
2023-06-05,HDFCBANK,Banking,1744.43,1761.97,1735.73,1749.04,7185197,0.179,2023-06,2023,Jun,2023-06-01
2023-06-06,HDFCBANK,Banking,1756.51,1764.94,1721.13,1751.43,3764213,0.137,2023-06,2023,Jun,2023-06-01
2023-06-07,HDFCBANK,Banking,1738.24,1762.37,1722.81,1749.48,4692463,-0.111,2023-06,2023,Jun,2023-06-01
2023-06-08,HDFCBANK,Banking,1753.12,1757.67,1717.57,1746.9,4036062,-0.147,2023-06,2023,Jun,2023-06-01
2023-06-09,HDFCBANK,Banking,1745.43,1764.74,1738.54,1745.16,7979235,-0.1,2023-06,2023,Jun,2023-06-01
2023-06-12,HDFCBANK,Banking,1745.56,1768.76,1738.37,1747.06,4083434,0.109,2023-06,2023,Jun,2023-06-01
2023-06-13,HDFCBANK,Banking,1736.81,1773.59,1717.48,1748.3,6271128,0.071,2023-06,2023,Jun,2023-06-01
2023-06-14,HDFCBANK,Banking,1743.94,1771.91,1734.19,1750.8,3428201,0.143,2023-06,2023,Jun,2023-06-01
2023-06-15,HDFCBANK,Banking,1758.94,1772.56,1743.3,1750.55,3545527,-0.014,2023-06,2023,Jun,2023-06-01
2023-06-16,HDFCBANK,Banking,1747.37,1778.38,1742.81,1748.83,5657032,-0.098,2023-06,2023,Jun,2023-06-01
2023-06-19,HDFCBANK,Banking,1753.57,1776.98,1747.6,1751.62,3673583,0.16,2023-06,2023,Jun,2023-06-01
2023-06-20,HDFCBANK,Banking,1744.64,1768.25,1720.55,1750.8,900207,-0.047,2023-06,2023,Jun,2023-06-01
2023-06-21,HDFCBANK,Banking,1751.57,1759.69,1741.42,1751.78,2045341,0.056,2023-06,2023,Jun,2023-06-01
2023-06-22,HDFCBANK,Banking,1738.9,1769.54,1708.24,1748.5,7089259,-0.187,2023-06,2023,Jun,2023-06-01
2023-06-23,HDFCBANK,Banking,1748.31,1767.64,1740.42,1747.61,3441530,-0.051,2023-06,2023,Jun,2023-06-01
2023-06-26,HDFCBANK,Banking,1753.18,1775.3,1738.29,1750.59,1537560,0.171,2023-06,2023,Jun,2023-06-01
2023-06-27,HDFCBANK,Banking,1751.57,1776.58,1736.43,1749.33,7561956,-0.072,2023-06,2023,Jun,2023-06-01
2023-06-28,HDFCBANK,Banking,1745.48,1780.82,1728.9,1751.81,7997938,0.142,2023-06,2023,Jun,2023-06-01
2023-06-29,HDFCBANK,Banking,1744.2,1776.51,1716.64,1746.59,4397926,-0.298,2023-06,2023,Jun,2023-06-01
2023-06-30,HDFCBANK,Banking,1749.45,1769.94,1719.18,1745.7,5322194,-0.051,2023-06,2023,Jun,2023-06-01
2023-07-03,HDFCBANK,Banking,1744.27,1776.16,1742.23,1745.75,6235488,0.003,2023-07,2023,Jul,2023-07-01
2023-07-04,HDFCBANK,Banking,1748.46,1779.35,1734.55,1750.47,1276974,0.27,2023-07,2023,Jul,2023-07-01
2023-07-05,HDFCBANK,Banking,1761.38,1763.22,1721.72,1748.07,2936173,-0.137,2023-07,2023,Jul,2023-07-01
2023-07-06,HDFCBANK,Banking,1743.51,1770.89,1741.76,1750.16,4849546,0.12,2023-07,2023,Jul,2023-07-01
2023-07-07,HDFCBANK,Banking,1760.78,1767.88,1735.54,1753.2,4758348,0.174,2023-07,2023,Jul,2023-07-01
2023-07-10,HDFCBANK,Banking,1743.78,1762.42,1734.35,1751.87,3185416,-0.076,2023-07,2023,Jul,2023-07-01
2023-07-11,HDFCBANK,Banking,1755.98,1766.62,1737.35,1751.39,811555,-0.027,2023-07,2023,Jul,2023-07-01
2023-07-12,HDFCBANK,Banking,1757.13,1773.32,1737.9,1752.17,7661911,0.045,2023-07,2023,Jul,2023-07-01
2023-07-13,HDFCBANK,Banking,1745.39,1751.03,1732.02,1748.96,5224075,-0.183,2023-07,2023,Jul,2023-07-01
2023-07-14,HDFCBANK,Banking,1739.75,1757.02,1711.63,1748.27,6239391,-0.039,2023-07,2023,Jul,2023-07-01
2023-07-17,HDFCBANK,Banking,1738.0,1754.43,1720.41,1751.81,3948637,0.202,2023-07,2023,Jul,2023-07-01
2023-07-18,HDFCBANK,Banking,1749.19,1774.65,1720.56,1753.5,4450505,0.096,2023-07,2023,Jul,2023-07-01
2023-07-19,HDFCBANK,Banking,1757.21,1785.53,1730.1,1753.52,4000615,0.001,2023-07,2023,Jul,2023-07-01
2023-07-20,HDFCBANK,Banking,1746.64,1785.71,1734.46,1754.2,3894397,0.039,2023-07,2023,Jul,2023-07-01
2023-07-21,HDFCBANK,Banking,1756.7,1771.86,1739.53,1756.02,5628838,0.104,2023-07,2023,Jul,2023-07-01
2023-07-24,HDFCBANK,Banking,1747.93,1767.85,1734.6,1758.32,7970255,0.131,2023-07,2023,Jul,2023-07-01
2023-07-25,HDFCBANK,Banking,1755.69,1784.58,1729.21,1757.34,6396946,-0.056,2023-07,2023,Jul,2023-07-01
2023-07-26,HDFCBANK,Banking,1753.42,1766.65,1746.07,1761.5,5605165,0.237,2023-07,2023,Jul,2023-07-01
2023-07-27,HDFCBANK,Banking,1764.58,1796.13,1734.73,1765.13,887010,0.206,2023-07,2023,Jul,2023-07-01
2023-07-28,HDFCBANK,Banking,1763.65,1790.43,1744.48,1767.19,4500294,0.117,2023-07,2023,Jul,2023-07-01
2023-07-31,HDFCBANK,Banking,1757.08,1782.37,1737.04,1765.48,7681419,-0.097,2023-07,2023,Jul,2023-07-01
2023-08-01,HDFCBANK,Banking,1758.69,1768.0,1741.48,1763.33,3665197,-0.122,2023-08,2023,Aug,2023-08-01
2023-08-02,HDFCBANK,Banking,1756.31,1765.21,1738.0,1762.9,4755991,-0.024,2023-08,2023,Aug,2023-08-01
2023-08-03,HDFCBANK,Banking,1754.15,1781.5,1732.48,1763.42,3136996,0.029,2023-08,2023,Aug,2023-08-01
2023-08-04,HDFCBANK,Banking,1767.04,1781.24,1738.07,1759.42,2176369,-0.227,2023-08,2023,Aug,2023-08-01
2023-08-07,HDFCBANK,Banking,1758.47,1787.99,1750.31,1761.0,5879019,0.09,2023-08,2023,Aug,2023-08-01
2023-08-08,HDFCBANK,Banking,1749.0,1785.57,1729.93,1764.54,3057255,0.201,2023-08,2023,Aug,2023-08-01
2023-08-09,HDFCBANK,Banking,1761.92,1781.06,1749.54,1766.33,5032775,0.101,2023-08,2023,Aug,2023-08-01
2023-08-10,HDFCBANK,Banking,1771.47,1780.05,1744.13,1765.01,5073463,-0.075,2023-08,2023,Aug,2023-08-01
2023-08-11,HDFCBANK,Banking,1758.04,1779.57,1739.91,1763.41,6906930,-0.091,2023-08,2023,Aug,2023-08-01
2023-08-14,HDFCBANK,Banking,1775.07,1781.77,1757.35,1764.5,7554308,0.062,2023-08,2023,Aug,2023-08-01
2023-08-15,HDFCBANK,Banking,1758.43,1786.25,1734.71,1764.48,4785637,-0.001,2023-08,2023,Aug,2023-08-01
2023-08-16,HDFCBANK,Banking,1769.48,1789.47,1750.44,1765.93,1162475,0.082,2023-08,2023,Aug,2023-08-01
2023-08-17,HDFCBANK,Banking,1775.1,1801.32,1749.43,1767.77,4992786,0.104,2023-08,2023,Aug,2023-08-01
2023-08-18,HDFCBANK,Banking,1774.02,1789.35,1748.81,1770.83,7169501,0.173,2023-08,2023,Aug,2023-08-01
2023-08-21,HDFCBANK,Banking,1758.66,1778.52,1737.38,1768.38,4236966,-0.138,2023-08,2023,Aug,2023-08-01
2023-08-22,HDFCBANK,Banking,1762.61,1796.21,1738.41,1769.28,4865866,0.051,2023-08,2023,Aug,2023-08-01
2023-08-23,HDFCBANK,Banking,1777.01,1799.66,1760.75,1768.73,6290870,-0.031,2023-08,2023,Aug,2023-08-01
2023-08-24,HDFCBANK,Banking,1763.15,1791.87,1758.08,1768.85,3960864,0.007,2023-08,2023,Aug,2023-08-01
2023-08-25,HDFCBANK,Banking,1778.26,1796.0,1749.42,1771.34,3787943,0.141,2023-08,2023,Aug,2023-08-01
2023-08-28,HDFCBANK,Banking,1771.06,1802.31,1762.19,1774.12,4271492,0.157,2023-08,2023,Aug,2023-08-01
2023-08-29,HDFCBANK,Banking,1778.96,1787.63,1772.71,1777.95,6933965,0.216,2023-08,2023,Aug,2023-08-01
2023-08-30,HDFCBANK,Banking,1769.51,1793.3,1763.79,1779.37,4313580,0.08,2023-08,2023,Aug,2023-08-01
2023-08-31,HDFCBANK,Banking,1775.13,1805.33,1763.92,1779.46,3154722,0.005,2023-08,2023,Aug,2023-08-01
2023-09-01,HDFCBANK,Banking,1772.97,1785.0,1741.3,1779.2,5096456,-0.015,2023-09,2023,Sep,2023-09-01
2023-09-04,HDFCBANK,Banking,1776.85,1803.04,1768.73,1775.25,5786900,-0.222,2023-09,2023,Sep,2023-09-01
2023-09-05,HDFCBANK,Banking,1779.61,1792.06,1768.14,1778.95,7371601,0.208,2023-09,2023,Sep,2023-09-01
2023-09-06,HDFCBANK,Banking,1781.81,1787.39,1748.9,1778.52,7229390,-0.024,2023-09,2023,Sep,2023-09-01
2023-09-07,HDFCBANK,Banking,1776.66,1784.33,1745.79,1780.15,6439052,0.092,2023-09,2023,Sep,2023-09-01
2023-09-08,HDFCBANK,Banking,1775.59,1809.55,1766.91,1782.22,6337331,0.116,2023-09,2023,Sep,2023-09-01
2023-09-11,HDFCBANK,Banking,1780.8,1806.15,1751.08,1779.5,4035091,-0.153,2023-09,2023,Sep,2023-09-01
2023-09-12,HDFCBANK,Banking,1770.26,1788.07,1764.31,1777.58,3266778,-0.108,2023-09,2023,Sep,2023-09-01
2023-09-13,HDFCBANK,Banking,1789.51,1794.84,1756.98,1781.83,4852283,0.239,2023-09,2023,Sep,2023-09-01
2023-09-14,HDFCBANK,Banking,1782.12,1792.22,1779.95,1782.94,5885640,0.062,2023-09,2023,Sep,2023-09-01
2023-09-15,HDFCBANK,Banking,1779.56,1790.12,1765.48,1781.89,4532913,-0.059,2023-09,2023,Sep,2023-09-01
2023-09-18,HDFCBANK,Banking,1785.27,1809.3,1772.7,1781.97,2290290,0.004,2023-09,2023,Sep,2023-09-01
2023-09-19,HDFCBANK,Banking,1784.54,1793.41,1761.4,1785.09,906295,0.175,2023-09,2023,Sep,2023-09-01
2023-09-20,HDFCBANK,Banking,1775.98,1796.19,1773.72,1787.83,1218788,0.153,2023-09,2023,Sep,2023-09-01
2023-09-21,HDFCBANK,Banking,1777.0,1787.34,1761.18,1784.58,3868793,-0.182,2023-09,2023,Sep,2023-09-01
2023-09-22,HDFCBANK,Banking,1796.66,1816.68,1766.11,1789.09,6497948,0.253,2023-09,2023,Sep,2023-09-01
2023-09-25,HDFCBANK,Banking,1792.53,1815.32,1788.72,1791.93,6487273,0.159,2023-09,2023,Sep,2023-09-01
2023-09-26,HDFCBANK,Banking,1779.93,1813.68,1750.99,1791.98,6617665,0.003,2023-09,2023,Sep,2023-09-01
2023-09-27,HDFCBANK,Banking,1791.95,1811.06,1776.65,1789.43,5905270,-0.142,2023-09,2023,Sep,2023-09-01
2023-09-28,HDFCBANK,Banking,1788.5,1823.74,1781.69,1792.51,965102,0.172,2023-09,2023,Sep,2023-09-01
2023-09-29,HDFCBANK,Banking,1787.88,1810.36,1779.24,1794.15,7160504,0.091,2023-09,2023,Sep,2023-09-01
2023-10-02,HDFCBANK,Banking,1782.74,1818.92,1770.69,1790.95,7624124,-0.178,2023-10,2023,Oct,2023-10-01
2023-10-03,HDFCBANK,Banking,1797.98,1819.53,1782.99,1790.82,6918291,-0.007,2023-10,2023,Oct,2023-10-01
2023-10-04,HDFCBANK,Banking,1785.0,1803.51,1767.72,1799.14,4010478,0.465,2023-10,2023,Oct,2023-10-01
2023-10-05,HDFCBANK,Banking,1793.62,1826.24,1772.53,1799.65,2345746,0.028,2023-10,2023,Oct,2023-10-01
2023-10-06,HDFCBANK,Banking,1799.13,1818.8,1783.21,1798.26,7317959,-0.077,2023-10,2023,Oct,2023-10-01
2023-10-09,HDFCBANK,Banking,1807.55,1829.44,1781.37,1796.21,2133358,-0.114,2023-10,2023,Oct,2023-10-01
2023-10-10,HDFCBANK,Banking,1805.15,1812.49,1775.43,1801.16,6474856,0.276,2023-10,2023,Oct,2023-10-01
2023-10-11,HDFCBANK,Banking,1797.7,1819.02,1786.7,1803.8,7751213,0.147,2023-10,2023,Oct,2023-10-01
2023-10-12,HDFCBANK,Banking,1818.92,1847.97,1786.92,1807.86,7284705,0.225,2023-10,2023,Oct,2023-10-01
2023-10-13,HDFCBANK,Banking,1799.2,1817.44,1770.09,1809.01,4551953,0.064,2023-10,2023,Oct,2023-10-01
2023-10-16,HDFCBANK,Banking,1814.63,1816.45,1804.07,1812.71,6800304,0.205,2023-10,2023,Oct,2023-10-01
2023-10-17,HDFCBANK,Banking,1814.62,1824.38,1790.19,1811.08,6782072,-0.09,2023-10,2023,Oct,2023-10-01
2023-10-18,HDFCBANK,Banking,1805.65,1828.86,1774.74,1812.03,7812766,0.052,2023-10,2023,Oct,2023-10-01
2023-10-19,HDFCBANK,Banking,1818.37,1845.57,1795.16,1813.31,3394584,0.071,2023-10,2023,Oct,2023-10-01
2023-10-20,HDFCBANK,Banking,1813.63,1839.06,1781.7,1817.37,5329527,0.224,2023-10,2023,Oct,2023-10-01
2023-10-23,HDFCBANK,Banking,1823.8,1854.12,1807.34,1818.74,6683571,0.075,2023-10,2023,Oct,2023-10-01
2023-10-24,HDFCBANK,Banking,1804.34,1833.61,1785.23,1817.72,2436263,-0.056,2023-10,2023,Oct,2023-10-01
2023-10-25,HDFCBANK,Banking,1820.89,1834.81,1807.02,1818.46,2423989,0.041,2023-10,2023,Oct,2023-10-01
2023-10-26,HDFCBANK,Banking,1811.78,1823.73,1809.86,1814.77,3604854,-0.203,2023-10,2023,Oct,2023-10-01
2023-10-27,HDFCBANK,Banking,1817.8,1826.35,1776.99,1809.48,3392051,-0.291,2023-10,2023,Oct,2023-10-01
2023-10-30,HDFCBANK,Banking,1811.86,1836.67,1802.65,1812.18,6213530,0.149,2023-10,2023,Oct,2023-10-01
2023-10-31,HDFCBANK,Banking,1820.89,1825.19,1780.05,1811.83,7538160,-0.019,2023-10,2023,Oct,2023-10-01
2023-11-01,HDFCBANK,Banking,1815.46,1824.77,1789.85,1811.78,1930178,-0.003,2023-11,2023,Nov,2023-11-01
2023-11-02,HDFCBANK,Banking,1813.58,1843.65,1783.9,1814.51,3140915,0.151,2023-11,2023,Nov,2023-11-01
2023-11-03,HDFCBANK,Banking,1824.42,1844.14,1786.97,1818.69,7494864,0.23,2023-11,2023,Nov,2023-11-01
2023-11-06,HDFCBANK,Banking,1826.47,1829.75,1801.29,1820.69,5081622,0.11,2023-11,2023,Nov,2023-11-01
2023-11-07,HDFCBANK,Banking,1829.71,1853.44,1793.4,1826.26,2278008,0.306,2023-11,2023,Nov,2023-11-01
2023-11-08,HDFCBANK,Banking,1811.44,1845.78,1786.0,1828.2,5145844,0.106,2023-11,2023,Nov,2023-11-01
2023-11-09,HDFCBANK,Banking,1822.45,1858.05,1804.4,1829.64,7107018,0.079,2023-11,2023,Nov,2023-11-01
2023-11-10,HDFCBANK,Banking,1841.06,1864.26,1808.71,1830.93,3491668,0.071,2023-11,2023,Nov,2023-11-01
2023-11-13,HDFCBANK,Banking,1819.13,1830.28,1811.3,1828.31,4282812,-0.143,2023-11,2023,Nov,2023-11-01
2023-11-14,HDFCBANK,Banking,1837.92,1846.18,1829.28,1831.45,5217751,0.172,2023-11,2023,Nov,2023-11-01
2023-11-15,HDFCBANK,Banking,1831.05,1840.91,1816.09,1825.89,6852465,-0.304,2023-11,2023,Nov,2023-11-01
2023-11-16,HDFCBANK,Banking,1819.79,1848.7,1804.52,1825.09,4864907,-0.044,2023-11,2023,Nov,2023-11-01
2023-11-17,HDFCBANK,Banking,1811.29,1843.49,1802.45,1825.86,7699729,0.042,2023-11,2023,Nov,2023-11-01
2023-11-20,HDFCBANK,Banking,1820.4,1849.56,1802.68,1824.56,6235752,-0.071,2023-11,2023,Nov,2023-11-01
2023-11-21,HDFCBANK,Banking,1839.29,1857.16,1801.9,1824.13,3839461,-0.024,2023-11,2023,Nov,2023-11-01
2023-11-22,HDFCBANK,Banking,1823.24,1841.57,1801.1,1829.56,4309926,0.298,2023-11,2023,Nov,2023-11-01
2023-11-23,HDFCBANK,Banking,1827.31,1838.2,1797.72,1833.13,5815552,0.195,2023-11,2023,Nov,2023-11-01
2023-11-24,HDFCBANK,Banking,1824.81,1840.27,1793.01,1832.12,1308783,-0.055,2023-11,2023,Nov,2023-11-01
2023-11-27,HDFCBANK,Banking,1840.58,1854.96,1802.11,1831.68,2432366,-0.024,2023-11,2023,Nov,2023-11-01
2023-11-28,HDFCBANK,Banking,1827.39,1848.14,1806.29,1829.17,2515361,-0.137,2023-11,2023,Nov,2023-11-01
2023-11-29,HDFCBANK,Banking,1827.16,1862.8,1818.94,1831.74,6565657,0.141,2023-11,2023,Nov,2023-11-01
2023-11-30,HDFCBANK,Banking,1842.24,1851.59,1800.67,1831.88,6722088,0.008,2023-11,2023,Nov,2023-11-01
2023-12-01,HDFCBANK,Banking,1831.86,1854.43,1820.36,1827.62,6703464,-0.233,2023-12,2023,Dec,2023-12-01
2023-12-04,HDFCBANK,Banking,1821.95,1835.24,1815.43,1828.67,1558552,0.057,2023-12,2023,Dec,2023-12-01
2023-12-05,HDFCBANK,Banking,1821.63,1854.63,1809.98,1830.59,2925769,0.105,2023-12,2023,Dec,2023-12-01
2023-12-06,HDFCBANK,Banking,1842.36,1844.56,1814.15,1833.86,3047246,0.179,2023-12,2023,Dec,2023-12-01
2023-12-07,HDFCBANK,Banking,1834.61,1856.9,1811.4,1834.49,973813,0.034,2023-12,2023,Dec,2023-12-01
2023-12-08,HDFCBANK,Banking,1822.98,1841.27,1820.75,1834.35,2656108,-0.008,2023-12,2023,Dec,2023-12-01
2023-12-11,HDFCBANK,Banking,1827.15,1847.76,1801.16,1840.28,3904677,0.323,2023-12,2023,Dec,2023-12-01
2023-12-12,HDFCBANK,Banking,1832.91,1860.46,1825.62,1841.13,7177139,0.046,2023-12,2023,Dec,2023-12-01
2023-12-13,HDFCBANK,Banking,1834.68,1857.43,1823.6,1843.82,2024003,0.146,2023-12,2023,Dec,2023-12-01
2023-12-14,HDFCBANK,Banking,1828.19,1859.89,1816.35,1843.27,6994020,-0.03,2023-12,2023,Dec,2023-12-01
2023-12-15,HDFCBANK,Banking,1837.79,1857.44,1825.56,1845.91,6693567,0.143,2023-12,2023,Dec,2023-12-01
2023-12-18,HDFCBANK,Banking,1836.23,1874.72,1810.65,1843.0,1939801,-0.158,2023-12,2023,Dec,2023-12-01
2023-12-19,HDFCBANK,Banking,1839.26,1853.62,1836.14,1842.67,2679900,-0.018,2023-12,2023,Dec,2023-12-01
2023-12-20,HDFCBANK,Banking,1852.88,1871.81,1832.43,1840.42,4099379,-0.122,2023-12,2023,Dec,2023-12-01
2023-12-21,HDFCBANK,Banking,1837.76,1868.29,1835.23,1839.73,7594588,-0.037,2023-12,2023,Dec,2023-12-01
2023-12-22,HDFCBANK,Banking,1842.59,1866.49,1816.37,1843.82,6451830,0.222,2023-12,2023,Dec,2023-12-01
2023-12-25,HDFCBANK,Banking,1846.88,1858.86,1810.46,1843.12,7797024,-0.038,2023-12,2023,Dec,2023-12-01
2023-12-26,HDFCBANK,Banking,1844.11,1865.04,1821.59,1845.86,3050514,0.149,2023-12,2023,Dec,2023-12-01
2023-12-27,HDFCBANK,Banking,1853.64,1858.11,1830.26,1850.68,7343618,0.261,2023-12,2023,Dec,2023-12-01
2023-12-28,HDFCBANK,Banking,1853.58,1872.62,1821.06,1851.5,7684206,0.044,2023-12,2023,Dec,2023-12-01
2023-12-29,HDFCBANK,Banking,1855.88,1871.35,1845.08,1854.97,5117224,0.187,2023-12,2023,Dec,2023-12-01
2024-01-01,HDFCBANK,Banking,1877.81,1903.88,1853.3,1857.26,1909279,0.123,2024-01,2024,Jan,2024-01-01
2024-01-02,HDFCBANK,Banking,1865.24,1893.99,1840.5,1858.47,2725481,0.065,2024-01,2024,Jan,2024-01-01
2024-01-03,HDFCBANK,Banking,1853.28,1869.51,1843.22,1861.33,1726572,0.154,2024-01,2024,Jan,2024-01-01
2024-01-04,HDFCBANK,Banking,1869.82,1874.28,1850.87,1867.05,6612260,0.307,2024-01,2024,Jan,2024-01-01
2024-01-05,HDFCBANK,Banking,1860.39,1880.56,1844.1,1866.31,3054137,-0.04,2024-01,2024,Jan,2024-01-01
2024-01-08,HDFCBANK,Banking,1868.05,1886.88,1852.75,1864.72,5851486,-0.085,2024-01,2024,Jan,2024-01-01
2024-01-09,HDFCBANK,Banking,1852.74,1876.79,1835.57,1862.99,2724236,-0.093,2024-01,2024,Jan,2024-01-01
2024-01-10,HDFCBANK,Banking,1858.24,1888.32,1844.37,1866.51,7835612,0.189,2024-01,2024,Jan,2024-01-01
2024-01-11,HDFCBANK,Banking,1872.97,1890.94,1864.93,1870.39,6369898,0.208,2024-01,2024,Jan,2024-01-01
2024-01-12,HDFCBANK,Banking,1877.38,1909.15,1840.5,1869.92,3516214,-0.025,2024-01,2024,Jan,2024-01-01
2024-01-15,HDFCBANK,Banking,1869.01,1883.89,1841.16,1865.26,4232336,-0.249,2024-01,2024,Jan,2024-01-01
2024-01-16,HDFCBANK,Banking,1870.8,1875.3,1861.26,1864.43,1223129,-0.044,2024-01,2024,Jan,2024-01-01
2024-01-17,HDFCBANK,Banking,1869.59,1881.05,1861.25,1866.8,1784789,0.127,2024-01,2024,Jan,2024-01-01
2024-01-18,HDFCBANK,Banking,1868.84,1889.96,1862.62,1867.56,7988381,0.041,2024-01,2024,Jan,2024-01-01
2024-01-19,HDFCBANK,Banking,1865.2,1878.96,1861.37,1868.96,6674525,0.075,2024-01,2024,Jan,2024-01-01
2024-01-22,HDFCBANK,Banking,1874.6,1885.05,1864.78,1868.53,6835498,-0.023,2024-01,2024,Jan,2024-01-01
2024-01-23,HDFCBANK,Banking,1879.79,1892.52,1865.24,1872.12,5433219,0.192,2024-01,2024,Jan,2024-01-01
2024-01-24,HDFCBANK,Banking,1873.48,1899.6,1844.6,1873.95,2394725,0.098,2024-01,2024,Jan,2024-01-01
2024-01-25,HDFCBANK,Banking,1875.55,1908.29,1847.27,1876.43,1558067,0.132,2024-01,2024,Jan,2024-01-01
2024-01-26,HDFCBANK,Banking,1889.74,1902.88,1850.91,1877.78,6024520,0.072,2024-01,2024,Jan,2024-01-01
2024-01-29,HDFCBANK,Banking,1879.95,1888.23,1858.42,1880.1,3188508,0.124,2024-01,2024,Jan,2024-01-01
2024-01-30,HDFCBANK,Banking,1882.81,1898.16,1857.21,1882.24,804969,0.114,2024-01,2024,Jan,2024-01-01
2024-01-31,HDFCBANK,Banking,1884.38,1897.53,1855.24,1880.73,962355,-0.08,2024-01,2024,Jan,2024-01-01
2024-02-01,HDFCBANK,Banking,1881.91,1916.22,1851.58,1882.65,4816225,0.102,2024-02,2024,Feb,2024-02-01
2024-02-02,HDFCBANK,Banking,1879.48,1902.43,1854.2,1885.67,6849157,0.16,2024-02,2024,Feb,2024-02-01
2024-02-05,HDFCBANK,Banking,1892.51,1916.26,1864.11,1889.65,3412435,0.211,2024-02,2024,Feb,2024-02-01
2024-02-06,HDFCBANK,Banking,1891.39,1922.96,1863.65,1891.69,7998755,0.108,2024-02,2024,Feb,2024-02-01
2024-02-07,HDFCBANK,Banking,1903.99,1926.25,1870.29,1890.06,3545597,-0.086,2024-02,2024,Feb,2024-02-01
2024-02-08,HDFCBANK,Banking,1894.8,1904.72,1880.11,1888.84,6079937,-0.065,2024-02,2024,Feb,2024-02-01
2024-02-09,HDFCBANK,Banking,1884.11,1910.0,1879.52,1888.61,2560542,-0.012,2024-02,2024,Feb,2024-02-01
2024-02-12,HDFCBANK,Banking,1895.54,1910.39,1874.68,1890.03,5172424,0.075,2024-02,2024,Feb,2024-02-01
2024-02-13,HDFCBANK,Banking,1892.95,1908.43,1885.78,1890.62,2778885,0.031,2024-02,2024,Feb,2024-02-01
2024-02-14,HDFCBANK,Banking,1898.45,1931.96,1881.24,1888.56,6402942,-0.109,2024-02,2024,Feb,2024-02-01
2024-02-15,HDFCBANK,Banking,1882.53,1897.3,1879.88,1886.48,4073614,-0.11,2024-02,2024,Feb,2024-02-01
2024-02-16,HDFCBANK,Banking,1883.27,1900.16,1870.36,1881.85,1101003,-0.245,2024-02,2024,Feb,2024-02-01
2024-02-19,HDFCBANK,Banking,1873.8,1881.51,1841.02,1874.54,2586644,-0.388,2024-02,2024,Feb,2024-02-01
2024-02-20,HDFCBANK,Banking,1875.52,1883.09,1861.13,1875.08,3335939,0.029,2024-02,2024,Feb,2024-02-01
2024-02-21,HDFCBANK,Banking,1875.4,1903.26,1865.85,1882.07,4158367,0.373,2024-02,2024,Feb,2024-02-01
2024-02-22,HDFCBANK,Banking,1892.04,1918.09,1872.86,1887.69,2745823,0.299,2024-02,2024,Feb,2024-02-01
2024-02-23,HDFCBANK,Banking,1889.14,1911.47,1874.44,1885.99,4956903,-0.09,2024-02,2024,Feb,2024-02-01
2024-02-26,HDFCBANK,Banking,1896.96,1909.48,1863.75,1887.26,7737615,0.067,2024-02,2024,Feb,2024-02-01
2024-02-27,HDFCBANK,Banking,1884.18,1888.05,1861.98,1884.26,5920002,-0.159,2024-02,2024,Feb,2024-02-01
2024-02-28,HDFCBANK,Banking,1878.56,1898.58,1875.81,1881.66,5675448,-0.138,2024-02,2024,Feb,2024-02-01
2024-02-29,HDFCBANK,Banking,1885.3,1903.34,1861.15,1879.36,7760531,-0.122,2024-02,2024,Feb,2024-02-01
2024-03-01,HDFCBANK,Banking,1873.64,1906.12,1870.62,1879.62,2542322,0.014,2024-03,2024,Mar,2024-03-01
2024-03-04,HDFCBANK,Banking,1888.14,1910.58,1856.45,1879.98,2473140,0.019,2024-03,2024,Mar,2024-03-01
2024-03-05,HDFCBANK,Banking,1889.63,1919.51,1849.67,1881.48,1082165,0.08,2024-03,2024,Mar,2024-03-01
2024-03-06,HDFCBANK,Banking,1893.53,1920.63,1853.11,1884.06,6864182,0.137,2024-03,2024,Mar,2024-03-01
2024-03-07,HDFCBANK,Banking,1886.83,1900.46,1875.52,1883.99,6795309,-0.004,2024-03,2024,Mar,2024-03-01
2024-03-08,HDFCBANK,Banking,1881.24,1907.05,1855.61,1884.91,3778725,0.049,2024-03,2024,Mar,2024-03-01
2024-03-11,HDFCBANK,Banking,1883.66,1909.47,1855.57,1882.83,7080652,-0.11,2024-03,2024,Mar,2024-03-01
2024-03-12,HDFCBANK,Banking,1882.95,1915.47,1850.59,1880.1,5491147,-0.145,2024-03,2024,Mar,2024-03-01
2024-03-13,HDFCBANK,Banking,1872.74,1892.3,1862.61,1876.95,7848004,-0.168,2024-03,2024,Mar,2024-03-01
2024-03-14,HDFCBANK,Banking,1889.47,1912.18,1863.16,1879.44,7443143,0.133,2024-03,2024,Mar,2024-03-01
2024-03-15,HDFCBANK,Banking,1883.7,1898.16,1870.38,1879.34,7709923,-0.005,2024-03,2024,Mar,2024-03-01
2024-03-18,HDFCBANK,Banking,1868.5,1900.59,1865.86,1875.19,3625551,-0.221,2024-03,2024,Mar,2024-03-01
2024-03-19,HDFCBANK,Banking,1889.92,1921.11,1852.9,1875.79,5363460,0.032,2024-03,2024,Mar,2024-03-01
2024-03-20,HDFCBANK,Banking,1874.0,1905.16,1857.66,1873.27,2004369,-0.134,2024-03,2024,Mar,2024-03-01
2024-03-21,HDFCBANK,Banking,1870.16,1885.28,1860.4,1878.38,7238756,0.273,2024-03,2024,Mar,2024-03-01
2024-03-22,HDFCBANK,Banking,1871.37,1886.0,1842.55,1877.6,3089737,-0.042,2024-03,2024,Mar,2024-03-01
2024-03-25,HDFCBANK,Banking,1891.32,1917.48,1862.41,1880.13,4025660,0.135,2024-03,2024,Mar,2024-03-01
2024-03-26,HDFCBANK,Banking,1897.48,1919.73,1849.99,1883.73,5078946,0.191,2024-03,2024,Mar,2024-03-01
2024-03-27,HDFCBANK,Banking,1889.53,1920.5,1854.67,1881.94,6468816,-0.095,2024-03,2024,Mar,2024-03-01
2024-03-28,HDFCBANK,Banking,1892.79,1904.78,1853.14,1882.85,6068479,0.048,2024-03,2024,Mar,2024-03-01
2024-03-29,HDFCBANK,Banking,1894.19,1923.39,1858.35,1885.02,7678408,0.115,2024-03,2024,Mar,2024-03-01
2024-04-01,HDFCBANK,Banking,1890.22,1914.08,1880.74,1886.02,5933473,0.053,2024-04,2024,Apr,2024-04-01
2024-04-02,HDFCBANK,Banking,1890.15,1898.32,1883.69,1887.67,6533205,0.087,2024-04,2024,Apr,2024-04-01
2024-04-03,HDFCBANK,Banking,1888.91,1894.86,1853.63,1884.84,4921673,-0.15,2024-04,2024,Apr,2024-04-01
2024-04-04,HDFCBANK,Banking,1892.53,1917.03,1880.66,1886.98,3793510,0.114,2024-04,2024,Apr,2024-04-01
2024-04-05,HDFCBANK,Banking,1880.76,1893.33,1866.37,1886.36,7376048,-0.033,2024-04,2024,Apr,2024-04-01
2024-04-08,HDFCBANK,Banking,1893.47,1920.93,1866.48,1887.94,3519866,0.084,2024-04,2024,Apr,2024-04-01
2024-04-09,HDFCBANK,Banking,1902.06,1921.98,1882.32,1891.03,5266283,0.164,2024-04,2024,Apr,2024-04-01
2024-04-10,HDFCBANK,Banking,1891.88,1910.69,1882.74,1893.44,2899107,0.127,2024-04,2024,Apr,2024-04-01
2024-04-11,HDFCBANK,Banking,1892.63,1905.78,1875.74,1895.01,4273209,0.083,2024-04,2024,Apr,2024-04-01
2024-04-12,HDFCBANK,Banking,1900.96,1934.65,1883.8,1897.34,3442857,0.123,2024-04,2024,Apr,2024-04-01
2024-04-15,HDFCBANK,Banking,1894.86,1925.02,1871.17,1899.79,2660225,0.129,2024-04,2024,Apr,2024-04-01
2024-04-16,HDFCBANK,Banking,1894.36,1931.49,1890.05,1904.39,6708151,0.242,2024-04,2024,Apr,2024-04-01
2024-04-17,HDFCBANK,Banking,1913.66,1940.58,1887.18,1904.91,6324431,0.027,2024-04,2024,Apr,2024-04-01
2024-04-18,HDFCBANK,Banking,1902.51,1926.78,1894.97,1905.95,5850802,0.055,2024-04,2024,Apr,2024-04-01
2024-04-19,HDFCBANK,Banking,1909.17,1941.58,1887.43,1909.03,1397736,0.162,2024-04,2024,Apr,2024-04-01
2024-04-22,HDFCBANK,Banking,1903.65,1929.16,1897.99,1908.31,2599130,-0.038,2024-04,2024,Apr,2024-04-01
2024-04-23,HDFCBANK,Banking,1915.05,1933.9,1897.01,1905.32,2370081,-0.157,2024-04,2024,Apr,2024-04-01
2024-04-24,HDFCBANK,Banking,1913.72,1924.53,1879.24,1907.21,5923052,0.099,2024-04,2024,Apr,2024-04-01
2024-04-25,HDFCBANK,Banking,1905.38,1918.26,1895.86,1907.22,7225604,0.001,2024-04,2024,Apr,2024-04-01
2024-04-26,HDFCBANK,Banking,1895.56,1930.32,1869.92,1904.55,3531647,-0.14,2024-04,2024,Apr,2024-04-01
2024-04-29,HDFCBANK,Banking,1903.79,1919.19,1893.05,1906.43,3178317,0.099,2024-04,2024,Apr,2024-04-01
2024-04-30,HDFCBANK,Banking,1915.16,1940.8,1901.25,1910.8,4815962,0.229,2024-04,2024,Apr,2024-04-01
2024-05-01,HDFCBANK,Banking,1908.42,1941.23,1895.37,1906.98,7911048,-0.2,2024-05,2024,May,2024-05-01
2024-05-02,HDFCBANK,Banking,1911.07,1927.25,1879.72,1910.24,3466658,0.171,2024-05,2024,May,2024-05-01
2024-05-03,HDFCBANK,Banking,1905.59,1910.65,1889.22,1903.98,2803953,-0.328,2024-05,2024,May,2024-05-01
2024-05-06,HDFCBANK,Banking,1909.2,1932.74,1893.63,1903.42,4555731,-0.029,2024-05,2024,May,2024-05-01
2024-05-07,HDFCBANK,Banking,1908.52,1911.06,1889.2,1908.84,7394442,0.285,2024-05,2024,May,2024-05-01
2024-05-08,HDFCBANK,Banking,1911.9,1939.39,1894.04,1908.46,6054588,-0.02,2024-05,2024,May,2024-05-01
2024-05-09,HDFCBANK,Banking,1901.66,1928.17,1874.21,1909.2,4531368,0.039,2024-05,2024,May,2024-05-01
2024-05-10,HDFCBANK,Banking,1931.25,1949.26,1877.62,1911.72,6064140,0.132,2024-05,2024,May,2024-05-01
2024-05-13,HDFCBANK,Banking,1905.45,1927.99,1886.48,1907.61,908931,-0.215,2024-05,2024,May,2024-05-01
2024-05-14,HDFCBANK,Banking,1909.83,1928.51,1891.72,1908.28,6222914,0.035,2024-05,2024,May,2024-05-01
2024-05-15,HDFCBANK,Banking,1913.24,1925.69,1895.88,1908.92,1502897,0.034,2024-05,2024,May,2024-05-01
2024-05-16,HDFCBANK,Banking,1911.22,1925.44,1877.68,1914.36,3615479,0.285,2024-05,2024,May,2024-05-01
2024-05-17,HDFCBANK,Banking,1911.57,1926.98,1893.9,1911.51,3319211,-0.149,2024-05,2024,May,2024-05-01
2024-05-20,HDFCBANK,Banking,1910.91,1941.93,1903.22,1910.94,5771567,-0.03,2024-05,2024,May,2024-05-01
2024-05-21,HDFCBANK,Banking,1901.93,1915.21,1868.69,1908.91,2528182,-0.106,2024-05,2024,May,2024-05-01
2024-05-22,HDFCBANK,Banking,1909.93,1922.38,1873.53,1906.58,2518723,-0.122,2024-05,2024,May,2024-05-01
2024-05-23,HDFCBANK,Banking,1897.43,1918.19,1881.48,1910.03,7166683,0.181,2024-05,2024,May,2024-05-01
2024-05-24,HDFCBANK,Banking,1923.93,1939.82,1897.32,1910.53,4237484,0.026,2024-05,2024,May,2024-05-01
2024-05-27,HDFCBANK,Banking,1915.53,1921.8,1885.48,1909.48,6138553,-0.055,2024-05,2024,May,2024-05-01
2024-05-28,HDFCBANK,Banking,1913.39,1940.05,1879.71,1908.51,4998369,-0.051,2024-05,2024,May,2024-05-01
2024-05-29,HDFCBANK,Banking,1894.18,1912.69,1876.23,1907.43,5263259,-0.057,2024-05,2024,May,2024-05-01
2024-05-30,HDFCBANK,Banking,1900.53,1930.05,1887.94,1906.58,5742671,-0.045,2024-05,2024,May,2024-05-01
2024-05-31,HDFCBANK,Banking,1914.19,1924.82,1891.96,1903.61,5606662,-0.156,2024-05,2024,May,2024-05-01
2024-06-03,HDFCBANK,Banking,1934.94,1952.4,1890.86,1903.33,7366371,-0.015,2024-06,2024,Jun,2024-06-01
2024-06-04,HDFCBANK,Banking,1911.87,1920.28,1897.06,1902.78,6451373,-0.029,2024-06,2024,Jun,2024-06-01
2024-06-05,HDFCBANK,Banking,1909.04,1934.65,1874.09,1901.16,2994334,-0.085,2024-06,2024,Jun,2024-06-01
2024-06-06,HDFCBANK,Banking,1905.96,1938.59,1896.67,1901.97,2020753,0.043,2024-06,2024,Jun,2024-06-01
2024-06-07,HDFCBANK,Banking,1896.55,1912.08,1881.81,1903.0,6886058,0.054,2024-06,2024,Jun,2024-06-01
2024-06-10,HDFCBANK,Banking,1909.48,1942.33,1873.01,1901.91,3482274,-0.057,2024-06,2024,Jun,2024-06-01
2024-06-11,HDFCBANK,Banking,1893.54,1914.33,1878.64,1901.91,3040094,0.0,2024-06,2024,Jun,2024-06-01
2024-06-12,HDFCBANK,Banking,1898.82,1928.06,1887.41,1908.06,1599845,0.323,2024-06,2024,Jun,2024-06-01
2024-06-13,HDFCBANK,Banking,1904.37,1938.86,1871.77,1914.12,4773747,0.318,2024-06,2024,Jun,2024-06-01
2024-06-14,HDFCBANK,Banking,1919.15,1927.57,1905.66,1911.68,4487139,-0.127,2024-06,2024,Jun,2024-06-01
2024-06-17,HDFCBANK,Banking,1909.18,1925.97,1878.56,1909.62,6762318,-0.108,2024-06,2024,Jun,2024-06-01
2024-06-18,HDFCBANK,Banking,1907.95,1912.05,1903.26,1907.18,6190134,-0.128,2024-06,2024,Jun,2024-06-01
2024-06-19,HDFCBANK,Banking,1910.27,1934.93,1894.93,1910.38,6006677,0.168,2024-06,2024,Jun,2024-06-01
2024-06-20,HDFCBANK,Banking,1901.1,1925.14,1878.78,1909.7,4677056,-0.036,2024-06,2024,Jun,2024-06-01
2024-06-21,HDFCBANK,Banking,1905.6,1941.6,1891.7,1910.72,7012661,0.053,2024-06,2024,Jun,2024-06-01
2024-06-24,HDFCBANK,Banking,1911.7,1927.3,1892.41,1916.46,7879792,0.3,2024-06,2024,Jun,2024-06-01
2024-06-25,HDFCBANK,Banking,1906.04,1948.82,1897.52,1916.81,6667144,0.018,2024-06,2024,Jun,2024-06-01
2024-06-26,HDFCBANK,Banking,1915.22,1925.61,1894.78,1919.09,3305474,0.119,2024-06,2024,Jun,2024-06-01
2024-06-27,HDFCBANK,Banking,1912.57,1942.62,1906.28,1920.88,2789700,0.093,2024-06,2024,Jun,2024-06-01
2024-06-28,HDFCBANK,Banking,1924.12,1936.11,1891.78,1919.68,809485,-0.062,2024-06,2024,Jun,2024-06-01
2024-07-01,HDFCBANK,Banking,1928.0,1935.89,1901.91,1922.92,7949144,0.169,2024-07,2024,Jul,2024-07-01
2024-07-02,HDFCBANK,Banking,1911.08,1926.01,1893.51,1921.02,6075084,-0.099,2024-07,2024,Jul,2024-07-01
2024-07-03,HDFCBANK,Banking,1922.73,1948.4,1919.02,1925.02,7546388,0.208,2024-07,2024,Jul,2024-07-01
2024-07-04,HDFCBANK,Banking,1938.11,1947.73,1905.56,1923.83,6471020,-0.062,2024-07,2024,Jul,2024-07-01
2024-07-05,HDFCBANK,Banking,1915.39,1943.58,1895.13,1922.94,3897257,-0.046,2024-07,2024,Jul,2024-07-01
2024-07-08,HDFCBANK,Banking,1923.68,1957.63,1909.81,1920.4,1844220,-0.132,2024-07,2024,Jul,2024-07-01
2024-07-09,HDFCBANK,Banking,1919.13,1931.36,1894.3,1918.32,1139908,-0.108,2024-07,2024,Jul,2024-07-01
2024-07-10,HDFCBANK,Banking,1925.96,1929.03,1913.15,1917.57,6503220,-0.039,2024-07,2024,Jul,2024-07-01
2024-07-11,HDFCBANK,Banking,1913.72,1920.28,1902.77,1911.46,2985176,-0.319,2024-07,2024,Jul,2024-07-01
2024-07-12,HDFCBANK,Banking,1907.94,1917.03,1882.11,1911.24,3530906,-0.012,2024-07,2024,Jul,2024-07-01
2024-07-15,HDFCBANK,Banking,1910.8,1927.76,1903.6,1910.29,6820298,-0.05,2024-07,2024,Jul,2024-07-01
2024-07-16,HDFCBANK,Banking,1913.44,1939.57,1902.92,1912.82,4265298,0.132,2024-07,2024,Jul,2024-07-01
2024-07-17,HDFCBANK,Banking,1913.66,1925.93,1890.58,1914.37,7646267,0.081,2024-07,2024,Jul,2024-07-01
2024-07-18,HDFCBANK,Banking,1902.8,1919.55,1877.32,1912.89,4735551,-0.077,2024-07,2024,Jul,2024-07-01
2024-07-19,HDFCBANK,Banking,1921.59,1944.45,1908.5,1912.09,6788038,-0.042,2024-07,2024,Jul,2024-07-01
2024-07-22,HDFCBANK,Banking,1920.04,1931.79,1905.86,1911.89,1706698,-0.01,2024-07,2024,Jul,2024-07-01
2024-07-23,HDFCBANK,Banking,1908.3,1936.96,1891.92,1916.3,3656551,0.231,2024-07,2024,Jul,2024-07-01
2024-07-24,HDFCBANK,Banking,1912.23,1946.84,1891.05,1914.54,2118370,-0.092,2024-07,2024,Jul,2024-07-01
2024-07-25,HDFCBANK,Banking,1911.33,1924.44,1894.67,1913.05,1207062,-0.078,2024-07,2024,Jul,2024-07-01
2024-07-26,HDFCBANK,Banking,1901.64,1929.03,1878.82,1910.48,7939859,-0.134,2024-07,2024,Jul,2024-07-01
2024-07-29,HDFCBANK,Banking,1892.73,1935.03,1866.51,1906.97,4526596,-0.184,2024-07,2024,Jul,2024-07-01
2024-07-30,HDFCBANK,Banking,1903.13,1932.6,1870.51,1908.25,3346577,0.067,2024-07,2024,Jul,2024-07-01
2024-07-31,HDFCBANK,Banking,1906.53,1935.56,1893.29,1909.26,3509954,0.053,2024-07,2024,Jul,2024-07-01
2024-08-01,HDFCBANK,Banking,1902.13,1940.2,1894.95,1913.16,2534655,0.204,2024-08,2024,Aug,2024-08-01
2024-08-02,HDFCBANK,Banking,1917.78,1937.3,1905.91,1916.43,1685401,0.171,2024-08,2024,Aug,2024-08-01
2024-08-05,HDFCBANK,Banking,1932.3,1951.84,1916.59,1923.35,7376250,0.361,2024-08,2024,Aug,2024-08-01
2024-08-06,HDFCBANK,Banking,1930.13,1955.64,1908.83,1923.65,1562144,0.016,2024-08,2024,Aug,2024-08-01
2024-08-07,HDFCBANK,Banking,1922.47,1948.18,1892.03,1923.44,3569758,-0.011,2024-08,2024,Aug,2024-08-01
2024-08-08,HDFCBANK,Banking,1906.31,1944.25,1893.16,1920.45,1901865,-0.155,2024-08,2024,Aug,2024-08-01
2024-08-09,HDFCBANK,Banking,1928.34,1942.79,1916.05,1922.83,7493216,0.124,2024-08,2024,Aug,2024-08-01
2024-08-12,HDFCBANK,Banking,1924.8,1953.83,1904.66,1923.67,2281930,0.044,2024-08,2024,Aug,2024-08-01
2024-08-13,HDFCBANK,Banking,1929.22,1938.9,1891.55,1925.95,3636585,0.119,2024-08,2024,Aug,2024-08-01
2024-08-14,HDFCBANK,Banking,1938.31,1945.38,1915.34,1923.42,6227262,-0.131,2024-08,2024,Aug,2024-08-01
2024-08-15,HDFCBANK,Banking,1918.55,1938.12,1891.26,1924.9,4905736,0.077,2024-08,2024,Aug,2024-08-01
2024-08-16,HDFCBANK,Banking,1903.86,1936.24,1875.3,1926.0,3548264,0.057,2024-08,2024,Aug,2024-08-01
2024-08-19,HDFCBANK,Banking,1918.81,1950.59,1903.8,1926.93,4858516,0.048,2024-08,2024,Aug,2024-08-01
2024-08-20,HDFCBANK,Banking,1929.4,1938.91,1903.45,1925.65,3945954,-0.066,2024-08,2024,Aug,2024-08-01
2024-08-21,HDFCBANK,Banking,1929.64,1953.11,1913.32,1929.44,2883049,0.197,2024-08,2024,Aug,2024-08-01
2024-08-22,HDFCBANK,Banking,1926.15,1954.39,1915.63,1935.56,5108345,0.317,2024-08,2024,Aug,2024-08-01
2024-08-23,HDFCBANK,Banking,1922.17,1940.09,1906.32,1933.14,3429901,-0.125,2024-08,2024,Aug,2024-08-01
2024-08-26,HDFCBANK,Banking,1932.95,1946.13,1927.88,1935.69,7712961,0.132,2024-08,2024,Aug,2024-08-01
2024-08-27,HDFCBANK,Banking,1918.9,1947.54,1893.92,1928.51,4134888,-0.371,2024-08,2024,Aug,2024-08-01
2024-08-28,HDFCBANK,Banking,1934.95,1961.0,1901.78,1930.93,6246577,0.125,2024-08,2024,Aug,2024-08-01
2024-08-29,HDFCBANK,Banking,1923.33,1941.47,1911.35,1926.5,2487928,-0.229,2024-08,2024,Aug,2024-08-01
2024-08-30,HDFCBANK,Banking,1920.88,1935.26,1900.46,1925.71,5449130,-0.041,2024-08,2024,Aug,2024-08-01
2024-09-02,HDFCBANK,Banking,1916.97,1934.37,1907.49,1922.81,4828263,-0.151,2024-09,2024,Sep,2024-09-01
2024-09-03,HDFCBANK,Banking,1924.89,1929.93,1916.78,1922.87,6155591,0.003,2024-09,2024,Sep,2024-09-01
2024-09-04,HDFCBANK,Banking,1926.11,1928.85,1902.13,1925.78,4124406,0.151,2024-09,2024,Sep,2024-09-01
2024-09-05,HDFCBANK,Banking,1922.99,1956.72,1915.13,1921.43,5978906,-0.226,2024-09,2024,Sep,2024-09-01
2024-09-06,HDFCBANK,Banking,1922.52,1927.59,1893.67,1921.13,1221829,-0.016,2024-09,2024,Sep,2024-09-01
2024-09-09,HDFCBANK,Banking,1919.87,1926.42,1909.08,1920.43,5769794,-0.036,2024-09,2024,Sep,2024-09-01
2024-09-10,HDFCBANK,Banking,1917.41,1955.8,1888.81,1925.36,6224829,0.257,2024-09,2024,Sep,2024-09-01
2024-09-11,HDFCBANK,Banking,1921.59,1950.89,1907.63,1927.22,4374131,0.097,2024-09,2024,Sep,2024-09-01
2024-09-12,HDFCBANK,Banking,1921.71,1940.94,1907.74,1924.75,1046956,-0.128,2024-09,2024,Sep,2024-09-01
2024-09-13,HDFCBANK,Banking,1940.08,1963.43,1897.71,1924.18,4881298,-0.03,2024-09,2024,Sep,2024-09-01
2024-09-16,HDFCBANK,Banking,1918.69,1961.69,1900.13,1929.1,6425415,0.256,2024-09,2024,Sep,2024-09-01
2024-09-17,HDFCBANK,Banking,1928.52,1936.95,1920.0,1931.76,4122738,0.138,2024-09,2024,Sep,2024-09-01
2024-09-18,HDFCBANK,Banking,1930.77,1940.7,1900.18,1930.01,1478017,-0.091,2024-09,2024,Sep,2024-09-01
2024-09-19,HDFCBANK,Banking,1927.69,1960.19,1914.61,1930.03,3643701,0.001,2024-09,2024,Sep,2024-09-01
2024-09-20,HDFCBANK,Banking,1938.44,1966.1,1924.84,1930.14,7957434,0.006,2024-09,2024,Sep,2024-09-01
2024-09-23,HDFCBANK,Banking,1927.07,1963.99,1911.51,1929.45,2749530,-0.036,2024-09,2024,Sep,2024-09-01
2024-09-24,HDFCBANK,Banking,1923.79,1937.8,1903.1,1925.6,4611909,-0.2,2024-09,2024,Sep,2024-09-01
2024-09-25,HDFCBANK,Banking,1930.82,1963.76,1902.67,1924.55,3357535,-0.055,2024-09,2024,Sep,2024-09-01
2024-09-26,HDFCBANK,Banking,1943.05,1956.34,1899.74,1929.07,5928999,0.235,2024-09,2024,Sep,2024-09-01
2024-09-27,HDFCBANK,Banking,1939.69,1965.21,1909.15,1928.83,3885413,-0.012,2024-09,2024,Sep,2024-09-01
2024-09-30,HDFCBANK,Banking,1928.3,1960.23,1919.04,1929.35,3567008,0.027,2024-09,2024,Sep,2024-09-01
2024-10-01,HDFCBANK,Banking,1930.15,1938.07,1919.64,1930.54,4971531,0.062,2024-10,2024,Oct,2024-10-01
2024-10-02,HDFCBANK,Banking,1937.72,1946.43,1932.1,1937.36,4916716,0.353,2024-10,2024,Oct,2024-10-01
2024-10-03,HDFCBANK,Banking,1939.34,1960.43,1912.02,1938.2,4399100,0.043,2024-10,2024,Oct,2024-10-01
2024-10-04,HDFCBANK,Banking,1935.42,1971.8,1930.0,1942.0,2659237,0.196,2024-10,2024,Oct,2024-10-01
2024-10-07,HDFCBANK,Banking,1948.49,1953.05,1919.28,1941.22,1577232,-0.04,2024-10,2024,Oct,2024-10-01
2024-10-08,HDFCBANK,Banking,1942.96,1973.01,1919.71,1941.36,5771639,0.007,2024-10,2024,Oct,2024-10-01
2024-10-09,HDFCBANK,Banking,1941.89,1955.51,1914.02,1942.24,3247810,0.045,2024-10,2024,Oct,2024-10-01
2024-10-10,HDFCBANK,Banking,1931.13,1956.34,1926.75,1941.0,5212191,-0.064,2024-10,2024,Oct,2024-10-01
2024-10-11,HDFCBANK,Banking,1941.79,1954.95,1932.67,1941.31,3508592,0.016,2024-10,2024,Oct,2024-10-01
2024-10-14,HDFCBANK,Banking,1929.87,1976.67,1898.1,1944.6,6948574,0.169,2024-10,2024,Oct,2024-10-01
2024-10-15,HDFCBANK,Banking,1938.78,1949.56,1917.98,1943.3,5889866,-0.067,2024-10,2024,Oct,2024-10-01
2024-10-16,HDFCBANK,Banking,1939.8,1965.11,1922.77,1944.18,3708441,0.045,2024-10,2024,Oct,2024-10-01
2024-10-17,HDFCBANK,Banking,1949.24,1956.1,1920.31,1947.0,3196823,0.145,2024-10,2024,Oct,2024-10-01
2024-10-18,HDFCBANK,Banking,1960.28,1993.19,1913.86,1945.65,6192995,-0.069,2024-10,2024,Oct,2024-10-01
2024-10-21,HDFCBANK,Banking,1954.0,1982.46,1938.88,1949.54,857281,0.2,2024-10,2024,Oct,2024-10-01
2024-10-22,HDFCBANK,Banking,1961.95,1971.72,1918.81,1950.65,1214717,0.057,2024-10,2024,Oct,2024-10-01
2024-10-23,HDFCBANK,Banking,1956.15,1968.01,1945.56,1951.12,1407223,0.024,2024-10,2024,Oct,2024-10-01
2024-10-24,HDFCBANK,Banking,1955.32,1969.96,1912.26,1946.56,3290309,-0.234,2024-10,2024,Oct,2024-10-01
2024-10-25,HDFCBANK,Banking,1960.92,1976.4,1939.06,1946.46,4378388,-0.005,2024-10,2024,Oct,2024-10-01
2024-10-28,HDFCBANK,Banking,1942.7,1977.43,1931.97,1948.4,2908593,0.1,2024-10,2024,Oct,2024-10-01
2024-10-29,HDFCBANK,Banking,1947.88,1974.81,1942.73,1954.11,2157167,0.293,2024-10,2024,Oct,2024-10-01
2024-10-30,HDFCBANK,Banking,1961.84,1978.07,1927.91,1956.6,3053354,0.127,2024-10,2024,Oct,2024-10-01
2024-10-31,HDFCBANK,Banking,1960.61,1986.58,1925.84,1960.64,4361281,0.206,2024-10,2024,Oct,2024-10-01
2024-11-01,HDFCBANK,Banking,1960.0,1977.21,1946.42,1958.27,2941332,-0.121,2024-11,2024,Nov,2024-11-01
2024-11-04,HDFCBANK,Banking,1956.93,1965.1,1944.14,1958.88,4934278,0.031,2024-11,2024,Nov,2024-11-01
2024-11-05,HDFCBANK,Banking,1958.5,1968.74,1947.26,1963.18,3551934,0.22,2024-11,2024,Nov,2024-11-01
2024-11-06,HDFCBANK,Banking,1974.43,1987.34,1954.58,1961.71,7520752,-0.075,2024-11,2024,Nov,2024-11-01
2024-11-07,HDFCBANK,Banking,1956.68,1987.43,1928.53,1965.33,7944816,0.185,2024-11,2024,Nov,2024-11-01
2024-11-08,HDFCBANK,Banking,1973.72,1980.22,1964.31,1968.31,5520175,0.152,2024-11,2024,Nov,2024-11-01
2024-11-11,HDFCBANK,Banking,1974.18,1994.61,1935.66,1970.05,4794563,0.088,2024-11,2024,Nov,2024-11-01
2024-11-12,HDFCBANK,Banking,1957.67,1981.11,1924.85,1970.11,1023493,0.003,2024-11,2024,Nov,2024-11-01
2024-11-13,HDFCBANK,Banking,1961.83,1993.61,1955.92,1968.37,5282268,-0.088,2024-11,2024,Nov,2024-11-01
2024-11-14,HDFCBANK,Banking,1969.02,1977.18,1949.33,1974.25,3541259,0.299,2024-11,2024,Nov,2024-11-01
2024-11-15,HDFCBANK,Banking,1981.45,1999.23,1941.64,1976.98,2887537,0.138,2024-11,2024,Nov,2024-11-01
2024-11-18,HDFCBANK,Banking,1976.01,1982.65,1945.39,1978.91,6512890,0.098,2024-11,2024,Nov,2024-11-01
2024-11-19,HDFCBANK,Banking,1978.08,1991.85,1952.05,1978.76,1103701,-0.008,2024-11,2024,Nov,2024-11-01
2024-11-20,HDFCBANK,Banking,1968.31,1982.35,1965.59,1979.85,2676049,0.055,2024-11,2024,Nov,2024-11-01
2024-11-21,HDFCBANK,Banking,1999.73,2017.68,1977.01,1981.3,6374276,0.073,2024-11,2024,Nov,2024-11-01
2024-11-22,HDFCBANK,Banking,1983.96,2011.82,1954.64,1983.4,7459806,0.106,2024-11,2024,Nov,2024-11-01
2024-11-25,HDFCBANK,Banking,1990.4,1995.78,1971.73,1986.43,4505203,0.153,2024-11,2024,Nov,2024-11-01
2024-11-26,HDFCBANK,Banking,1980.96,2012.05,1956.46,1985.25,4608877,-0.059,2024-11,2024,Nov,2024-11-01
2024-11-27,HDFCBANK,Banking,1976.99,2003.83,1950.17,1982.17,7762838,-0.155,2024-11,2024,Nov,2024-11-01
2024-11-28,HDFCBANK,Banking,1998.57,2017.71,1967.17,1983.39,1465623,0.062,2024-11,2024,Nov,2024-11-01
2024-11-29,HDFCBANK,Banking,1964.36,2001.69,1957.6,1979.53,4262897,-0.195,2024-11,2024,Nov,2024-11-01
2024-12-02,HDFCBANK,Banking,1981.83,1995.13,1964.63,1979.62,2540027,0.005,2024-12,2024,Dec,2024-12-01
2024-12-03,HDFCBANK,Banking,1969.61,2005.08,1938.47,1979.2,4232949,-0.021,2024-12,2024,Dec,2024-12-01
2024-12-04,HDFCBANK,Banking,1978.33,2009.79,1965.22,1981.54,7325354,0.118,2024-12,2024,Dec,2024-12-01
2024-12-05,HDFCBANK,Banking,1982.96,2016.33,1978.87,1988.04,5091961,0.328,2024-12,2024,Dec,2024-12-01
2024-12-06,HDFCBANK,Banking,1975.79,1994.68,1941.6,1983.61,7938510,-0.223,2024-12,2024,Dec,2024-12-01
2024-12-09,HDFCBANK,Banking,1991.2,2015.33,1965.89,1990.92,4436235,0.369,2024-12,2024,Dec,2024-12-01
2024-12-10,HDFCBANK,Banking,1970.8,1998.26,1950.71,1991.25,7013714,0.017,2024-12,2024,Dec,2024-12-01
2024-12-11,HDFCBANK,Banking,1990.69,2011.98,1960.64,1993.2,2021889,0.098,2024-12,2024,Dec,2024-12-01
2024-12-12,HDFCBANK,Banking,1989.51,1992.31,1973.62,1990.23,3108872,-0.149,2024-12,2024,Dec,2024-12-01
2024-12-13,HDFCBANK,Banking,1983.14,2002.54,1947.95,1993.98,2771997,0.188,2024-12,2024,Dec,2024-12-01
2024-12-16,HDFCBANK,Banking,2007.14,2030.71,1963.99,1995.07,6335496,0.055,2024-12,2024,Dec,2024-12-01
2024-12-17,HDFCBANK,Banking,1991.12,2027.52,1979.63,1995.86,4494046,0.04,2024-12,2024,Dec,2024-12-01
2024-12-18,HDFCBANK,Banking,1989.52,1995.07,1974.99,1991.42,2400039,-0.222,2024-12,2024,Dec,2024-12-01
2024-12-19,HDFCBANK,Banking,1987.86,2013.49,1976.55,1992.58,2044303,0.058,2024-12,2024,Dec,2024-12-01
2024-12-20,HDFCBANK,Banking,1995.24,2019.49,1970.88,1995.89,3568560,0.166,2024-12,2024,Dec,2024-12-01
2024-12-23,HDFCBANK,Banking,2006.63,2040.44,1972.49,1996.18,1905328,0.015,2024-12,2024,Dec,2024-12-01
2024-12-24,HDFCBANK,Banking,2020.2,2044.72,1980.64,2000.41,5819610,0.212,2024-12,2024,Dec,2024-12-01
2024-12-25,HDFCBANK,Banking,2010.51,2016.04,1969.61,2004.53,6907735,0.206,2024-12,2024,Dec,2024-12-01
2024-12-26,HDFCBANK,Banking,2012.39,2019.42,1985.58,2003.67,7776089,-0.043,2024-12,2024,Dec,2024-12-01
2024-12-27,HDFCBANK,Banking,2022.88,2046.77,1980.31,2009.09,2497038,0.271,2024-12,2024,Dec,2024-12-01
2024-12-30,HDFCBANK,Banking,2012.14,2021.53,1985.64,2010.14,3962227,0.052,2024-12,2024,Dec,2024-12-01
2024-12-31,HDFCBANK,Banking,2023.84,2057.8,1991.48,2011.21,4427845,0.053,2024-12,2024,Dec,2024-12-01
2025-01-01,HDFCBANK,Banking,2018.79,2052.4,2008.95,2012.41,4370022,0.06,2025-01,2025,Jan,2025-01-01
2025-01-02,HDFCBANK,Banking,2014.68,2049.18,1989.0,2013.52,4063099,0.055,2025-01,2025,Jan,2025-01-01
2025-01-03,HDFCBANK,Banking,2009.83,2021.85,1983.09,2007.02,2385213,-0.323,2025-01,2025,Jan,2025-01-01
2025-01-06,HDFCBANK,Banking,1992.77,2033.87,1986.55,2007.4,1606000,0.019,2025-01,2025,Jan,2025-01-01
2025-01-07,HDFCBANK,Banking,2006.8,2031.43,1975.33,2004.46,3703203,-0.146,2025-01,2025,Jan,2025-01-01
2025-01-08,HDFCBANK,Banking,1997.5,2013.14,1979.65,2009.91,1464175,0.272,2025-01,2025,Jan,2025-01-01
2025-01-09,HDFCBANK,Banking,2002.16,2026.38,1989.13,2015.26,1253733,0.266,2025-01,2025,Jan,2025-01-01
2025-01-10,HDFCBANK,Banking,2020.1,2029.22,1988.25,2018.54,4573822,0.163,2025-01,2025,Jan,2025-01-01
2025-01-13,HDFCBANK,Banking,2009.74,2033.48,1996.0,2018.74,6981818,0.01,2025-01,2025,Jan,2025-01-01
2025-01-14,HDFCBANK,Banking,2016.69,2051.44,1993.36,2016.75,4692214,-0.099,2025-01,2025,Jan,2025-01-01
2025-01-15,HDFCBANK,Banking,2016.86,2047.87,1992.56,2015.75,968009,-0.05,2025-01,2025,Jan,2025-01-01
2025-01-16,HDFCBANK,Banking,2023.56,2035.68,2018.25,2022.08,6851101,0.314,2025-01,2025,Jan,2025-01-01
2025-01-17,HDFCBANK,Banking,2013.66,2041.2,1997.17,2020.96,5721377,-0.055,2025-01,2025,Jan,2025-01-01
2025-01-20,HDFCBANK,Banking,2022.38,2031.02,2005.49,2015.14,2982486,-0.288,2025-01,2025,Jan,2025-01-01
2025-01-21,HDFCBANK,Banking,2018.15,2030.41,2009.29,2018.87,2767196,0.185,2025-01,2025,Jan,2025-01-01
2025-01-22,HDFCBANK,Banking,2027.5,2031.77,1999.37,2023.93,7276865,0.251,2025-01,2025,Jan,2025-01-01
2025-01-23,HDFCBANK,Banking,2019.74,2053.65,2017.33,2029.45,4227987,0.273,2025-01,2025,Jan,2025-01-01
2025-01-24,HDFCBANK,Banking,2031.76,2057.95,1996.25,2033.21,1816881,0.185,2025-01,2025,Jan,2025-01-01
2025-01-27,HDFCBANK,Banking,2046.37,2077.59,2021.69,2037.43,2827220,0.208,2025-01,2025,Jan,2025-01-01
2025-01-28,HDFCBANK,Banking,2046.28,2078.64,2025.97,2038.37,2703876,0.046,2025-01,2025,Jan,2025-01-01
2025-01-29,HDFCBANK,Banking,2026.75,2040.8,1993.02,2033.23,3680508,-0.252,2025-01,2025,Jan,2025-01-01
2025-01-30,HDFCBANK,Banking,2029.64,2061.81,2010.82,2034.08,3289795,0.042,2025-01,2025,Jan,2025-01-01
2025-01-31,HDFCBANK,Banking,2028.56,2043.31,2005.34,2036.61,4736800,0.124,2025-01,2025,Jan,2025-01-01
2025-02-03,HDFCBANK,Banking,2031.63,2051.96,2005.57,2036.98,3126672,0.018,2025-02,2025,Feb,2025-02-01
2025-02-04,HDFCBANK,Banking,2025.81,2057.1,1993.78,2037.21,5414432,0.011,2025-02,2025,Feb,2025-02-01
2025-02-05,HDFCBANK,Banking,2034.08,2038.95,2027.56,2035.2,4347304,-0.099,2025-02,2025,Feb,2025-02-01
2025-02-06,HDFCBANK,Banking,2038.22,2045.69,2028.22,2033.08,7570060,-0.104,2025-02,2025,Feb,2025-02-01
2025-02-07,HDFCBANK,Banking,2032.63,2050.47,1996.26,2039.03,6762435,0.293,2025-02,2025,Feb,2025-02-01
2025-02-10,HDFCBANK,Banking,2044.36,2051.58,2042.01,2045.11,3191846,0.298,2025-02,2025,Feb,2025-02-01
2025-02-11,HDFCBANK,Banking,2044.0,2080.34,2017.35,2045.8,1103554,0.034,2025-02,2025,Feb,2025-02-01
2025-02-12,HDFCBANK,Banking,2055.95,2068.08,2023.99,2047.31,5010974,0.074,2025-02,2025,Feb,2025-02-01
2025-02-13,HDFCBANK,Banking,2040.18,2064.65,2018.98,2045.18,3235808,-0.104,2025-02,2025,Feb,2025-02-01
2025-02-14,HDFCBANK,Banking,2042.99,2084.44,2013.66,2047.71,7292399,0.124,2025-02,2025,Feb,2025-02-01
2025-02-17,HDFCBANK,Banking,2046.48,2075.26,2009.9,2053.43,3720854,0.279,2025-02,2025,Feb,2025-02-01
2025-02-18,HDFCBANK,Banking,2040.37,2066.09,2036.71,2049.7,2889669,-0.182,2025-02,2025,Feb,2025-02-01
2025-02-19,HDFCBANK,Banking,2056.03,2090.58,2028.2,2051.69,3243377,0.097,2025-02,2025,Feb,2025-02-01
2025-02-20,HDFCBANK,Banking,2052.77,2063.71,2025.71,2053.88,7028359,0.107,2025-02,2025,Feb,2025-02-01
2025-02-21,HDFCBANK,Banking,2056.49,2064.82,2043.29,2056.04,1610216,0.105,2025-02,2025,Feb,2025-02-01
2025-02-24,HDFCBANK,Banking,2071.92,2092.84,2028.06,2061.41,7694396,0.261,2025-02,2025,Feb,2025-02-01
2025-02-25,HDFCBANK,Banking,2078.93,2096.12,2049.78,2067.92,2480809,0.316,2025-02,2025,Feb,2025-02-01
2025-02-26,HDFCBANK,Banking,2054.24,2097.94,2046.44,2067.86,6901954,-0.003,2025-02,2025,Feb,2025-02-01
2025-02-27,HDFCBANK,Banking,2075.78,2079.34,2038.27,2070.42,4719126,0.124,2025-02,2025,Feb,2025-02-01
2025-02-28,HDFCBANK,Banking,2073.13,2096.98,2035.99,2071.26,4902995,0.041,2025-02,2025,Feb,2025-02-01
2025-03-03,HDFCBANK,Banking,2066.2,2097.1,2060.64,2070.03,2272988,-0.059,2025-03,2025,Mar,2025-03-01
2025-03-04,HDFCBANK,Banking,2074.11,2110.45,2042.86,2071.4,5999231,0.066,2025-03,2025,Mar,2025-03-01
2025-03-05,HDFCBANK,Banking,2059.6,2081.14,2050.01,2073.92,5469689,0.122,2025-03,2025,Mar,2025-03-01
2025-03-06,HDFCBANK,Banking,2087.27,2098.09,2072.81,2075.12,4263674,0.058,2025-03,2025,Mar,2025-03-01
2025-03-07,HDFCBANK,Banking,2077.4,2112.41,2061.87,2073.13,4096040,-0.096,2025-03,2025,Mar,2025-03-01
2025-03-10,HDFCBANK,Banking,2065.17,2096.63,2033.09,2072.34,5100241,-0.038,2025-03,2025,Mar,2025-03-01
2025-03-11,HDFCBANK,Banking,2066.71,2074.98,2059.69,2071.57,4196909,-0.037,2025-03,2025,Mar,2025-03-01
2025-03-12,HDFCBANK,Banking,2055.56,2074.45,2048.94,2069.66,7816213,-0.092,2025-03,2025,Mar,2025-03-01
2025-03-13,HDFCBANK,Banking,2068.51,2100.83,2040.45,2071.11,1098059,0.07,2025-03,2025,Mar,2025-03-01
2025-03-14,HDFCBANK,Banking,2068.84,2094.92,2052.48,2072.85,2608068,0.084,2025-03,2025,Mar,2025-03-01
2025-03-17,HDFCBANK,Banking,2065.21,2098.24,2057.93,2076.21,6926989,0.162,2025-03,2025,Mar,2025-03-01
2025-03-18,HDFCBANK,Banking,2080.68,2113.88,2064.05,2074.23,6506339,-0.095,2025-03,2025,Mar,2025-03-01
2025-03-19,HDFCBANK,Banking,2083.65,2094.28,2042.99,2073.07,3305243,-0.056,2025-03,2025,Mar,2025-03-01
2025-03-20,HDFCBANK,Banking,2077.86,2085.83,2053.76,2078.08,4444878,0.242,2025-03,2025,Mar,2025-03-01
2025-03-21,HDFCBANK,Banking,2075.56,2101.86,2046.64,2078.1,994492,0.001,2025-03,2025,Mar,2025-03-01
2025-03-24,HDFCBANK,Banking,2082.3,2115.62,2073.15,2078.68,2073487,0.028,2025-03,2025,Mar,2025-03-01
2025-03-25,HDFCBANK,Banking,2078.49,2090.11,2060.23,2078.66,7600379,-0.001,2025-03,2025,Mar,2025-03-01
2025-03-26,HDFCBANK,Banking,2073.42,2108.64,2043.25,2082.44,5433454,0.182,2025-03,2025,Mar,2025-03-01
2025-03-27,HDFCBANK,Banking,2080.88,2093.82,2069.4,2086.33,1077942,0.187,2025-03,2025,Mar,2025-03-01
2025-03-28,HDFCBANK,Banking,2087.58,2098.25,2079.49,2090.06,6505473,0.179,2025-03,2025,Mar,2025-03-01
2025-03-31,HDFCBANK,Banking,2092.68,2126.84,2074.94,2090.6,3705608,0.026,2025-03,2025,Mar,2025-03-01
2025-04-01,HDFCBANK,Banking,2088.59,2094.86,2074.58,2088.51,4895041,-0.1,2025-04,2025,Apr,2025-04-01
2025-04-02,HDFCBANK,Banking,2096.37,2099.33,2085.91,2094.6,6969339,0.292,2025-04,2025,Apr,2025-04-01
2025-04-03,HDFCBANK,Banking,2084.78,2127.3,2048.88,2097.57,6829516,0.142,2025-04,2025,Apr,2025-04-01
2025-04-04,HDFCBANK,Banking,2102.26,2117.32,2077.37,2096.68,1782482,-0.042,2025-04,2025,Apr,2025-04-01
2025-04-07,HDFCBANK,Banking,2101.34,2117.61,2077.49,2101.31,3434254,0.221,2025-04,2025,Apr,2025-04-01
2025-04-08,HDFCBANK,Banking,2121.63,2152.6,2093.76,2100.18,2762832,-0.054,2025-04,2025,Apr,2025-04-01
2025-04-09,HDFCBANK,Banking,2101.51,2113.32,2077.62,2104.78,7379131,0.219,2025-04,2025,Apr,2025-04-01
2025-04-10,HDFCBANK,Banking,2112.31,2137.77,2087.55,2109.58,6421224,0.228,2025-04,2025,Apr,2025-04-01
2025-04-11,HDFCBANK,Banking,2131.14,2144.63,2071.8,2107.29,5467904,-0.109,2025-04,2025,Apr,2025-04-01
2025-04-14,HDFCBANK,Banking,2111.08,2116.93,2092.55,2109.44,1221205,0.102,2025-04,2025,Apr,2025-04-01
2025-04-15,HDFCBANK,Banking,2111.62,2138.99,2081.43,2112.19,6582747,0.13,2025-04,2025,Apr,2025-04-01
2025-04-16,HDFCBANK,Banking,2112.0,2133.97,2098.96,2120.37,4838549,0.387,2025-04,2025,Apr,2025-04-01
2025-04-17,HDFCBANK,Banking,2131.54,2165.08,2095.62,2118.59,2765492,-0.084,2025-04,2025,Apr,2025-04-01
2025-04-18,HDFCBANK,Banking,2113.43,2158.57,2078.01,2123.28,3987547,0.221,2025-04,2025,Apr,2025-04-01
2025-04-21,HDFCBANK,Banking,2127.38,2160.22,2099.06,2123.75,4012123,0.022,2025-04,2025,Apr,2025-04-01
2025-04-22,HDFCBANK,Banking,2116.48,2134.23,2088.77,2120.49,2931854,-0.154,2025-04,2025,Apr,2025-04-01
2025-04-23,HDFCBANK,Banking,2118.96,2131.21,2085.28,2120.56,7349245,0.003,2025-04,2025,Apr,2025-04-01
2025-04-24,HDFCBANK,Banking,2108.91,2155.31,2073.63,2120.99,7405986,0.02,2025-04,2025,Apr,2025-04-01
2025-04-25,HDFCBANK,Banking,2129.66,2148.18,2108.66,2118.28,1166447,-0.128,2025-04,2025,Apr,2025-04-01
2025-04-28,HDFCBANK,Banking,2117.27,2147.25,2108.1,2119.62,7538481,0.063,2025-04,2025,Apr,2025-04-01
2025-04-29,HDFCBANK,Banking,2112.58,2154.87,2090.69,2122.89,3708668,0.154,2025-04,2025,Apr,2025-04-01
2025-04-30,HDFCBANK,Banking,2134.67,2146.88,2085.96,2124.03,6558792,0.054,2025-04,2025,Apr,2025-04-01
2025-05-01,HDFCBANK,Banking,2118.56,2129.26,2098.79,2122.84,6418294,-0.056,2025-05,2025,May,2025-05-01
2025-05-02,HDFCBANK,Banking,2125.67,2150.37,2108.76,2122.83,5112014,-0.0,2025-05,2025,May,2025-05-01
2025-05-05,HDFCBANK,Banking,2130.39,2153.89,2101.73,2123.24,6155465,0.019,2025-05,2025,May,2025-05-01
2025-05-06,HDFCBANK,Banking,2128.35,2140.25,2119.87,2124.32,5705871,0.051,2025-05,2025,May,2025-05-01
2025-05-07,HDFCBANK,Banking,2109.36,2151.34,2100.89,2128.05,6931684,0.176,2025-05,2025,May,2025-05-01
2025-05-08,HDFCBANK,Banking,2135.22,2166.05,2121.78,2129.3,3850619,0.059,2025-05,2025,May,2025-05-01
2025-05-09,HDFCBANK,Banking,2124.7,2140.33,2121.57,2125.56,6123610,-0.176,2025-05,2025,May,2025-05-01
2025-05-12,HDFCBANK,Banking,2121.53,2135.2,2093.36,2124.32,7850497,-0.058,2025-05,2025,May,2025-05-01
2025-05-13,HDFCBANK,Banking,2124.33,2153.58,2110.45,2125.26,7619063,0.044,2025-05,2025,May,2025-05-01
2025-05-14,HDFCBANK,Banking,2115.34,2159.62,2107.16,2129.05,1865232,0.178,2025-05,2025,May,2025-05-01
2025-05-15,HDFCBANK,Banking,2135.01,2171.78,2112.66,2133.37,4387468,0.203,2025-05,2025,May,2025-05-01
2025-05-16,HDFCBANK,Banking,2127.46,2146.64,2113.63,2139.13,4472437,0.27,2025-05,2025,May,2025-05-01
2025-05-19,HDFCBANK,Banking,2137.54,2174.47,2121.12,2139.98,5294886,0.04,2025-05,2025,May,2025-05-01
2025-05-20,HDFCBANK,Banking,2144.07,2174.1,2129.1,2142.73,5458727,0.129,2025-05,2025,May,2025-05-01
2025-05-21,HDFCBANK,Banking,2148.03,2175.81,2136.56,2138.84,6903481,-0.182,2025-05,2025,May,2025-05-01
2025-05-22,HDFCBANK,Banking,2133.58,2154.13,2106.48,2140.6,4631748,0.082,2025-05,2025,May,2025-05-01
2025-05-23,HDFCBANK,Banking,2150.27,2153.23,2131.69,2137.85,5852174,-0.128,2025-05,2025,May,2025-05-01
2025-05-26,HDFCBANK,Banking,2146.24,2166.91,2128.04,2138.15,7276223,0.014,2025-05,2025,May,2025-05-01
2025-05-27,HDFCBANK,Banking,2144.03,2160.3,2134.95,2147.72,1534808,0.448,2025-05,2025,May,2025-05-01
2025-05-28,HDFCBANK,Banking,2139.6,2161.87,2125.4,2149.13,5427041,0.066,2025-05,2025,May,2025-05-01
2025-05-29,HDFCBANK,Banking,2134.63,2183.02,2126.68,2147.03,3442374,-0.098,2025-05,2025,May,2025-05-01
2025-05-30,HDFCBANK,Banking,2151.09,2158.84,2133.94,2148.76,7322638,0.081,2025-05,2025,May,2025-05-01
2025-06-02,HDFCBANK,Banking,2141.38,2183.97,2130.38,2147.71,4778653,-0.049,2025-06,2025,Jun,2025-06-01
2025-06-03,HDFCBANK,Banking,2155.63,2176.25,2140.96,2145.34,5140766,-0.11,2025-06,2025,Jun,2025-06-01
2025-06-04,HDFCBANK,Banking,2146.34,2185.01,2112.43,2152.19,6233966,0.319,2025-06,2025,Jun,2025-06-01
2025-06-05,HDFCBANK,Banking,2148.17,2168.49,2134.86,2155.94,2542414,0.174,2025-06,2025,Jun,2025-06-01
2025-06-06,HDFCBANK,Banking,2159.54,2184.97,2151.87,2157.52,4713686,0.073,2025-06,2025,Jun,2025-06-01
2025-06-09,HDFCBANK,Banking,2150.96,2179.45,2129.74,2156.88,6365572,-0.03,2025-06,2025,Jun,2025-06-01
2025-06-10,HDFCBANK,Banking,2156.57,2192.61,2149.82,2156.49,6398354,-0.018,2025-06,2025,Jun,2025-06-01
2025-06-11,HDFCBANK,Banking,2170.24,2179.03,2131.14,2161.72,2440677,0.243,2025-06,2025,Jun,2025-06-01
2025-06-12,HDFCBANK,Banking,2164.23,2173.92,2158.79,2163.21,6830788,0.069,2025-06,2025,Jun,2025-06-01
2025-06-13,HDFCBANK,Banking,2155.51,2192.44,2135.3,2154.47,1972527,-0.404,2025-06,2025,Jun,2025-06-01
2025-06-16,HDFCBANK,Banking,2164.14,2169.91,2125.51,2162.37,2708923,0.367,2025-06,2025,Jun,2025-06-01
2025-06-17,HDFCBANK,Banking,2148.86,2189.02,2140.91,2163.51,6967682,0.053,2025-06,2025,Jun,2025-06-01
2025-06-18,HDFCBANK,Banking,2168.55,2172.95,2155.58,2165.15,5235906,0.076,2025-06,2025,Jun,2025-06-01
2025-06-19,HDFCBANK,Banking,2170.45,2175.46,2144.75,2169.06,4703681,0.181,2025-06,2025,Jun,2025-06-01
2025-06-20,HDFCBANK,Banking,2178.85,2203.14,2132.76,2171.09,4811194,0.094,2025-06,2025,Jun,2025-06-01
2025-06-23,HDFCBANK,Banking,2179.26,2201.87,2157.56,2173.99,7778432,0.134,2025-06,2025,Jun,2025-06-01
2025-06-24,HDFCBANK,Banking,2171.58,2196.68,2145.47,2173.34,2436684,-0.03,2025-06,2025,Jun,2025-06-01
2025-06-25,HDFCBANK,Banking,2179.21,2198.93,2162.45,2170.24,2953956,-0.143,2025-06,2025,Jun,2025-06-01
2025-06-26,HDFCBANK,Banking,2169.21,2201.33,2143.38,2171.75,4327122,0.07,2025-06,2025,Jun,2025-06-01
2025-06-27,HDFCBANK,Banking,2178.92,2217.85,2165.24,2176.77,6887335,0.231,2025-06,2025,Jun,2025-06-01
2025-06-30,HDFCBANK,Banking,2172.76,2187.84,2147.93,2175.47,4749691,-0.06,2025-06,2025,Jun,2025-06-01
2025-07-01,HDFCBANK,Banking,2177.95,2192.1,2168.48,2173.93,6026552,-0.071,2025-07,2025,Jul,2025-07-01
2025-07-02,HDFCBANK,Banking,2175.06,2192.48,2153.47,2178.34,6684847,0.203,2025-07,2025,Jul,2025-07-01
2025-07-03,HDFCBANK,Banking,2192.0,2222.63,2166.68,2177.65,7223017,-0.032,2025-07,2025,Jul,2025-07-01
2025-07-04,HDFCBANK,Banking,2194.67,2209.85,2149.7,2177.1,4119123,-0.025,2025-07,2025,Jul,2025-07-01
2025-07-07,HDFCBANK,Banking,2184.29,2211.61,2146.84,2176.68,4096968,-0.019,2025-07,2025,Jul,2025-07-01
2025-07-08,HDFCBANK,Banking,2190.64,2209.43,2143.64,2177.21,1382595,0.024,2025-07,2025,Jul,2025-07-01
2025-07-09,HDFCBANK,Banking,2159.78,2197.78,2121.18,2173.16,1378245,-0.186,2025-07,2025,Jul,2025-07-01
2025-07-10,HDFCBANK,Banking,2159.91,2205.05,2140.88,2172.26,4308530,-0.041,2025-07,2025,Jul,2025-07-01
2025-07-11,HDFCBANK,Banking,2170.92,2194.89,2144.0,2173.72,6193475,0.067,2025-07,2025,Jul,2025-07-01
2025-07-14,HDFCBANK,Banking,2175.52,2195.27,2172.3,2175.16,6833246,0.066,2025-07,2025,Jul,2025-07-01
2025-07-15,HDFCBANK,Banking,2177.73,2191.53,2142.05,2179.46,3741169,0.198,2025-07,2025,Jul,2025-07-01
2025-07-16,HDFCBANK,Banking,2171.51,2207.22,2146.61,2185.87,4913039,0.294,2025-07,2025,Jul,2025-07-01
2025-07-17,HDFCBANK,Banking,2201.39,2213.41,2173.41,2191.3,6650859,0.248,2025-07,2025,Jul,2025-07-01
2025-07-18,HDFCBANK,Banking,2213.83,2247.79,2176.51,2194.91,3095829,0.165,2025-07,2025,Jul,2025-07-01
2025-07-21,HDFCBANK,Banking,2206.52,2223.32,2164.79,2195.28,1941250,0.017,2025-07,2025,Jul,2025-07-01
2025-07-22,HDFCBANK,Banking,2203.72,2210.76,2160.9,2194.19,7430990,-0.05,2025-07,2025,Jul,2025-07-01
2025-07-23,HDFCBANK,Banking,2197.06,2208.22,2162.74,2195.08,4731578,0.041,2025-07,2025,Jul,2025-07-01
2025-07-24,HDFCBANK,Banking,2190.31,2219.9,2169.11,2197.73,1920689,0.121,2025-07,2025,Jul,2025-07-01
2025-07-25,HDFCBANK,Banking,2201.75,2238.25,2185.02,2201.11,2614302,0.154,2025-07,2025,Jul,2025-07-01
2025-07-28,HDFCBANK,Banking,2222.46,2236.04,2166.27,2203.9,3153519,0.127,2025-07,2025,Jul,2025-07-01
2025-07-29,HDFCBANK,Banking,2201.3,2216.51,2175.36,2204.4,2248091,0.023,2025-07,2025,Jul,2025-07-01
2025-07-30,HDFCBANK,Banking,2203.7,2225.18,2181.13,2207.72,3947369,0.151,2025-07,2025,Jul,2025-07-01
2025-07-31,HDFCBANK,Banking,2222.32,2261.1,2187.8,2212.52,6652106,0.217,2025-07,2025,Jul,2025-07-01
2025-08-01,HDFCBANK,Banking,2226.55,2260.77,2190.2,2216.15,6113440,0.164,2025-08,2025,Aug,2025-08-01
2025-08-04,HDFCBANK,Banking,2209.45,2224.83,2180.46,2216.97,7402788,0.037,2025-08,2025,Aug,2025-08-01
2025-08-05,HDFCBANK,Banking,2212.99,2240.63,2189.96,2215.3,6817376,-0.075,2025-08,2025,Aug,2025-08-01
2025-08-06,HDFCBANK,Banking,2209.13,2245.59,2174.05,2213.58,3041481,-0.078,2025-08,2025,Aug,2025-08-01
2025-08-07,HDFCBANK,Banking,2213.02,2244.13,2177.86,2212.41,1221635,-0.053,2025-08,2025,Aug,2025-08-01
2025-08-08,HDFCBANK,Banking,2223.93,2244.63,2195.29,2214.15,1891998,0.079,2025-08,2025,Aug,2025-08-01
2025-08-11,HDFCBANK,Banking,2209.59,2246.52,2201.05,2216.72,6502657,0.116,2025-08,2025,Aug,2025-08-01
2025-08-12,HDFCBANK,Banking,2222.95,2247.22,2189.39,2213.3,3250206,-0.154,2025-08,2025,Aug,2025-08-01
2025-08-13,HDFCBANK,Banking,2213.61,2223.41,2187.15,2212.71,5987804,-0.027,2025-08,2025,Aug,2025-08-01
2025-08-14,HDFCBANK,Banking,2235.05,2239.41,2192.53,2214.44,4095980,0.078,2025-08,2025,Aug,2025-08-01
2025-08-15,HDFCBANK,Banking,2215.47,2231.6,2176.93,2212.64,7241496,-0.081,2025-08,2025,Aug,2025-08-01
2025-08-18,HDFCBANK,Banking,2214.12,2219.53,2208.41,2214.98,4458547,0.106,2025-08,2025,Aug,2025-08-01
2025-08-19,HDFCBANK,Banking,2220.12,2237.25,2201.99,2215.03,7283189,0.002,2025-08,2025,Aug,2025-08-01
2025-08-20,HDFCBANK,Banking,2210.81,2247.21,2176.06,2213.8,2605442,-0.056,2025-08,2025,Aug,2025-08-01
2025-08-21,HDFCBANK,Banking,2199.07,2248.98,2161.75,2214.98,6398184,0.053,2025-08,2025,Aug,2025-08-01
2025-08-22,HDFCBANK,Banking,2215.08,2220.72,2196.83,2217.22,4572439,0.101,2025-08,2025,Aug,2025-08-01
2025-08-25,HDFCBANK,Banking,2213.34,2220.45,2203.88,2215.61,2169459,-0.073,2025-08,2025,Aug,2025-08-01
2025-08-26,HDFCBANK,Banking,2201.78,2243.34,2183.85,2215.89,2484687,0.013,2025-08,2025,Aug,2025-08-01
2025-08-27,HDFCBANK,Banking,2217.74,2239.46,2198.32,2218.39,3059874,0.113,2025-08,2025,Aug,2025-08-01
2025-08-28,HDFCBANK,Banking,2198.74,2224.91,2177.12,2217.07,1915047,-0.06,2025-08,2025,Aug,2025-08-01
2025-08-29,HDFCBANK,Banking,2209.9,2245.5,2197.38,2212.98,7541501,-0.184,2025-08,2025,Aug,2025-08-01
2025-09-01,HDFCBANK,Banking,2211.43,2221.78,2195.32,2209.28,2331592,-0.167,2025-09,2025,Sep,2025-09-01
2025-09-02,HDFCBANK,Banking,2209.9,2215.04,2182.21,2209.04,5106847,-0.011,2025-09,2025,Sep,2025-09-01
2025-09-03,HDFCBANK,Banking,2202.4,2236.34,2176.92,2206.03,4910722,-0.136,2025-09,2025,Sep,2025-09-01
2025-09-04,HDFCBANK,Banking,2205.27,2231.03,2178.24,2206.02,4679077,-0.0,2025-09,2025,Sep,2025-09-01
2025-09-05,HDFCBANK,Banking,2205.3,2229.29,2188.95,2212.24,5317613,0.282,2025-09,2025,Sep,2025-09-01
2025-09-08,HDFCBANK,Banking,2209.15,2237.37,2194.21,2209.05,7393107,-0.144,2025-09,2025,Sep,2025-09-01
2025-09-09,HDFCBANK,Banking,2209.77,2246.22,2193.84,2209.26,7768823,0.01,2025-09,2025,Sep,2025-09-01
2025-09-10,HDFCBANK,Banking,2208.96,2220.45,2171.04,2216.95,7094229,0.348,2025-09,2025,Sep,2025-09-01
2025-09-11,HDFCBANK,Banking,2221.68,2247.61,2202.17,2219.31,4109537,0.106,2025-09,2025,Sep,2025-09-01
2025-09-12,HDFCBANK,Banking,2221.58,2232.04,2194.17,2219.26,6037972,-0.002,2025-09,2025,Sep,2025-09-01
2025-09-15,HDFCBANK,Banking,2218.39,2239.98,2196.46,2219.87,2138367,0.027,2025-09,2025,Sep,2025-09-01
2025-09-16,HDFCBANK,Banking,2243.82,2262.24,2186.98,2222.3,7152216,0.109,2025-09,2025,Sep,2025-09-01
2025-09-17,HDFCBANK,Banking,2227.44,2245.7,2211.23,2228.69,2207668,0.288,2025-09,2025,Sep,2025-09-01
2025-09-18,HDFCBANK,Banking,2225.65,2237.58,2207.0,2228.14,1619611,-0.025,2025-09,2025,Sep,2025-09-01
2025-09-19,HDFCBANK,Banking,2223.13,2259.5,2189.05,2226.89,6766795,-0.056,2025-09,2025,Sep,2025-09-01
2025-09-22,HDFCBANK,Banking,2215.07,2240.27,2206.79,2223.7,6254316,-0.143,2025-09,2025,Sep,2025-09-01
2025-09-23,HDFCBANK,Banking,2231.24,2267.12,2200.43,2225.14,1796304,0.065,2025-09,2025,Sep,2025-09-01
2025-09-24,HDFCBANK,Banking,2215.77,2237.49,2198.49,2221.87,7752609,-0.147,2025-09,2025,Sep,2025-09-01
2025-09-25,HDFCBANK,Banking,2216.49,2255.47,2177.13,2221.54,1603643,-0.015,2025-09,2025,Sep,2025-09-01
2025-09-26,HDFCBANK,Banking,2215.04,2242.59,2185.66,2219.82,1152632,-0.077,2025-09,2025,Sep,2025-09-01
2025-09-29,HDFCBANK,Banking,2215.51,2241.08,2212.9,2224.28,7681599,0.201,2025-09,2025,Sep,2025-09-01
2025-09-30,HDFCBANK,Banking,2208.23,2252.64,2174.51,2223.8,2405928,-0.022,2025-09,2025,Sep,2025-09-01
2025-10-01,HDFCBANK,Banking,2222.03,2258.15,2193.25,2226.15,2490450,0.106,2025-10,2025,Oct,2025-10-01
2025-10-02,HDFCBANK,Banking,2230.03,2250.56,2198.85,2222.27,6516572,-0.174,2025-10,2025,Oct,2025-10-01
2025-10-03,HDFCBANK,Banking,2225.54,2243.86,2212.64,2223.79,5171743,0.068,2025-10,2025,Oct,2025-10-01
2025-10-06,HDFCBANK,Banking,2235.02,2259.19,2213.29,2221.15,4544339,-0.119,2025-10,2025,Oct,2025-10-01
2025-10-07,HDFCBANK,Banking,2227.6,2251.99,2194.99,2220.93,7913964,-0.01,2025-10,2025,Oct,2025-10-01
2025-10-08,HDFCBANK,Banking,2233.6,2251.99,2210.03,2228.92,1423652,0.36,2025-10,2025,Oct,2025-10-01
2025-10-09,HDFCBANK,Banking,2249.76,2280.99,2198.0,2232.94,7465223,0.18,2025-10,2025,Oct,2025-10-01
2025-10-10,HDFCBANK,Banking,2232.78,2251.06,2220.59,2233.65,2729297,0.032,2025-10,2025,Oct,2025-10-01
2025-10-13,HDFCBANK,Banking,2245.35,2264.88,2218.21,2244.78,5282834,0.498,2025-10,2025,Oct,2025-10-01
2025-10-14,HDFCBANK,Banking,2242.91,2268.33,2231.18,2243.01,3133229,-0.079,2025-10,2025,Oct,2025-10-01
2025-10-15,HDFCBANK,Banking,2261.65,2301.86,2221.21,2247.77,2910282,0.212,2025-10,2025,Oct,2025-10-01
2025-10-16,HDFCBANK,Banking,2244.08,2256.27,2239.97,2244.05,3111651,-0.165,2025-10,2025,Oct,2025-10-01
2025-10-17,HDFCBANK,Banking,2238.56,2255.48,2221.42,2244.38,4825045,0.015,2025-10,2025,Oct,2025-10-01
2025-10-20,HDFCBANK,Banking,2246.51,2255.51,2232.42,2241.24,7119243,-0.14,2025-10,2025,Oct,2025-10-01
2025-10-21,HDFCBANK,Banking,2235.81,2271.67,2210.54,2243.13,1609903,0.084,2025-10,2025,Oct,2025-10-01
2025-10-22,HDFCBANK,Banking,2249.18,2268.6,2230.06,2244.39,5566662,0.056,2025-10,2025,Oct,2025-10-01
2025-10-23,HDFCBANK,Banking,2248.22,2265.32,2212.82,2244.5,6993687,0.005,2025-10,2025,Oct,2025-10-01
2025-10-24,HDFCBANK,Banking,2247.31,2259.06,2240.68,2249.01,6091404,0.201,2025-10,2025,Oct,2025-10-01
2025-10-27,HDFCBANK,Banking,2253.38,2289.77,2224.79,2248.29,7857026,-0.032,2025-10,2025,Oct,2025-10-01
2025-10-28,HDFCBANK,Banking,2236.99,2269.59,2212.18,2250.39,897704,0.093,2025-10,2025,Oct,2025-10-01
2025-10-29,HDFCBANK,Banking,2255.5,2281.06,2250.93,2254.03,3410071,0.162,2025-10,2025,Oct,2025-10-01
2025-10-30,HDFCBANK,Banking,2246.25,2256.97,2242.63,2250.41,3878086,-0.161,2025-10,2025,Oct,2025-10-01
2025-10-31,HDFCBANK,Banking,2274.85,2281.3,2235.07,2249.1,4656451,-0.058,2025-10,2025,Oct,2025-10-01
2025-11-03,HDFCBANK,Banking,2251.71,2256.54,2224.76,2250.31,3088308,0.054,2025-11,2025,Nov,2025-11-01
2025-11-04,HDFCBANK,Banking,2247.96,2269.66,2208.92,2253.33,2622980,0.134,2025-11,2025,Nov,2025-11-01
2025-11-05,HDFCBANK,Banking,2246.4,2279.27,2240.69,2258.85,6933862,0.245,2025-11,2025,Nov,2025-11-01
2025-11-06,HDFCBANK,Banking,2270.99,2282.7,2229.93,2259.19,2474729,0.015,2025-11,2025,Nov,2025-11-01
2025-11-07,HDFCBANK,Banking,2256.05,2274.9,2227.22,2259.21,7667861,0.001,2025-11,2025,Nov,2025-11-01
2025-11-10,HDFCBANK,Banking,2250.32,2259.96,2222.45,2257.46,1066708,-0.077,2025-11,2025,Nov,2025-11-01
2025-11-11,HDFCBANK,Banking,2262.55,2278.31,2237.42,2259.51,3848054,0.091,2025-11,2025,Nov,2025-11-01
2025-11-12,HDFCBANK,Banking,2265.44,2272.29,2220.17,2259.56,5187601,0.002,2025-11,2025,Nov,2025-11-01
2025-11-13,HDFCBANK,Banking,2265.41,2272.62,2238.15,2259.68,7806036,0.005,2025-11,2025,Nov,2025-11-01
2025-11-14,HDFCBANK,Banking,2260.55,2262.98,2225.89,2260.37,6304942,0.031,2025-11,2025,Nov,2025-11-01
2025-11-17,HDFCBANK,Banking,2264.53,2293.6,2250.72,2263.09,903386,0.12,2025-11,2025,Nov,2025-11-01
2025-11-18,HDFCBANK,Banking,2264.37,2302.48,2228.99,2262.27,6189682,-0.036,2025-11,2025,Nov,2025-11-01
2025-11-19,HDFCBANK,Banking,2263.82,2290.0,2220.22,2260.78,3145179,-0.066,2025-11,2025,Nov,2025-11-01
2025-11-20,HDFCBANK,Banking,2266.94,2272.91,2225.81,2263.09,6991222,0.102,2025-11,2025,Nov,2025-11-01
2025-11-21,HDFCBANK,Banking,2264.33,2304.69,2240.55,2254.46,6379504,-0.381,2025-11,2025,Nov,2025-11-01
2025-11-24,HDFCBANK,Banking,2253.99,2293.63,2218.81,2253.48,2182054,-0.043,2025-11,2025,Nov,2025-11-01
2025-11-25,HDFCBANK,Banking,2243.42,2270.94,2237.54,2250.77,3392717,-0.12,2025-11,2025,Nov,2025-11-01
2025-11-26,HDFCBANK,Banking,2254.17,2261.86,2225.95,2255.47,6711904,0.209,2025-11,2025,Nov,2025-11-01
2025-11-27,HDFCBANK,Banking,2261.78,2291.75,2239.61,2254.98,7430928,-0.022,2025-11,2025,Nov,2025-11-01
2025-11-28,HDFCBANK,Banking,2237.99,2293.2,2210.7,2254.1,5146111,-0.039,2025-11,2025,Nov,2025-11-01
2025-12-01,HDFCBANK,Banking,2238.77,2286.93,2220.84,2254.83,2372947,0.032,2025-12,2025,Dec,2025-12-01
2025-12-02,HDFCBANK,Banking,2262.1,2288.37,2251.22,2253.82,3605012,-0.045,2025-12,2025,Dec,2025-12-01
2025-12-03,HDFCBANK,Banking,2267.12,2292.93,2242.3,2253.42,6528800,-0.018,2025-12,2025,Dec,2025-12-01
2025-12-04,HDFCBANK,Banking,2243.16,2294.31,2239.31,2254.57,5108335,0.051,2025-12,2025,Dec,2025-12-01
2025-12-05,HDFCBANK,Banking,2254.99,2260.05,2235.46,2254.09,2252256,-0.021,2025-12,2025,Dec,2025-12-01
2025-12-08,HDFCBANK,Banking,2249.96,2261.55,2215.58,2253.57,2856396,-0.023,2025-12,2025,Dec,2025-12-01
2025-12-09,HDFCBANK,Banking,2248.86,2285.25,2218.39,2251.2,2219155,-0.105,2025-12,2025,Dec,2025-12-01
2025-12-10,HDFCBANK,Banking,2251.13,2258.94,2215.98,2248.38,4177859,-0.125,2025-12,2025,Dec,2025-12-01
2025-12-11,HDFCBANK,Banking,2237.75,2266.28,2204.8,2249.38,4009395,0.044,2025-12,2025,Dec,2025-12-01
2025-12-12,HDFCBANK,Banking,2241.17,2264.16,2224.76,2251.14,4700795,0.078,2025-12,2025,Dec,2025-12-01
2025-12-15,HDFCBANK,Banking,2244.72,2258.97,2223.16,2247.43,7603572,-0.165,2025-12,2025,Dec,2025-12-01
2025-12-16,HDFCBANK,Banking,2249.28,2253.83,2227.59,2250.59,5490885,0.141,2025-12,2025,Dec,2025-12-01
2025-12-17,HDFCBANK,Banking,2243.62,2277.72,2237.06,2253.77,5015275,0.141,2025-12,2025,Dec,2025-12-01
2025-12-18,HDFCBANK,Banking,2264.73,2282.45,2232.39,2257.6,3436877,0.17,2025-12,2025,Dec,2025-12-01
2025-12-19,HDFCBANK,Banking,2255.53,2282.75,2225.66,2259.3,5372236,0.075,2025-12,2025,Dec,2025-12-01
2025-12-22,HDFCBANK,Banking,2258.24,2276.03,2232.53,2262.06,7678782,0.122,2025-12,2025,Dec,2025-12-01
2025-12-23,HDFCBANK,Banking,2272.29,2310.93,2238.67,2269.72,870075,0.339,2025-12,2025,Dec,2025-12-01
2025-12-24,HDFCBANK,Banking,2268.32,2294.57,2261.46,2269.49,3318413,-0.01,2025-12,2025,Dec,2025-12-01
2025-12-25,HDFCBANK,Banking,2274.47,2313.91,2235.27,2266.88,1207629,-0.115,2025-12,2025,Dec,2025-12-01
2025-12-26,HDFCBANK,Banking,2254.27,2278.44,2244.04,2262.72,2266789,-0.184,2025-12,2025,Dec,2025-12-01
2025-12-29,HDFCBANK,Banking,2256.3,2271.34,2220.41,2268.98,1281924,0.277,2025-12,2025,Dec,2025-12-01
2025-12-30,HDFCBANK,Banking,2272.48,2307.79,2260.74,2275.3,5064645,0.279,2025-12,2025,Dec,2025-12-01
2025-12-31,HDFCBANK,Banking,2273.58,2307.83,2251.75,2273.03,6701423,-0.1,2025-12,2025,Dec,2025-12-01
2023-01-02,ICICIBANK,Banking,953.05,958.21,942.11,952.11,2321479,,2023-01,2023,Jan,2023-01-01
2023-01-03,ICICIBANK,Banking,954.73,968.76,946.04,953.48,6424882,0.144,2023-01,2023,Jan,2023-01-01
2023-01-04,ICICIBANK,Banking,949.62,959.19,932.84,951.4,3774543,-0.218,2023-01,2023,Jan,2023-01-01
2023-01-05,ICICIBANK,Banking,949.06,966.42,935.06,949.84,1138922,-0.164,2023-01,2023,Jan,2023-01-01
2023-01-06,ICICIBANK,Banking,954.86,970.44,947.11,950.43,6178967,0.062,2023-01,2023,Jan,2023-01-01
2023-01-09,ICICIBANK,Banking,956.11,969.41,943.05,950.73,4715728,0.032,2023-01,2023,Jan,2023-01-01
2023-01-10,ICICIBANK,Banking,945.73,952.78,937.86,950.38,1819608,-0.037,2023-01,2023,Jan,2023-01-01
2023-01-11,ICICIBANK,Banking,952.67,965.8,945.85,953.46,4849743,0.324,2023-01,2023,Jan,2023-01-01
2023-01-12,ICICIBANK,Banking,957.18,974.2,944.99,953.98,2591084,0.055,2023-01,2023,Jan,2023-01-01
2023-01-13,ICICIBANK,Banking,962.32,969.39,943.29,955.13,5378921,0.121,2023-01,2023,Jan,2023-01-01
2023-01-16,ICICIBANK,Banking,963.74,979.15,945.54,956.92,7622596,0.187,2023-01,2023,Jan,2023-01-01
2023-01-17,ICICIBANK,Banking,954.33,964.98,947.58,957.38,3072509,0.048,2023-01,2023,Jan,2023-01-01
2023-01-18,ICICIBANK,Banking,966.39,983.32,949.0,961.49,6167252,0.429,2023-01,2023,Jan,2023-01-01
2023-01-19,ICICIBANK,Banking,960.75,972.38,954.84,960.52,969926,-0.101,2023-01,2023,Jan,2023-01-01
2023-01-20,ICICIBANK,Banking,964.05,966.6,945.45,960.04,3731427,-0.05,2023-01,2023,Jan,2023-01-01
2023-01-23,ICICIBANK,Banking,962.1,970.9,942.4,959.08,7200679,-0.1,2023-01,2023,Jan,2023-01-01
2023-01-24,ICICIBANK,Banking,956.87,963.51,951.12,961.73,1337178,0.276,2023-01,2023,Jan,2023-01-01
2023-01-25,ICICIBANK,Banking,965.41,972.86,949.48,963.29,7490274,0.162,2023-01,2023,Jan,2023-01-01
2023-01-26,ICICIBANK,Banking,966.79,982.8,948.64,962.92,1474192,-0.038,2023-01,2023,Jan,2023-01-01
2023-01-27,ICICIBANK,Banking,962.0,966.84,953.01,962.08,4270318,-0.087,2023-01,2023,Jan,2023-01-01
2023-01-30,ICICIBANK,Banking,963.55,981.05,961.15,964.5,2103516,0.252,2023-01,2023,Jan,2023-01-01
2023-01-31,ICICIBANK,Banking,959.37,968.05,945.59,965.44,948610,0.097,2023-01,2023,Jan,2023-01-01
2023-02-01,ICICIBANK,Banking,970.56,982.49,960.24,967.91,3314885,0.256,2023-02,2023,Feb,2023-02-01
2023-02-02,ICICIBANK,Banking,969.06,985.93,963.86,968.25,4982272,0.035,2023-02,2023,Feb,2023-02-01
2023-02-03,ICICIBANK,Banking,965.85,981.17,954.59,969.42,6001120,0.121,2023-02,2023,Feb,2023-02-01
2023-02-06,ICICIBANK,Banking,969.03,986.09,960.86,970.29,3074694,0.09,2023-02,2023,Feb,2023-02-01
2023-02-07,ICICIBANK,Banking,970.42,987.74,967.41,969.82,4345446,-0.048,2023-02,2023,Feb,2023-02-01
2023-02-08,ICICIBANK,Banking,967.89,981.61,950.73,970.06,2113896,0.025,2023-02,2023,Feb,2023-02-01
2023-02-09,ICICIBANK,Banking,968.79,982.64,963.78,968.78,6053140,-0.132,2023-02,2023,Feb,2023-02-01
2023-02-10,ICICIBANK,Banking,963.15,971.44,953.82,969.94,2016459,0.12,2023-02,2023,Feb,2023-02-01
2023-02-13,ICICIBANK,Banking,976.74,984.82,959.51,971.5,6999447,0.161,2023-02,2023,Feb,2023-02-01
2023-02-14,ICICIBANK,Banking,973.46,979.2,970.52,973.4,2090639,0.196,2023-02,2023,Feb,2023-02-01
2023-02-15,ICICIBANK,Banking,970.54,989.46,957.37,974.83,5581239,0.147,2023-02,2023,Feb,2023-02-01
2023-02-16,ICICIBANK,Banking,965.51,987.31,953.9,975.1,3182055,0.028,2023-02,2023,Feb,2023-02-01
2023-02-17,ICICIBANK,Banking,981.86,993.1,968.65,977.84,7974807,0.281,2023-02,2023,Feb,2023-02-01
2023-02-20,ICICIBANK,Banking,981.8,998.33,969.83,979.61,2820465,0.181,2023-02,2023,Feb,2023-02-01
2023-02-21,ICICIBANK,Banking,982.95,985.42,965.2,982.12,7630846,0.256,2023-02,2023,Feb,2023-02-01
2023-02-22,ICICIBANK,Banking,988.14,1005.15,968.5,984.74,6822258,0.267,2023-02,2023,Feb,2023-02-01
2023-02-23,ICICIBANK,Banking,988.42,991.1,982.17,985.03,4169341,0.029,2023-02,2023,Feb,2023-02-01
2023-02-24,ICICIBANK,Banking,986.85,993.65,978.91,986.08,4366265,0.107,2023-02,2023,Feb,2023-02-01
2023-02-27,ICICIBANK,Banking,986.7,999.28,977.05,987.71,3347278,0.165,2023-02,2023,Feb,2023-02-01
2023-02-28,ICICIBANK,Banking,984.84,993.2,968.45,986.49,3879061,-0.124,2023-02,2023,Feb,2023-02-01
2023-03-01,ICICIBANK,Banking,986.96,999.4,970.64,985.3,4155126,-0.121,2023-03,2023,Mar,2023-03-01
2023-03-02,ICICIBANK,Banking,989.37,1003.4,976.42,983.87,1850001,-0.145,2023-03,2023,Mar,2023-03-01
2023-03-03,ICICIBANK,Banking,983.79,999.04,967.98,984.19,3124888,0.033,2023-03,2023,Mar,2023-03-01
2023-03-06,ICICIBANK,Banking,990.0,994.01,976.88,984.19,7106413,0.0,2023-03,2023,Mar,2023-03-01
2023-03-07,ICICIBANK,Banking,984.02,988.05,977.04,982.56,7848123,-0.166,2023-03,2023,Mar,2023-03-01
2023-03-08,ICICIBANK,Banking,984.76,986.62,972.09,983.26,1194719,0.071,2023-03,2023,Mar,2023-03-01
2023-03-09,ICICIBANK,Banking,993.07,1002.35,976.68,983.61,6072794,0.036,2023-03,2023,Mar,2023-03-01
2023-03-10,ICICIBANK,Banking,992.37,995.68,974.43,985.85,2524625,0.228,2023-03,2023,Mar,2023-03-01
2023-03-13,ICICIBANK,Banking,995.97,1002.36,981.44,989.32,5507961,0.352,2023-03,2023,Mar,2023-03-01
2023-03-14,ICICIBANK,Banking,987.33,1005.64,972.99,990.49,5274600,0.118,2023-03,2023,Mar,2023-03-01
2023-03-15,ICICIBANK,Banking,998.63,1015.74,972.9,989.95,7127991,-0.055,2023-03,2023,Mar,2023-03-01
2023-03-16,ICICIBANK,Banking,991.08,1006.26,985.54,991.41,5856649,0.147,2023-03,2023,Mar,2023-03-01
2023-03-17,ICICIBANK,Banking,991.02,992.92,981.43,991.92,6730019,0.051,2023-03,2023,Mar,2023-03-01
2023-03-20,ICICIBANK,Banking,983.49,1002.63,970.39,992.06,6568327,0.014,2023-03,2023,Mar,2023-03-01
2023-03-21,ICICIBANK,Banking,992.57,996.37,987.61,991.27,5461193,-0.08,2023-03,2023,Mar,2023-03-01
2023-03-22,ICICIBANK,Banking,986.78,998.4,972.44,991.08,3754097,-0.019,2023-03,2023,Mar,2023-03-01
2023-03-23,ICICIBANK,Banking,992.93,1001.14,980.49,991.31,3227092,0.023,2023-03,2023,Mar,2023-03-01
2023-03-24,ICICIBANK,Banking,988.39,1009.91,984.88,993.0,3296528,0.17,2023-03,2023,Mar,2023-03-01
2023-03-27,ICICIBANK,Banking,1001.41,1013.2,978.59,994.26,3382348,0.127,2023-03,2023,Mar,2023-03-01
2023-03-28,ICICIBANK,Banking,999.68,1005.23,989.25,997.48,2877571,0.324,2023-03,2023,Mar,2023-03-01
2023-03-29,ICICIBANK,Banking,1008.1,1020.12,994.99,998.99,3037125,0.151,2023-03,2023,Mar,2023-03-01
2023-03-30,ICICIBANK,Banking,996.03,1017.3,991.72,1000.12,4890281,0.113,2023-03,2023,Mar,2023-03-01
2023-03-31,ICICIBANK,Banking,1006.35,1008.37,985.8,1000.15,2745247,0.003,2023-03,2023,Mar,2023-03-01
2023-04-03,ICICIBANK,Banking,991.89,1013.95,975.12,999.09,3310176,-0.106,2023-04,2023,Apr,2023-04-01
2023-04-04,ICICIBANK,Banking,999.56,1004.25,991.31,998.73,5905418,-0.036,2023-04,2023,Apr,2023-04-01
2023-04-05,ICICIBANK,Banking,995.65,1001.77,993.32,998.17,3162278,-0.056,2023-04,2023,Apr,2023-04-01
2023-04-06,ICICIBANK,Banking,993.05,1011.03,990.35,994.83,1567216,-0.335,2023-04,2023,Apr,2023-04-01
2023-04-07,ICICIBANK,Banking,991.76,994.84,979.73,993.81,921614,-0.103,2023-04,2023,Apr,2023-04-01
2023-04-10,ICICIBANK,Banking,993.04,1010.24,985.79,996.69,6309072,0.29,2023-04,2023,Apr,2023-04-01
2023-04-11,ICICIBANK,Banking,992.7,1000.2,984.51,997.72,7627875,0.103,2023-04,2023,Apr,2023-04-01
2023-04-12,ICICIBANK,Banking,995.88,1009.12,989.17,997.64,5714384,-0.008,2023-04,2023,Apr,2023-04-01
2023-04-13,ICICIBANK,Banking,999.18,1010.73,989.82,998.72,1236278,0.108,2023-04,2023,Apr,2023-04-01
2023-04-14,ICICIBANK,Banking,1000.91,1016.59,984.38,996.27,4856124,-0.245,2023-04,2023,Apr,2023-04-01
2023-04-17,ICICIBANK,Banking,998.35,1013.31,987.0,997.17,2750274,0.09,2023-04,2023,Apr,2023-04-01
2023-04-18,ICICIBANK,Banking,1004.22,1016.92,995.76,999.55,3109744,0.239,2023-04,2023,Apr,2023-04-01
2023-04-19,ICICIBANK,Banking,993.93,1007.31,984.64,999.84,7434221,0.029,2023-04,2023,Apr,2023-04-01
2023-04-20,ICICIBANK,Banking,995.93,1001.48,987.14,997.66,6735649,-0.218,2023-04,2023,Apr,2023-04-01
2023-04-21,ICICIBANK,Banking,1000.34,1012.15,987.25,997.5,6094507,-0.016,2023-04,2023,Apr,2023-04-01
2023-04-24,ICICIBANK,Banking,1001.25,1010.72,997.0,999.88,4406474,0.239,2023-04,2023,Apr,2023-04-01
2023-04-25,ICICIBANK,Banking,997.28,1003.06,993.68,1000.73,4962606,0.085,2023-04,2023,Apr,2023-04-01
2023-04-26,ICICIBANK,Banking,1002.79,1020.09,989.06,999.06,7394549,-0.167,2023-04,2023,Apr,2023-04-01
2023-04-27,ICICIBANK,Banking,1000.94,1009.44,995.25,1003.07,5557860,0.401,2023-04,2023,Apr,2023-04-01
2023-04-28,ICICIBANK,Banking,998.52,1002.68,986.85,1001.64,4968727,-0.143,2023-04,2023,Apr,2023-04-01
2023-05-01,ICICIBANK,Banking,1003.67,1020.06,994.37,1001.72,1498832,0.008,2023-05,2023,May,2023-05-01
2023-05-02,ICICIBANK,Banking,1000.63,1011.45,995.85,1000.61,7974456,-0.111,2023-05,2023,May,2023-05-01
2023-05-03,ICICIBANK,Banking,997.41,1012.95,985.28,999.5,6622260,-0.111,2023-05,2023,May,2023-05-01
2023-05-04,ICICIBANK,Banking,997.03,1002.85,989.36,999.26,3426151,-0.024,2023-05,2023,May,2023-05-01
2023-05-05,ICICIBANK,Banking,996.36,1008.53,992.7,1000.65,2600768,0.139,2023-05,2023,May,2023-05-01
2023-05-08,ICICIBANK,Banking,1001.43,1015.02,986.66,1003.02,7768278,0.237,2023-05,2023,May,2023-05-01
2023-05-09,ICICIBANK,Banking,1007.28,1012.58,994.5,1002.86,7684740,-0.016,2023-05,2023,May,2023-05-01
2023-05-10,ICICIBANK,Banking,1002.75,1015.71,985.19,1001.77,3825932,-0.109,2023-05,2023,May,2023-05-01
2023-05-11,ICICIBANK,Banking,1006.76,1011.76,998.61,1002.91,2465897,0.114,2023-05,2023,May,2023-05-01
2023-05-12,ICICIBANK,Banking,1006.17,1010.75,988.13,1004.09,6544319,0.118,2023-05,2023,May,2023-05-01
2023-05-15,ICICIBANK,Banking,1002.41,1006.07,987.5,1004.87,5302623,0.078,2023-05,2023,May,2023-05-01
2023-05-16,ICICIBANK,Banking,999.06,1011.52,996.3,1005.7,7280587,0.083,2023-05,2023,May,2023-05-01
2023-05-17,ICICIBANK,Banking,1002.2,1011.16,992.14,1005.93,4726336,0.023,2023-05,2023,May,2023-05-01
2023-05-18,ICICIBANK,Banking,1003.78,1020.57,991.62,1006.48,4773299,0.055,2023-05,2023,May,2023-05-01
2023-05-19,ICICIBANK,Banking,1003.59,1017.36,994.14,1006.61,1830342,0.013,2023-05,2023,May,2023-05-01
2023-05-22,ICICIBANK,Banking,1012.58,1016.65,1000.92,1008.62,5142407,0.2,2023-05,2023,May,2023-05-01
2023-05-23,ICICIBANK,Banking,1016.32,1027.15,995.13,1012.39,3413075,0.374,2023-05,2023,May,2023-05-01
2023-05-24,ICICIBANK,Banking,1022.01,1026.95,999.97,1013.05,2279347,0.065,2023-05,2023,May,2023-05-01
2023-05-25,ICICIBANK,Banking,1010.33,1021.77,992.73,1013.43,6425307,0.038,2023-05,2023,May,2023-05-01
2023-05-26,ICICIBANK,Banking,1020.68,1037.11,998.59,1014.2,3289741,0.076,2023-05,2023,May,2023-05-01
2023-05-29,ICICIBANK,Banking,1020.02,1033.52,998.48,1013.57,2330634,-0.062,2023-05,2023,May,2023-05-01
2023-05-30,ICICIBANK,Banking,1014.16,1027.36,1000.64,1015.11,7716061,0.152,2023-05,2023,May,2023-05-01
2023-05-31,ICICIBANK,Banking,1018.07,1023.96,1003.97,1016.15,7732572,0.102,2023-05,2023,May,2023-05-01
2023-06-01,ICICIBANK,Banking,1020.91,1024.1,999.54,1015.87,4360785,-0.028,2023-06,2023,Jun,2023-06-01
2023-06-02,ICICIBANK,Banking,1017.37,1031.65,1005.74,1017.61,2927482,0.171,2023-06,2023,Jun,2023-06-01
2023-06-05,ICICIBANK,Banking,1017.44,1028.84,1015.12,1017.99,1965082,0.037,2023-06,2023,Jun,2023-06-01
2023-06-06,ICICIBANK,Banking,1014.31,1028.65,1003.25,1016.86,5312395,-0.111,2023-06,2023,Jun,2023-06-01
2023-06-07,ICICIBANK,Banking,1008.14,1035.64,1005.37,1017.75,5197816,0.088,2023-06,2023,Jun,2023-06-01
2023-06-08,ICICIBANK,Banking,1018.74,1025.79,1001.0,1018.45,5255842,0.069,2023-06,2023,Jun,2023-06-01
2023-06-09,ICICIBANK,Banking,1017.36,1035.17,1005.16,1020.26,6327824,0.178,2023-06,2023,Jun,2023-06-01
2023-06-12,ICICIBANK,Banking,1017.47,1032.6,1006.84,1021.87,4189603,0.158,2023-06,2023,Jun,2023-06-01
2023-06-13,ICICIBANK,Banking,1023.76,1028.88,1017.57,1022.03,5719874,0.016,2023-06,2023,Jun,2023-06-01
2023-06-14,ICICIBANK,Banking,1015.71,1023.58,1005.78,1021.64,5518595,-0.038,2023-06,2023,Jun,2023-06-01
2023-06-15,ICICIBANK,Banking,1025.26,1037.02,1014.99,1021.96,6528411,0.031,2023-06,2023,Jun,2023-06-01
2023-06-16,ICICIBANK,Banking,1024.82,1031.03,1010.07,1022.84,6153753,0.086,2023-06,2023,Jun,2023-06-01
2023-06-19,ICICIBANK,Banking,1022.26,1037.02,1010.73,1023.89,1058776,0.103,2023-06,2023,Jun,2023-06-01
2023-06-20,ICICIBANK,Banking,1024.41,1037.9,1014.69,1024.67,5256821,0.076,2023-06,2023,Jun,2023-06-01
2023-06-21,ICICIBANK,Banking,1019.96,1033.8,1014.55,1024.84,7822950,0.017,2023-06,2023,Jun,2023-06-01
2023-06-22,ICICIBANK,Banking,1029.75,1040.17,1016.47,1026.67,4831961,0.179,2023-06,2023,Jun,2023-06-01
2023-06-23,ICICIBANK,Banking,1026.7,1038.67,1016.86,1025.93,4614317,-0.072,2023-06,2023,Jun,2023-06-01
2023-06-26,ICICIBANK,Banking,1031.13,1040.38,1014.12,1030.05,5167717,0.402,2023-06,2023,Jun,2023-06-01
2023-06-27,ICICIBANK,Banking,1033.6,1050.05,1014.81,1031.52,4831979,0.143,2023-06,2023,Jun,2023-06-01
2023-06-28,ICICIBANK,Banking,1027.42,1032.43,1013.13,1030.07,3694082,-0.141,2023-06,2023,Jun,2023-06-01
2023-06-29,ICICIBANK,Banking,1024.38,1048.84,1017.79,1030.64,7956441,0.055,2023-06,2023,Jun,2023-06-01
2023-06-30,ICICIBANK,Banking,1036.07,1037.69,1030.42,1032.12,1310286,0.144,2023-06,2023,Jun,2023-06-01
2023-07-03,ICICIBANK,Banking,1034.7,1039.39,1014.59,1031.85,6662643,-0.026,2023-07,2023,Jul,2023-07-01
2023-07-04,ICICIBANK,Banking,1027.61,1043.24,1009.25,1029.81,1949828,-0.198,2023-07,2023,Jul,2023-07-01
2023-07-05,ICICIBANK,Banking,1030.16,1032.68,1025.23,1028.48,2286548,-0.129,2023-07,2023,Jul,2023-07-01
2023-07-06,ICICIBANK,Banking,1034.76,1040.41,1016.55,1029.58,5168269,0.107,2023-07,2023,Jul,2023-07-01
2023-07-07,ICICIBANK,Banking,1031.82,1035.55,1018.69,1027.14,5393146,-0.237,2023-07,2023,Jul,2023-07-01
2023-07-10,ICICIBANK,Banking,1022.85,1038.8,1019.24,1025.17,7475652,-0.192,2023-07,2023,Jul,2023-07-01
2023-07-11,ICICIBANK,Banking,1020.13,1037.37,1001.81,1026.25,2919156,0.105,2023-07,2023,Jul,2023-07-01
2023-07-12,ICICIBANK,Banking,1020.75,1028.31,1003.53,1026.16,985331,-0.009,2023-07,2023,Jul,2023-07-01
2023-07-13,ICICIBANK,Banking,1024.05,1034.38,1005.92,1025.33,2636332,-0.081,2023-07,2023,Jul,2023-07-01
2023-07-14,ICICIBANK,Banking,1030.81,1035.5,1021.29,1024.82,4717053,-0.05,2023-07,2023,Jul,2023-07-01
2023-07-17,ICICIBANK,Banking,1019.82,1040.65,1010.27,1022.8,3373028,-0.197,2023-07,2023,Jul,2023-07-01
2023-07-18,ICICIBANK,Banking,1021.34,1026.69,1004.77,1023.78,2614842,0.096,2023-07,2023,Jul,2023-07-01
2023-07-19,ICICIBANK,Banking,1020.26,1034.2,1007.53,1022.78,7381630,-0.098,2023-07,2023,Jul,2023-07-01
2023-07-20,ICICIBANK,Banking,1020.02,1031.59,1011.46,1022.19,4844527,-0.058,2023-07,2023,Jul,2023-07-01
2023-07-21,ICICIBANK,Banking,1022.91,1034.03,1012.9,1022.96,5638554,0.075,2023-07,2023,Jul,2023-07-01
2023-07-24,ICICIBANK,Banking,1017.56,1040.45,1015.87,1022.79,6197532,-0.017,2023-07,2023,Jul,2023-07-01
2023-07-25,ICICIBANK,Banking,1026.37,1033.35,1010.29,1021.94,3746004,-0.083,2023-07,2023,Jul,2023-07-01
2023-07-26,ICICIBANK,Banking,1018.53,1033.11,1002.62,1019.12,6095262,-0.276,2023-07,2023,Jul,2023-07-01
2023-07-27,ICICIBANK,Banking,1030.01,1038.88,1018.83,1019.9,7739024,0.077,2023-07,2023,Jul,2023-07-01
2023-07-28,ICICIBANK,Banking,1015.45,1032.72,1011.67,1020.24,6019177,0.033,2023-07,2023,Jul,2023-07-01
2023-07-31,ICICIBANK,Banking,1026.15,1033.56,1009.67,1019.67,2937335,-0.056,2023-07,2023,Jul,2023-07-01
2023-08-01,ICICIBANK,Banking,1023.96,1028.94,1007.57,1018.3,6408248,-0.134,2023-08,2023,Aug,2023-08-01
2023-08-02,ICICIBANK,Banking,1016.85,1021.0,1009.9,1018.53,2500001,0.023,2023-08,2023,Aug,2023-08-01
2023-08-03,ICICIBANK,Banking,1017.87,1022.26,1016.36,1019.48,1322796,0.093,2023-08,2023,Aug,2023-08-01
2023-08-04,ICICIBANK,Banking,1016.08,1037.49,1002.22,1019.84,3997695,0.035,2023-08,2023,Aug,2023-08-01
2023-08-07,ICICIBANK,Banking,1018.84,1037.29,1013.61,1022.56,4468960,0.267,2023-08,2023,Aug,2023-08-01
2023-08-08,ICICIBANK,Banking,1023.85,1029.14,1011.6,1023.85,4182496,0.126,2023-08,2023,Aug,2023-08-01
2023-08-09,ICICIBANK,Banking,1023.98,1034.21,1013.14,1023.89,2684805,0.004,2023-08,2023,Aug,2023-08-01
2023-08-10,ICICIBANK,Banking,1018.66,1038.71,1010.18,1025.24,2765145,0.132,2023-08,2023,Aug,2023-08-01
2023-08-11,ICICIBANK,Banking,1034.93,1042.16,1014.2,1025.52,7433148,0.027,2023-08,2023,Aug,2023-08-01
2023-08-14,ICICIBANK,Banking,1024.73,1034.49,1011.6,1025.79,2899176,0.026,2023-08,2023,Aug,2023-08-01
2023-08-15,ICICIBANK,Banking,1028.27,1041.85,1016.97,1028.0,6436730,0.215,2023-08,2023,Aug,2023-08-01
2023-08-16,ICICIBANK,Banking,1024.25,1031.82,1013.51,1026.82,2654693,-0.115,2023-08,2023,Aug,2023-08-01
2023-08-17,ICICIBANK,Banking,1025.96,1037.28,1017.33,1027.06,1574322,0.023,2023-08,2023,Aug,2023-08-01
2023-08-18,ICICIBANK,Banking,1027.63,1033.81,1019.09,1029.1,1255177,0.199,2023-08,2023,Aug,2023-08-01
2023-08-21,ICICIBANK,Banking,1029.77,1030.87,1020.15,1029.78,2551372,0.066,2023-08,2023,Aug,2023-08-01
2023-08-22,ICICIBANK,Banking,1029.36,1042.53,1020.42,1029.42,6857325,-0.035,2023-08,2023,Aug,2023-08-01
2023-08-23,ICICIBANK,Banking,1030.3,1043.72,1018.3,1026.99,4077585,-0.236,2023-08,2023,Aug,2023-08-01
2023-08-24,ICICIBANK,Banking,1024.64,1043.01,1019.02,1023.71,5804218,-0.319,2023-08,2023,Aug,2023-08-01
2023-08-25,ICICIBANK,Banking,1030.0,1034.2,1013.42,1027.11,7732942,0.332,2023-08,2023,Aug,2023-08-01
2023-08-28,ICICIBANK,Banking,1027.75,1041.74,1024.4,1027.79,1146353,0.066,2023-08,2023,Aug,2023-08-01
2023-08-29,ICICIBANK,Banking,1028.05,1045.64,1010.2,1027.1,1589646,-0.067,2023-08,2023,Aug,2023-08-01
2023-08-30,ICICIBANK,Banking,1026.85,1040.14,1014.92,1027.84,7424765,0.072,2023-08,2023,Aug,2023-08-01
2023-08-31,ICICIBANK,Banking,1030.71,1048.62,1024.71,1026.59,4889401,-0.122,2023-08,2023,Aug,2023-08-01
2023-09-01,ICICIBANK,Banking,1027.62,1046.02,1013.77,1026.29,5248863,-0.029,2023-09,2023,Sep,2023-09-01
2023-09-04,ICICIBANK,Banking,1024.41,1040.05,1017.09,1025.06,3257270,-0.12,2023-09,2023,Sep,2023-09-01
2023-09-05,ICICIBANK,Banking,1022.33,1041.5,1005.15,1023.1,6752943,-0.191,2023-09,2023,Sep,2023-09-01
2023-09-06,ICICIBANK,Banking,1019.64,1031.96,1002.4,1020.09,5453650,-0.294,2023-09,2023,Sep,2023-09-01
2023-09-07,ICICIBANK,Banking,1017.98,1027.6,1002.2,1017.86,2655552,-0.219,2023-09,2023,Sep,2023-09-01
2023-09-08,ICICIBANK,Banking,1019.41,1036.56,1008.55,1019.64,5470688,0.175,2023-09,2023,Sep,2023-09-01
2023-09-11,ICICIBANK,Banking,1016.07,1033.75,999.18,1018.35,827931,-0.127,2023-09,2023,Sep,2023-09-01
2023-09-12,ICICIBANK,Banking,1022.5,1025.44,1007.1,1019.38,2532258,0.101,2023-09,2023,Sep,2023-09-01
2023-09-13,ICICIBANK,Banking,1024.45,1030.75,1004.86,1021.07,2268271,0.166,2023-09,2023,Sep,2023-09-01
2023-09-14,ICICIBANK,Banking,1028.61,1034.19,1017.52,1021.32,6457827,0.024,2023-09,2023,Sep,2023-09-01
2023-09-15,ICICIBANK,Banking,1018.62,1036.95,1001.95,1021.09,6092989,-0.023,2023-09,2023,Sep,2023-09-01
2023-09-18,ICICIBANK,Banking,1024.24,1029.33,1009.01,1021.52,1457089,0.042,2023-09,2023,Sep,2023-09-01
2023-09-19,ICICIBANK,Banking,1013.32,1027.41,1007.08,1021.11,7326478,-0.04,2023-09,2023,Sep,2023-09-01
2023-09-20,ICICIBANK,Banking,1026.59,1036.67,1004.81,1023.19,6690599,0.204,2023-09,2023,Sep,2023-09-01
2023-09-21,ICICIBANK,Banking,1020.33,1028.67,1007.4,1026.31,3930446,0.305,2023-09,2023,Sep,2023-09-01
2023-09-22,ICICIBANK,Banking,1024.74,1046.63,1007.89,1028.79,2326161,0.242,2023-09,2023,Sep,2023-09-01
2023-09-25,ICICIBANK,Banking,1027.08,1036.68,1024.59,1025.72,3825948,-0.298,2023-09,2023,Sep,2023-09-01
2023-09-26,ICICIBANK,Banking,1022.74,1029.64,1012.12,1025.29,5044970,-0.042,2023-09,2023,Sep,2023-09-01
2023-09-27,ICICIBANK,Banking,1022.44,1031.29,1009.03,1025.55,5336639,0.025,2023-09,2023,Sep,2023-09-01
2023-09-28,ICICIBANK,Banking,1024.52,1041.46,1023.26,1026.51,3300630,0.094,2023-09,2023,Sep,2023-09-01
2023-09-29,ICICIBANK,Banking,1027.1,1039.2,1009.81,1024.11,1531433,-0.234,2023-09,2023,Sep,2023-09-01
2023-10-02,ICICIBANK,Banking,1017.88,1030.78,1005.59,1021.69,5190414,-0.236,2023-10,2023,Oct,2023-10-01
2023-10-03,ICICIBANK,Banking,1023.74,1030.75,1017.93,1023.96,5877017,0.222,2023-10,2023,Oct,2023-10-01
2023-10-04,ICICIBANK,Banking,1021.81,1040.06,1008.83,1023.36,2725408,-0.059,2023-10,2023,Oct,2023-10-01
2023-10-05,ICICIBANK,Banking,1024.7,1039.18,1018.06,1021.35,5404516,-0.196,2023-10,2023,Oct,2023-10-01
2023-10-06,ICICIBANK,Banking,1023.39,1036.91,1004.63,1019.93,4896538,-0.139,2023-10,2023,Oct,2023-10-01
2023-10-09,ICICIBANK,Banking,1013.31,1029.57,997.38,1020.81,4409764,0.086,2023-10,2023,Oct,2023-10-01
2023-10-10,ICICIBANK,Banking,1024.09,1042.19,1010.39,1019.83,859027,-0.096,2023-10,2023,Oct,2023-10-01
2023-10-11,ICICIBANK,Banking,1017.98,1033.82,1008.18,1020.48,3012566,0.064,2023-10,2023,Oct,2023-10-01
2023-10-12,ICICIBANK,Banking,1020.23,1028.6,1011.28,1019.27,3496072,-0.119,2023-10,2023,Oct,2023-10-01
2023-10-13,ICICIBANK,Banking,1013.07,1034.51,1006.11,1016.89,6803718,-0.234,2023-10,2023,Oct,2023-10-01
2023-10-16,ICICIBANK,Banking,1020.87,1037.44,1003.21,1019.36,6750003,0.243,2023-10,2023,Oct,2023-10-01
2023-10-17,ICICIBANK,Banking,1030.68,1044.67,1013.96,1020.27,7091006,0.089,2023-10,2023,Oct,2023-10-01
2023-10-18,ICICIBANK,Banking,1020.58,1034.9,1012.05,1020.06,4133647,-0.021,2023-10,2023,Oct,2023-10-01
2023-10-19,ICICIBANK,Banking,1017.69,1027.93,1011.48,1019.57,3153837,-0.048,2023-10,2023,Oct,2023-10-01
2023-10-20,ICICIBANK,Banking,1021.17,1031.96,1008.75,1022.12,4394679,0.25,2023-10,2023,Oct,2023-10-01
2023-10-23,ICICIBANK,Banking,1017.33,1027.7,1002.23,1023.34,6500189,0.119,2023-10,2023,Oct,2023-10-01
2023-10-24,ICICIBANK,Banking,1031.37,1042.84,1021.53,1025.42,5275353,0.203,2023-10,2023,Oct,2023-10-01
2023-10-25,ICICIBANK,Banking,1026.13,1033.61,1019.39,1024.85,5128885,-0.056,2023-10,2023,Oct,2023-10-01
2023-10-26,ICICIBANK,Banking,1020.96,1032.34,1018.13,1025.26,3926309,0.04,2023-10,2023,Oct,2023-10-01
2023-10-27,ICICIBANK,Banking,1022.04,1043.78,1018.23,1026.21,5814628,0.093,2023-10,2023,Oct,2023-10-01
2023-10-30,ICICIBANK,Banking,1025.76,1029.66,1017.58,1025.7,7042952,-0.05,2023-10,2023,Oct,2023-10-01
2023-10-31,ICICIBANK,Banking,1029.72,1045.28,1011.34,1025.9,5609367,0.019,2023-10,2023,Oct,2023-10-01
2023-11-01,ICICIBANK,Banking,1020.62,1031.28,1010.2,1025.34,3703937,-0.055,2023-11,2023,Nov,2023-11-01
2023-11-02,ICICIBANK,Banking,1030.88,1032.41,1024.35,1026.31,6847656,0.095,2023-11,2023,Nov,2023-11-01
2023-11-03,ICICIBANK,Banking,1024.26,1026.36,1012.35,1024.63,7586377,-0.164,2023-11,2023,Nov,2023-11-01
2023-11-06,ICICIBANK,Banking,1022.05,1034.38,1007.21,1025.87,6535337,0.121,2023-11,2023,Nov,2023-11-01
2023-11-07,ICICIBANK,Banking,1024.79,1035.67,1016.91,1026.71,7113953,0.082,2023-11,2023,Nov,2023-11-01
2023-11-08,ICICIBANK,Banking,1033.95,1040.61,1021.46,1026.77,2711582,0.006,2023-11,2023,Nov,2023-11-01
2023-11-09,ICICIBANK,Banking,1022.13,1040.55,1007.83,1027.83,3831832,0.103,2023-11,2023,Nov,2023-11-01
2023-11-10,ICICIBANK,Banking,1024.64,1037.15,1023.2,1027.65,2595276,-0.018,2023-11,2023,Nov,2023-11-01
2023-11-13,ICICIBANK,Banking,1030.91,1033.24,1011.73,1027.0,3433766,-0.063,2023-11,2023,Nov,2023-11-01
2023-11-14,ICICIBANK,Banking,1029.11,1036.23,1013.14,1028.22,6081149,0.119,2023-11,2023,Nov,2023-11-01
2023-11-15,ICICIBANK,Banking,1026.26,1032.33,1009.74,1029.52,5671721,0.126,2023-11,2023,Nov,2023-11-01
2023-11-16,ICICIBANK,Banking,1033.1,1035.24,1026.54,1029.13,822968,-0.038,2023-11,2023,Nov,2023-11-01
2023-11-17,ICICIBANK,Banking,1032.78,1037.47,1025.7,1028.62,6238208,-0.05,2023-11,2023,Nov,2023-11-01
2023-11-20,ICICIBANK,Banking,1030.1,1043.4,1012.45,1028.74,2182986,0.012,2023-11,2023,Nov,2023-11-01
2023-11-21,ICICIBANK,Banking,1025.77,1041.49,1016.46,1028.29,2138203,-0.044,2023-11,2023,Nov,2023-11-01
2023-11-22,ICICIBANK,Banking,1029.17,1047.19,1021.28,1031.06,4714041,0.269,2023-11,2023,Nov,2023-11-01
2023-11-23,ICICIBANK,Banking,1033.14,1047.46,1020.88,1031.97,2535525,0.088,2023-11,2023,Nov,2023-11-01
2023-11-24,ICICIBANK,Banking,1027.0,1042.84,1024.95,1032.41,7733404,0.043,2023-11,2023,Nov,2023-11-01
2023-11-27,ICICIBANK,Banking,1036.87,1043.42,1019.08,1031.4,1853018,-0.098,2023-11,2023,Nov,2023-11-01
2023-11-28,ICICIBANK,Banking,1039.99,1041.14,1015.34,1032.97,1891836,0.152,2023-11,2023,Nov,2023-11-01
2023-11-29,ICICIBANK,Banking,1031.48,1044.85,1018.6,1032.46,6276981,-0.049,2023-11,2023,Nov,2023-11-01
2023-11-30,ICICIBANK,Banking,1033.35,1039.48,1022.7,1031.88,2863356,-0.056,2023-11,2023,Nov,2023-11-01
2023-12-01,ICICIBANK,Banking,1038.42,1043.88,1015.61,1033.52,5943693,0.159,2023-12,2023,Dec,2023-12-01
2023-12-04,ICICIBANK,Banking,1042.66,1060.98,1021.43,1034.57,5706674,0.102,2023-12,2023,Dec,2023-12-01
2023-12-05,ICICIBANK,Banking,1037.56,1041.67,1029.11,1031.14,2161187,-0.332,2023-12,2023,Dec,2023-12-01
2023-12-06,ICICIBANK,Banking,1024.19,1032.95,1011.5,1031.35,4975260,0.02,2023-12,2023,Dec,2023-12-01
2023-12-07,ICICIBANK,Banking,1030.7,1049.69,1028.62,1032.0,4665498,0.063,2023-12,2023,Dec,2023-12-01
2023-12-08,ICICIBANK,Banking,1034.0,1040.41,1025.51,1031.93,1481112,-0.007,2023-12,2023,Dec,2023-12-01
2023-12-11,ICICIBANK,Banking,1030.6,1040.58,1018.78,1032.64,6302523,0.069,2023-12,2023,Dec,2023-12-01
2023-12-12,ICICIBANK,Banking,1037.66,1040.12,1025.5,1030.31,6973282,-0.226,2023-12,2023,Dec,2023-12-01
2023-12-13,ICICIBANK,Banking,1033.1,1041.23,1024.72,1026.41,7618606,-0.379,2023-12,2023,Dec,2023-12-01
2023-12-14,ICICIBANK,Banking,1022.03,1043.35,1010.27,1025.38,1432875,-0.1,2023-12,2023,Dec,2023-12-01
2023-12-15,ICICIBANK,Banking,1025.62,1039.42,1019.61,1026.29,2085363,0.089,2023-12,2023,Dec,2023-12-01
2023-12-18,ICICIBANK,Banking,1018.74,1031.06,1008.49,1021.81,6740677,-0.437,2023-12,2023,Dec,2023-12-01
2023-12-19,ICICIBANK,Banking,1020.19,1027.35,1014.64,1020.99,2991174,-0.08,2023-12,2023,Dec,2023-12-01
2023-12-20,ICICIBANK,Banking,1017.61,1025.88,1004.72,1018.53,5303873,-0.241,2023-12,2023,Dec,2023-12-01
2023-12-21,ICICIBANK,Banking,1022.53,1034.17,1002.11,1018.64,3308046,0.011,2023-12,2023,Dec,2023-12-01
2023-12-22,ICICIBANK,Banking,1018.49,1027.56,1015.97,1022.12,2366583,0.342,2023-12,2023,Dec,2023-12-01
2023-12-25,ICICIBANK,Banking,1011.57,1025.94,997.04,1022.27,5299836,0.015,2023-12,2023,Dec,2023-12-01
2023-12-26,ICICIBANK,Banking,1016.03,1035.72,1012.32,1022.6,2279765,0.032,2023-12,2023,Dec,2023-12-01
2023-12-27,ICICIBANK,Banking,1020.16,1040.54,1013.43,1024.38,1782215,0.174,2023-12,2023,Dec,2023-12-01
2023-12-28,ICICIBANK,Banking,1022.22,1041.64,1014.98,1024.9,4619251,0.051,2023-12,2023,Dec,2023-12-01
2023-12-29,ICICIBANK,Banking,1025.84,1041.54,1020.45,1025.07,2192689,0.017,2023-12,2023,Dec,2023-12-01
2024-01-01,ICICIBANK,Banking,1022.56,1037.29,1020.23,1027.0,2184206,0.188,2024-01,2024,Jan,2024-01-01
2024-01-02,ICICIBANK,Banking,1023.24,1043.04,1008.85,1028.23,6419145,0.12,2024-01,2024,Jan,2024-01-01
2024-01-03,ICICIBANK,Banking,1025.35,1046.41,1010.49,1029.18,4606892,0.092,2024-01,2024,Jan,2024-01-01
2024-01-04,ICICIBANK,Banking,1024.87,1030.91,1006.48,1029.47,4702786,0.028,2024-01,2024,Jan,2024-01-01
2024-01-05,ICICIBANK,Banking,1027.16,1037.68,1009.81,1029.44,1832568,-0.003,2024-01,2024,Jan,2024-01-01
2024-01-08,ICICIBANK,Banking,1028.9,1035.98,1020.27,1031.37,1954780,0.187,2024-01,2024,Jan,2024-01-01
2024-01-09,ICICIBANK,Banking,1034.2,1052.76,1027.99,1031.36,3613307,-0.001,2024-01,2024,Jan,2024-01-01
2024-01-10,ICICIBANK,Banking,1029.68,1051.15,1028.47,1033.78,3596715,0.235,2024-01,2024,Jan,2024-01-01
2024-01-11,ICICIBANK,Banking,1031.19,1047.78,1020.84,1032.67,4051724,-0.107,2024-01,2024,Jan,2024-01-01
2024-01-12,ICICIBANK,Banking,1033.15,1041.65,1017.0,1035.41,1768358,0.265,2024-01,2024,Jan,2024-01-01
2024-01-15,ICICIBANK,Banking,1040.01,1057.88,1030.9,1036.66,7268737,0.121,2024-01,2024,Jan,2024-01-01
2024-01-16,ICICIBANK,Banking,1035.03,1037.22,1030.49,1035.67,3411368,-0.095,2024-01,2024,Jan,2024-01-01
2024-01-17,ICICIBANK,Banking,1041.33,1045.7,1028.2,1036.98,6676819,0.126,2024-01,2024,Jan,2024-01-01
2024-01-18,ICICIBANK,Banking,1031.71,1048.39,1015.0,1036.48,3681434,-0.048,2024-01,2024,Jan,2024-01-01
2024-01-19,ICICIBANK,Banking,1036.85,1052.07,1027.85,1037.05,4199662,0.055,2024-01,2024,Jan,2024-01-01
2024-01-22,ICICIBANK,Banking,1034.43,1053.43,1020.68,1036.81,1607194,-0.023,2024-01,2024,Jan,2024-01-01
2024-01-23,ICICIBANK,Banking,1032.04,1043.46,1022.89,1037.13,5672100,0.031,2024-01,2024,Jan,2024-01-01
2024-01-24,ICICIBANK,Banking,1038.83,1047.05,1031.21,1039.11,1230800,0.191,2024-01,2024,Jan,2024-01-01
2024-01-25,ICICIBANK,Banking,1047.65,1056.8,1031.6,1040.44,6184704,0.128,2024-01,2024,Jan,2024-01-01
2024-01-26,ICICIBANK,Banking,1035.66,1040.72,1021.09,1039.2,7147533,-0.119,2024-01,2024,Jan,2024-01-01
2024-01-29,ICICIBANK,Banking,1037.53,1054.34,1023.18,1038.06,3403640,-0.11,2024-01,2024,Jan,2024-01-01
2024-01-30,ICICIBANK,Banking,1033.54,1046.0,1024.92,1039.0,7191066,0.091,2024-01,2024,Jan,2024-01-01
2024-01-31,ICICIBANK,Banking,1033.98,1044.61,1028.24,1040.05,5831334,0.101,2024-01,2024,Jan,2024-01-01
2024-02-01,ICICIBANK,Banking,1036.24,1047.78,1032.75,1039.51,818567,-0.052,2024-02,2024,Feb,2024-02-01
2024-02-02,ICICIBANK,Banking,1040.63,1056.15,1039.57,1042.51,2260858,0.289,2024-02,2024,Feb,2024-02-01
2024-02-05,ICICIBANK,Banking,1042.6,1060.8,1039.55,1044.3,5416669,0.172,2024-02,2024,Feb,2024-02-01
2024-02-06,ICICIBANK,Banking,1042.89,1048.7,1038.93,1043.83,5851923,-0.045,2024-02,2024,Feb,2024-02-01
2024-02-07,ICICIBANK,Banking,1036.34,1047.32,1023.15,1043.22,1474488,-0.058,2024-02,2024,Feb,2024-02-01
2024-02-08,ICICIBANK,Banking,1040.76,1061.15,1025.25,1043.37,5729371,0.014,2024-02,2024,Feb,2024-02-01
2024-02-09,ICICIBANK,Banking,1045.45,1056.29,1029.25,1043.36,6633019,-0.001,2024-02,2024,Feb,2024-02-01
2024-02-12,ICICIBANK,Banking,1040.15,1053.38,1026.33,1045.84,1461607,0.238,2024-02,2024,Feb,2024-02-01
2024-02-13,ICICIBANK,Banking,1046.4,1052.49,1027.67,1047.89,7132849,0.196,2024-02,2024,Feb,2024-02-01
2024-02-14,ICICIBANK,Banking,1049.68,1068.49,1030.24,1048.45,4638171,0.053,2024-02,2024,Feb,2024-02-01
2024-02-15,ICICIBANK,Banking,1046.74,1063.91,1040.9,1050.02,5239629,0.15,2024-02,2024,Feb,2024-02-01
2024-02-16,ICICIBANK,Banking,1053.26,1058.21,1048.17,1051.82,1164062,0.171,2024-02,2024,Feb,2024-02-01
2024-02-19,ICICIBANK,Banking,1046.01,1055.1,1042.24,1052.41,5214719,0.056,2024-02,2024,Feb,2024-02-01
2024-02-20,ICICIBANK,Banking,1057.29,1061.93,1036.45,1053.55,4072210,0.108,2024-02,2024,Feb,2024-02-01
2024-02-21,ICICIBANK,Banking,1056.53,1062.03,1052.09,1054.98,3474666,0.136,2024-02,2024,Feb,2024-02-01
2024-02-22,ICICIBANK,Banking,1056.49,1059.54,1049.09,1056.25,6418281,0.12,2024-02,2024,Feb,2024-02-01
2024-02-23,ICICIBANK,Banking,1060.26,1065.46,1044.94,1055.51,2596176,-0.07,2024-02,2024,Feb,2024-02-01
2024-02-26,ICICIBANK,Banking,1053.54,1058.07,1041.49,1054.92,1231978,-0.056,2024-02,2024,Feb,2024-02-01
2024-02-27,ICICIBANK,Banking,1052.35,1062.78,1040.64,1054.95,4394749,0.003,2024-02,2024,Feb,2024-02-01
2024-02-28,ICICIBANK,Banking,1060.11,1069.93,1039.17,1054.32,6154807,-0.06,2024-02,2024,Feb,2024-02-01
2024-02-29,ICICIBANK,Banking,1060.22,1069.48,1041.19,1052.47,1762764,-0.175,2024-02,2024,Feb,2024-02-01
2024-03-01,ICICIBANK,Banking,1051.09,1069.92,1034.83,1054.01,7889573,0.146,2024-03,2024,Mar,2024-03-01
2024-03-04,ICICIBANK,Banking,1054.55,1060.64,1051.98,1055.03,5640019,0.097,2024-03,2024,Mar,2024-03-01
2024-03-05,ICICIBANK,Banking,1057.79,1074.8,1036.95,1053.38,7525265,-0.156,2024-03,2024,Mar,2024-03-01
2024-03-06,ICICIBANK,Banking,1053.14,1070.78,1041.52,1053.47,4184625,0.009,2024-03,2024,Mar,2024-03-01
2024-03-07,ICICIBANK,Banking,1056.14,1074.43,1048.59,1053.64,1687001,0.016,2024-03,2024,Mar,2024-03-01
2024-03-08,ICICIBANK,Banking,1057.67,1061.99,1035.8,1054.38,2078730,0.07,2024-03,2024,Mar,2024-03-01
2024-03-11,ICICIBANK,Banking,1050.76,1058.58,1032.92,1053.13,4404658,-0.119,2024-03,2024,Mar,2024-03-01
2024-03-12,ICICIBANK,Banking,1053.2,1065.42,1035.27,1051.44,5035862,-0.16,2024-03,2024,Mar,2024-03-01
2024-03-13,ICICIBANK,Banking,1052.68,1056.28,1035.31,1052.7,6085798,0.12,2024-03,2024,Mar,2024-03-01
2024-03-14,ICICIBANK,Banking,1045.61,1053.3,1037.77,1050.72,6526360,-0.188,2024-03,2024,Mar,2024-03-01
2024-03-15,ICICIBANK,Banking,1046.63,1053.16,1041.53,1050.79,6291677,0.007,2024-03,2024,Mar,2024-03-01
2024-03-18,ICICIBANK,Banking,1047.97,1062.59,1043.66,1050.71,5039356,-0.008,2024-03,2024,Mar,2024-03-01
2024-03-19,ICICIBANK,Banking,1054.85,1070.34,1034.29,1050.95,929967,0.023,2024-03,2024,Mar,2024-03-01
2024-03-20,ICICIBANK,Banking,1055.82,1061.52,1035.94,1051.77,4613562,0.078,2024-03,2024,Mar,2024-03-01
2024-03-21,ICICIBANK,Banking,1057.88,1075.73,1036.07,1054.72,6699856,0.28,2024-03,2024,Mar,2024-03-01
2024-03-22,ICICIBANK,Banking,1054.46,1069.71,1036.38,1052.61,6903565,-0.2,2024-03,2024,Mar,2024-03-01
2024-03-25,ICICIBANK,Banking,1056.15,1058.59,1042.02,1054.4,6808069,0.17,2024-03,2024,Mar,2024-03-01
2024-03-26,ICICIBANK,Banking,1052.01,1060.35,1047.25,1050.85,877438,-0.337,2024-03,2024,Mar,2024-03-01
2024-03-27,ICICIBANK,Banking,1055.17,1057.44,1049.44,1053.45,3934254,0.247,2024-03,2024,Mar,2024-03-01
2024-03-28,ICICIBANK,Banking,1052.62,1070.05,1041.11,1050.62,5240582,-0.269,2024-03,2024,Mar,2024-03-01
2024-03-29,ICICIBANK,Banking,1048.94,1069.24,1034.2,1054.87,2582060,0.405,2024-03,2024,Mar,2024-03-01
2024-04-01,ICICIBANK,Banking,1051.31,1068.0,1047.16,1054.64,3749783,-0.022,2024-04,2024,Apr,2024-04-01
2024-04-02,ICICIBANK,Banking,1052.72,1070.4,1035.28,1057.07,1501023,0.23,2024-04,2024,Apr,2024-04-01
2024-04-03,ICICIBANK,Banking,1063.87,1070.09,1045.8,1059.18,2193676,0.2,2024-04,2024,Apr,2024-04-01
2024-04-04,ICICIBANK,Banking,1065.87,1083.85,1052.18,1058.86,841681,-0.03,2024-04,2024,Apr,2024-04-01
2024-04-05,ICICIBANK,Banking,1049.48,1076.33,1032.63,1058.66,7852960,-0.019,2024-04,2024,Apr,2024-04-01
2024-04-08,ICICIBANK,Banking,1064.33,1078.77,1045.88,1057.71,6989910,-0.09,2024-04,2024,Apr,2024-04-01
2024-04-09,ICICIBANK,Banking,1059.69,1069.2,1045.06,1059.32,3707459,0.152,2024-04,2024,Apr,2024-04-01
2024-04-10,ICICIBANK,Banking,1063.3,1065.21,1051.01,1059.01,831162,-0.029,2024-04,2024,Apr,2024-04-01
2024-04-11,ICICIBANK,Banking,1060.21,1061.78,1049.93,1058.07,3213892,-0.089,2024-04,2024,Apr,2024-04-01
2024-04-12,ICICIBANK,Banking,1065.37,1068.94,1057.98,1059.27,3925266,0.113,2024-04,2024,Apr,2024-04-01
2024-04-15,ICICIBANK,Banking,1059.08,1070.87,1047.46,1058.19,2016860,-0.102,2024-04,2024,Apr,2024-04-01
2024-04-16,ICICIBANK,Banking,1052.24,1073.43,1037.58,1058.01,5564129,-0.017,2024-04,2024,Apr,2024-04-01
2024-04-17,ICICIBANK,Banking,1058.07,1076.65,1039.59,1058.52,7983914,0.048,2024-04,2024,Apr,2024-04-01
2024-04-18,ICICIBANK,Banking,1060.02,1064.24,1040.73,1057.84,6876182,-0.064,2024-04,2024,Apr,2024-04-01
2024-04-19,ICICIBANK,Banking,1056.47,1063.4,1053.85,1057.39,6963569,-0.043,2024-04,2024,Apr,2024-04-01
2024-04-22,ICICIBANK,Banking,1062.94,1064.98,1041.42,1060.15,6782733,0.261,2024-04,2024,Apr,2024-04-01
2024-04-23,ICICIBANK,Banking,1059.87,1079.03,1056.11,1060.14,1303801,-0.001,2024-04,2024,Apr,2024-04-01
2024-04-24,ICICIBANK,Banking,1057.37,1075.02,1055.57,1059.89,4770710,-0.024,2024-04,2024,Apr,2024-04-01
2024-04-25,ICICIBANK,Banking,1055.32,1069.65,1040.83,1059.92,4873427,0.003,2024-04,2024,Apr,2024-04-01
2024-04-26,ICICIBANK,Banking,1059.29,1072.4,1041.92,1060.96,1526665,0.098,2024-04,2024,Apr,2024-04-01
2024-04-29,ICICIBANK,Banking,1060.48,1071.68,1041.45,1059.62,1861288,-0.126,2024-04,2024,Apr,2024-04-01
2024-04-30,ICICIBANK,Banking,1052.28,1066.24,1036.47,1060.6,4869518,0.092,2024-04,2024,Apr,2024-04-01
2024-05-01,ICICIBANK,Banking,1057.99,1065.71,1053.24,1061.3,5953626,0.066,2024-05,2024,May,2024-05-01
2024-05-02,ICICIBANK,Banking,1050.29,1065.15,1046.49,1058.75,2305569,-0.24,2024-05,2024,May,2024-05-01
2024-05-03,ICICIBANK,Banking,1059.27,1067.41,1057.15,1061.89,4285400,0.297,2024-05,2024,May,2024-05-01
2024-05-06,ICICIBANK,Banking,1069.6,1080.81,1052.91,1064.5,1341478,0.246,2024-05,2024,May,2024-05-01
2024-05-07,ICICIBANK,Banking,1058.46,1070.14,1048.64,1063.51,1594800,-0.093,2024-05,2024,May,2024-05-01
2024-05-08,ICICIBANK,Banking,1064.98,1079.25,1058.96,1062.0,4977620,-0.142,2024-05,2024,May,2024-05-01
2024-05-09,ICICIBANK,Banking,1074.74,1086.19,1053.17,1062.63,4810680,0.059,2024-05,2024,May,2024-05-01
2024-05-10,ICICIBANK,Banking,1066.8,1077.52,1049.34,1060.63,6200617,-0.188,2024-05,2024,May,2024-05-01
2024-05-13,ICICIBANK,Banking,1063.64,1081.91,1048.95,1063.07,7356864,0.23,2024-05,2024,May,2024-05-01
2024-05-14,ICICIBANK,Banking,1066.24,1073.15,1054.05,1062.59,2167993,-0.045,2024-05,2024,May,2024-05-01
2024-05-15,ICICIBANK,Banking,1059.6,1078.01,1052.81,1065.44,3256601,0.268,2024-05,2024,May,2024-05-01
2024-05-16,ICICIBANK,Banking,1057.68,1065.45,1044.65,1064.38,6962297,-0.099,2024-05,2024,May,2024-05-01
2024-05-17,ICICIBANK,Banking,1064.58,1078.98,1051.01,1064.46,1165800,0.008,2024-05,2024,May,2024-05-01
2024-05-20,ICICIBANK,Banking,1068.43,1078.63,1060.76,1066.73,6763621,0.213,2024-05,2024,May,2024-05-01
2024-05-21,ICICIBANK,Banking,1071.13,1076.0,1065.04,1066.47,7605491,-0.024,2024-05,2024,May,2024-05-01
2024-05-22,ICICIBANK,Banking,1064.72,1068.24,1046.54,1067.15,1519609,0.064,2024-05,2024,May,2024-05-01
2024-05-23,ICICIBANK,Banking,1069.97,1083.9,1054.34,1069.14,1820954,0.186,2024-05,2024,May,2024-05-01
2024-05-24,ICICIBANK,Banking,1069.17,1082.29,1063.77,1068.49,5726687,-0.061,2024-05,2024,May,2024-05-01
2024-05-27,ICICIBANK,Banking,1066.15,1079.84,1054.83,1066.71,4220374,-0.167,2024-05,2024,May,2024-05-01
2024-05-28,ICICIBANK,Banking,1064.3,1073.6,1052.48,1064.61,7910663,-0.197,2024-05,2024,May,2024-05-01
2024-05-29,ICICIBANK,Banking,1062.14,1078.43,1058.8,1065.78,4721675,0.11,2024-05,2024,May,2024-05-01
2024-05-30,ICICIBANK,Banking,1067.83,1079.26,1062.09,1066.63,5516735,0.08,2024-05,2024,May,2024-05-01
2024-05-31,ICICIBANK,Banking,1069.4,1074.81,1050.11,1068.56,2507029,0.181,2024-05,2024,May,2024-05-01
2024-06-03,ICICIBANK,Banking,1066.47,1078.84,1056.19,1068.35,3136310,-0.02,2024-06,2024,Jun,2024-06-01
2024-06-04,ICICIBANK,Banking,1069.13,1079.55,1061.75,1066.29,2077409,-0.193,2024-06,2024,Jun,2024-06-01
2024-06-05,ICICIBANK,Banking,1067.12,1083.13,1047.28,1062.75,1857470,-0.332,2024-06,2024,Jun,2024-06-01
2024-06-06,ICICIBANK,Banking,1070.45,1079.41,1057.95,1067.56,1614599,0.453,2024-06,2024,Jun,2024-06-01
2024-06-07,ICICIBANK,Banking,1064.17,1077.61,1051.55,1068.62,7227885,0.099,2024-06,2024,Jun,2024-06-01
2024-06-10,ICICIBANK,Banking,1069.49,1088.46,1062.59,1069.06,1303678,0.041,2024-06,2024,Jun,2024-06-01
2024-06-11,ICICIBANK,Banking,1065.83,1087.06,1063.71,1069.73,4518553,0.063,2024-06,2024,Jun,2024-06-01
2024-06-12,ICICIBANK,Banking,1068.06,1073.53,1063.59,1067.65,4458511,-0.194,2024-06,2024,Jun,2024-06-01
2024-06-13,ICICIBANK,Banking,1062.72,1084.17,1044.08,1066.6,1202505,-0.098,2024-06,2024,Jun,2024-06-01
2024-06-14,ICICIBANK,Banking,1075.07,1078.66,1057.2,1069.6,6862549,0.281,2024-06,2024,Jun,2024-06-01
2024-06-17,ICICIBANK,Banking,1074.23,1090.89,1054.68,1070.88,4404998,0.12,2024-06,2024,Jun,2024-06-01
2024-06-18,ICICIBANK,Banking,1074.8,1079.22,1068.4,1069.87,1712663,-0.094,2024-06,2024,Jun,2024-06-01
2024-06-19,ICICIBANK,Banking,1072.61,1081.44,1053.15,1068.11,1726707,-0.165,2024-06,2024,Jun,2024-06-01
2024-06-20,ICICIBANK,Banking,1066.34,1086.42,1056.49,1067.5,5844457,-0.057,2024-06,2024,Jun,2024-06-01
2024-06-21,ICICIBANK,Banking,1065.39,1070.04,1052.28,1067.21,5261737,-0.027,2024-06,2024,Jun,2024-06-01
2024-06-24,ICICIBANK,Banking,1078.17,1094.64,1063.12,1070.71,3770869,0.328,2024-06,2024,Jun,2024-06-01
2024-06-25,ICICIBANK,Banking,1069.91,1080.7,1057.55,1070.62,3717125,-0.008,2024-06,2024,Jun,2024-06-01
2024-06-26,ICICIBANK,Banking,1063.13,1072.01,1061.43,1068.93,1053614,-0.158,2024-06,2024,Jun,2024-06-01
2024-06-27,ICICIBANK,Banking,1073.35,1091.81,1067.15,1069.05,1029338,0.011,2024-06,2024,Jun,2024-06-01
2024-06-28,ICICIBANK,Banking,1070.3,1081.36,1054.09,1069.69,4659000,0.06,2024-06,2024,Jun,2024-06-01
2024-07-01,ICICIBANK,Banking,1074.28,1091.44,1064.52,1067.85,3418330,-0.172,2024-07,2024,Jul,2024-07-01
2024-07-02,ICICIBANK,Banking,1069.75,1086.62,1067.39,1068.71,2614459,0.081,2024-07,2024,Jul,2024-07-01
2024-07-03,ICICIBANK,Banking,1070.78,1072.2,1053.1,1070.87,3529515,0.202,2024-07,2024,Jul,2024-07-01
2024-07-04,ICICIBANK,Banking,1077.85,1083.78,1065.4,1071.31,5157829,0.041,2024-07,2024,Jul,2024-07-01
2024-07-05,ICICIBANK,Banking,1063.66,1077.45,1052.07,1070.25,2911077,-0.099,2024-07,2024,Jul,2024-07-01
2024-07-08,ICICIBANK,Banking,1067.11,1080.41,1050.83,1069.62,3315125,-0.059,2024-07,2024,Jul,2024-07-01
2024-07-09,ICICIBANK,Banking,1063.39,1069.55,1048.85,1067.18,2836108,-0.228,2024-07,2024,Jul,2024-07-01
2024-07-10,ICICIBANK,Banking,1057.82,1075.31,1055.92,1067.19,5598456,0.001,2024-07,2024,Jul,2024-07-01
2024-07-11,ICICIBANK,Banking,1071.64,1087.56,1056.66,1067.91,1194474,0.067,2024-07,2024,Jul,2024-07-01
2024-07-12,ICICIBANK,Banking,1064.33,1070.91,1053.46,1066.7,7413224,-0.113,2024-07,2024,Jul,2024-07-01
2024-07-15,ICICIBANK,Banking,1073.92,1087.79,1062.6,1070.04,4792465,0.313,2024-07,2024,Jul,2024-07-01
2024-07-16,ICICIBANK,Banking,1073.21,1082.68,1056.75,1071.54,2560720,0.14,2024-07,2024,Jul,2024-07-01
2024-07-17,ICICIBANK,Banking,1071.49,1073.85,1050.31,1068.9,6268135,-0.246,2024-07,2024,Jul,2024-07-01
2024-07-18,ICICIBANK,Banking,1064.35,1070.58,1060.63,1066.3,7566851,-0.243,2024-07,2024,Jul,2024-07-01
2024-07-19,ICICIBANK,Banking,1061.7,1068.58,1058.02,1064.96,1219112,-0.126,2024-07,2024,Jul,2024-07-01
2024-07-22,ICICIBANK,Banking,1068.1,1080.42,1053.31,1067.71,2271023,0.258,2024-07,2024,Jul,2024-07-01
2024-07-23,ICICIBANK,Banking,1073.32,1075.98,1060.05,1069.38,1836197,0.156,2024-07,2024,Jul,2024-07-01
2024-07-24,ICICIBANK,Banking,1072.02,1088.31,1056.46,1072.24,1309003,0.267,2024-07,2024,Jul,2024-07-01
2024-07-25,ICICIBANK,Banking,1069.49,1088.28,1065.86,1072.5,6118718,0.024,2024-07,2024,Jul,2024-07-01
2024-07-26,ICICIBANK,Banking,1067.27,1074.95,1065.48,1072.42,2187447,-0.007,2024-07,2024,Jul,2024-07-01
2024-07-29,ICICIBANK,Banking,1071.54,1088.79,1056.89,1070.67,3561483,-0.163,2024-07,2024,Jul,2024-07-01
2024-07-30,ICICIBANK,Banking,1069.11,1090.03,1049.96,1071.48,6667400,0.076,2024-07,2024,Jul,2024-07-01
2024-07-31,ICICIBANK,Banking,1071.12,1073.29,1068.32,1071.43,5204689,-0.005,2024-07,2024,Jul,2024-07-01
2024-08-01,ICICIBANK,Banking,1070.29,1089.7,1053.5,1071.32,5678404,-0.01,2024-08,2024,Aug,2024-08-01
2024-08-02,ICICIBANK,Banking,1072.28,1080.36,1064.18,1074.19,1503433,0.268,2024-08,2024,Aug,2024-08-01
2024-08-05,ICICIBANK,Banking,1075.52,1088.75,1072.87,1074.25,7790005,0.006,2024-08,2024,Aug,2024-08-01
2024-08-06,ICICIBANK,Banking,1079.06,1083.35,1066.26,1076.68,1395568,0.226,2024-08,2024,Aug,2024-08-01
2024-08-07,ICICIBANK,Banking,1082.84,1098.97,1068.23,1074.39,5910756,-0.213,2024-08,2024,Aug,2024-08-01
2024-08-08,ICICIBANK,Banking,1082.29,1098.86,1065.22,1079.02,5404050,0.431,2024-08,2024,Aug,2024-08-01
2024-08-09,ICICIBANK,Banking,1085.58,1104.72,1072.34,1078.7,3770945,-0.03,2024-08,2024,Aug,2024-08-01
2024-08-12,ICICIBANK,Banking,1076.6,1099.44,1066.71,1080.14,6834504,0.133,2024-08,2024,Aug,2024-08-01
2024-08-13,ICICIBANK,Banking,1074.91,1084.31,1070.17,1081.84,7225503,0.157,2024-08,2024,Aug,2024-08-01
2024-08-14,ICICIBANK,Banking,1081.27,1094.5,1064.96,1081.33,1305987,-0.047,2024-08,2024,Aug,2024-08-01
2024-08-15,ICICIBANK,Banking,1086.68,1092.81,1064.84,1082.96,7698525,0.151,2024-08,2024,Aug,2024-08-01
2024-08-16,ICICIBANK,Banking,1087.73,1091.14,1076.16,1084.69,2536065,0.16,2024-08,2024,Aug,2024-08-01
2024-08-19,ICICIBANK,Banking,1089.09,1092.93,1074.48,1083.84,6499915,-0.078,2024-08,2024,Aug,2024-08-01
2024-08-20,ICICIBANK,Banking,1072.03,1101.34,1053.05,1083.02,6709355,-0.076,2024-08,2024,Aug,2024-08-01
2024-08-21,ICICIBANK,Banking,1088.84,1102.58,1079.71,1083.41,4807805,0.036,2024-08,2024,Aug,2024-08-01
2024-08-22,ICICIBANK,Banking,1085.0,1087.02,1067.57,1083.55,7015619,0.013,2024-08,2024,Aug,2024-08-01
2024-08-23,ICICIBANK,Banking,1079.44,1105.4,1067.95,1086.14,6745513,0.239,2024-08,2024,Aug,2024-08-01
2024-08-26,ICICIBANK,Banking,1090.77,1106.84,1070.25,1087.63,4562944,0.137,2024-08,2024,Aug,2024-08-01
2024-08-27,ICICIBANK,Banking,1088.59,1095.4,1081.35,1087.85,2089121,0.02,2024-08,2024,Aug,2024-08-01
2024-08-28,ICICIBANK,Banking,1090.85,1100.67,1082.61,1089.19,3928867,0.123,2024-08,2024,Aug,2024-08-01
2024-08-29,ICICIBANK,Banking,1090.54,1105.1,1079.09,1086.19,7282520,-0.275,2024-08,2024,Aug,2024-08-01
2024-08-30,ICICIBANK,Banking,1087.41,1101.0,1084.15,1085.55,2259505,-0.059,2024-08,2024,Aug,2024-08-01
2024-09-02,ICICIBANK,Banking,1079.97,1096.01,1075.77,1086.37,7996824,0.076,2024-09,2024,Sep,2024-09-01
2024-09-03,ICICIBANK,Banking,1087.93,1099.13,1068.45,1088.55,2108274,0.201,2024-09,2024,Sep,2024-09-01
2024-09-04,ICICIBANK,Banking,1082.2,1091.14,1076.54,1089.25,5589009,0.064,2024-09,2024,Sep,2024-09-01
2024-09-05,ICICIBANK,Banking,1094.84,1105.26,1090.55,1092.01,5415099,0.253,2024-09,2024,Sep,2024-09-01
2024-09-06,ICICIBANK,Banking,1099.93,1107.39,1087.54,1093.81,2210401,0.165,2024-09,2024,Sep,2024-09-01
2024-09-09,ICICIBANK,Banking,1087.96,1099.78,1079.32,1093.39,4200609,-0.038,2024-09,2024,Sep,2024-09-01
2024-09-10,ICICIBANK,Banking,1090.61,1099.66,1079.37,1093.55,1839943,0.015,2024-09,2024,Sep,2024-09-01
2024-09-11,ICICIBANK,Banking,1090.75,1107.78,1088.39,1094.61,3426345,0.097,2024-09,2024,Sep,2024-09-01
2024-09-12,ICICIBANK,Banking,1092.29,1103.35,1076.52,1094.28,7707783,-0.03,2024-09,2024,Sep,2024-09-01
2024-09-13,ICICIBANK,Banking,1099.01,1108.06,1080.7,1097.2,1190874,0.267,2024-09,2024,Sep,2024-09-01
2024-09-16,ICICIBANK,Banking,1093.84,1099.84,1088.78,1095.78,7073740,-0.129,2024-09,2024,Sep,2024-09-01
2024-09-17,ICICIBANK,Banking,1099.57,1118.65,1080.73,1096.71,5678091,0.085,2024-09,2024,Sep,2024-09-01
2024-09-18,ICICIBANK,Banking,1103.02,1108.32,1090.49,1098.34,6190487,0.149,2024-09,2024,Sep,2024-09-01
2024-09-19,ICICIBANK,Banking,1103.09,1111.81,1089.25,1098.25,2831272,-0.008,2024-09,2024,Sep,2024-09-01
2024-09-20,ICICIBANK,Banking,1092.88,1102.43,1074.39,1097.79,7633658,-0.042,2024-09,2024,Sep,2024-09-01
2024-09-23,ICICIBANK,Banking,1104.18,1118.48,1080.34,1098.09,2624530,0.027,2024-09,2024,Sep,2024-09-01
2024-09-24,ICICIBANK,Banking,1106.32,1115.63,1091.75,1099.87,4424507,0.162,2024-09,2024,Sep,2024-09-01
2024-09-25,ICICIBANK,Banking,1106.31,1115.2,1089.26,1099.48,1064898,-0.035,2024-09,2024,Sep,2024-09-01
2024-09-26,ICICIBANK,Banking,1097.47,1115.6,1091.03,1098.17,7191774,-0.119,2024-09,2024,Sep,2024-09-01
2024-09-27,ICICIBANK,Banking,1097.2,1115.82,1086.49,1100.51,5872689,0.213,2024-09,2024,Sep,2024-09-01
2024-09-30,ICICIBANK,Banking,1097.29,1112.47,1083.47,1101.63,1972306,0.102,2024-09,2024,Sep,2024-09-01
2024-10-01,ICICIBANK,Banking,1098.89,1113.65,1096.06,1103.76,5567125,0.193,2024-10,2024,Oct,2024-10-01
2024-10-02,ICICIBANK,Banking,1105.53,1124.68,1087.09,1105.48,2116229,0.156,2024-10,2024,Oct,2024-10-01
2024-10-03,ICICIBANK,Banking,1113.33,1132.55,1094.9,1109.57,3999748,0.37,2024-10,2024,Oct,2024-10-01
2024-10-04,ICICIBANK,Banking,1117.71,1132.22,1108.96,1111.9,4488869,0.21,2024-10,2024,Oct,2024-10-01
2024-10-07,ICICIBANK,Banking,1109.02,1126.65,1091.52,1111.18,7505243,-0.065,2024-10,2024,Oct,2024-10-01
2024-10-08,ICICIBANK,Banking,1112.27,1130.56,1097.1,1112.44,3194069,0.113,2024-10,2024,Oct,2024-10-01
2024-10-09,ICICIBANK,Banking,1111.54,1131.34,1104.51,1112.0,892260,-0.04,2024-10,2024,Oct,2024-10-01
2024-10-10,ICICIBANK,Banking,1108.91,1114.4,1097.97,1111.74,3914138,-0.023,2024-10,2024,Oct,2024-10-01
2024-10-11,ICICIBANK,Banking,1113.14,1133.13,1092.54,1109.88,7471165,-0.167,2024-10,2024,Oct,2024-10-01
2024-10-14,ICICIBANK,Banking,1111.51,1125.91,1090.52,1109.9,6547018,0.002,2024-10,2024,Oct,2024-10-01
2024-10-15,ICICIBANK,Banking,1111.94,1124.26,1104.89,1111.31,1225325,0.127,2024-10,2024,Oct,2024-10-01
2024-10-16,ICICIBANK,Banking,1113.3,1122.23,1098.3,1111.7,1184533,0.035,2024-10,2024,Oct,2024-10-01
2024-10-17,ICICIBANK,Banking,1113.12,1120.59,1093.03,1110.38,6249178,-0.119,2024-10,2024,Oct,2024-10-01
2024-10-18,ICICIBANK,Banking,1111.04,1127.34,1088.63,1108.36,5990075,-0.182,2024-10,2024,Oct,2024-10-01
2024-10-21,ICICIBANK,Banking,1108.66,1125.88,1106.22,1112.39,4811909,0.364,2024-10,2024,Oct,2024-10-01
2024-10-22,ICICIBANK,Banking,1117.45,1122.38,1102.81,1113.45,1435250,0.095,2024-10,2024,Oct,2024-10-01
2024-10-23,ICICIBANK,Banking,1113.74,1126.4,1094.96,1112.6,2816406,-0.076,2024-10,2024,Oct,2024-10-01
2024-10-24,ICICIBANK,Banking,1111.96,1117.68,1110.79,1113.9,6902007,0.117,2024-10,2024,Oct,2024-10-01
2024-10-25,ICICIBANK,Banking,1119.14,1129.71,1108.66,1118.09,1804052,0.376,2024-10,2024,Oct,2024-10-01
2024-10-28,ICICIBANK,Banking,1121.21,1133.45,1107.43,1119.66,2253678,0.14,2024-10,2024,Oct,2024-10-01
2024-10-29,ICICIBANK,Banking,1120.35,1133.58,1104.43,1115.53,4055770,-0.369,2024-10,2024,Oct,2024-10-01
2024-10-30,ICICIBANK,Banking,1115.82,1124.4,1100.81,1120.51,6091560,0.446,2024-10,2024,Oct,2024-10-01
2024-10-31,ICICIBANK,Banking,1123.87,1126.83,1115.59,1117.95,6763472,-0.228,2024-10,2024,Oct,2024-10-01
2024-11-01,ICICIBANK,Banking,1118.25,1124.29,1102.1,1118.15,5061531,0.018,2024-11,2024,Nov,2024-11-01
2024-11-04,ICICIBANK,Banking,1114.53,1129.43,1108.05,1116.79,4345934,-0.122,2024-11,2024,Nov,2024-11-01
2024-11-05,ICICIBANK,Banking,1113.7,1134.89,1096.98,1116.1,3576479,-0.062,2024-11,2024,Nov,2024-11-01
2024-11-06,ICICIBANK,Banking,1112.65,1133.03,1103.6,1117.12,1114694,0.091,2024-11,2024,Nov,2024-11-01
2024-11-07,ICICIBANK,Banking,1106.44,1129.44,1104.53,1114.2,2726261,-0.261,2024-11,2024,Nov,2024-11-01
2024-11-08,ICICIBANK,Banking,1117.62,1125.01,1095.22,1114.6,2346185,0.036,2024-11,2024,Nov,2024-11-01
2024-11-11,ICICIBANK,Banking,1125.92,1129.19,1101.13,1117.07,1213707,0.222,2024-11,2024,Nov,2024-11-01
2024-11-12,ICICIBANK,Banking,1108.99,1134.26,1101.33,1116.21,6164566,-0.077,2024-11,2024,Nov,2024-11-01
2024-11-13,ICICIBANK,Banking,1110.2,1125.04,1104.0,1114.44,3344337,-0.159,2024-11,2024,Nov,2024-11-01
2024-11-14,ICICIBANK,Banking,1118.11,1121.14,1102.49,1114.76,4469085,0.029,2024-11,2024,Nov,2024-11-01
2024-11-15,ICICIBANK,Banking,1114.55,1126.0,1094.73,1114.75,2243807,-0.001,2024-11,2024,Nov,2024-11-01
2024-11-18,ICICIBANK,Banking,1118.03,1131.99,1107.7,1114.31,5056892,-0.039,2024-11,2024,Nov,2024-11-01
2024-11-19,ICICIBANK,Banking,1112.43,1120.05,1093.39,1112.88,1778570,-0.128,2024-11,2024,Nov,2024-11-01
2024-11-20,ICICIBANK,Banking,1111.72,1115.6,1104.36,1114.31,5679657,0.128,2024-11,2024,Nov,2024-11-01
2024-11-21,ICICIBANK,Banking,1114.85,1128.77,1100.39,1115.86,6117186,0.139,2024-11,2024,Nov,2024-11-01
2024-11-22,ICICIBANK,Banking,1104.01,1116.51,1095.75,1114.63,3042298,-0.11,2024-11,2024,Nov,2024-11-01
2024-11-25,ICICIBANK,Banking,1108.55,1122.95,1105.84,1113.64,2330107,-0.089,2024-11,2024,Nov,2024-11-01
2024-11-26,ICICIBANK,Banking,1118.65,1135.46,1095.58,1114.43,6417087,0.071,2024-11,2024,Nov,2024-11-01
2024-11-27,ICICIBANK,Banking,1118.68,1138.79,1109.16,1113.37,2406737,-0.095,2024-11,2024,Nov,2024-11-01
2024-11-28,ICICIBANK,Banking,1120.49,1128.67,1095.22,1114.23,2083179,0.077,2024-11,2024,Nov,2024-11-01
2024-11-29,ICICIBANK,Banking,1119.21,1120.71,1114.16,1117.24,3251466,0.27,2024-11,2024,Nov,2024-11-01
2024-12-02,ICICIBANK,Banking,1107.61,1128.18,1101.48,1117.7,7759279,0.041,2024-12,2024,Dec,2024-12-01
2024-12-03,ICICIBANK,Banking,1113.38,1122.58,1094.84,1116.22,4131102,-0.132,2024-12,2024,Dec,2024-12-01
2024-12-04,ICICIBANK,Banking,1123.35,1141.52,1103.8,1117.43,2691248,0.108,2024-12,2024,Dec,2024-12-01
2024-12-05,ICICIBANK,Banking,1124.94,1139.68,1112.97,1117.69,4498731,0.023,2024-12,2024,Dec,2024-12-01
2024-12-06,ICICIBANK,Banking,1124.08,1132.93,1105.62,1117.99,3308469,0.027,2024-12,2024,Dec,2024-12-01
2024-12-09,ICICIBANK,Banking,1118.28,1134.96,1113.73,1119.34,5584733,0.121,2024-12,2024,Dec,2024-12-01
2024-12-10,ICICIBANK,Banking,1115.19,1128.67,1097.5,1121.05,3959685,0.153,2024-12,2024,Dec,2024-12-01
2024-12-11,ICICIBANK,Banking,1121.48,1132.73,1119.41,1121.66,5037358,0.054,2024-12,2024,Dec,2024-12-01
2024-12-12,ICICIBANK,Banking,1122.17,1140.9,1110.88,1122.11,3941532,0.04,2024-12,2024,Dec,2024-12-01
2024-12-13,ICICIBANK,Banking,1133.19,1138.18,1123.79,1126.14,4268123,0.359,2024-12,2024,Dec,2024-12-01
2024-12-16,ICICIBANK,Banking,1129.74,1136.89,1114.25,1128.71,4019519,0.228,2024-12,2024,Dec,2024-12-01
2024-12-17,ICICIBANK,Banking,1130.75,1148.9,1111.56,1130.67,3636369,0.174,2024-12,2024,Dec,2024-12-01
2024-12-18,ICICIBANK,Banking,1131.77,1141.79,1114.33,1131.44,7739268,0.068,2024-12,2024,Dec,2024-12-01
2024-12-19,ICICIBANK,Banking,1132.09,1139.34,1122.01,1130.28,2713660,-0.103,2024-12,2024,Dec,2024-12-01
2024-12-20,ICICIBANK,Banking,1135.57,1137.43,1127.04,1132.73,6599001,0.217,2024-12,2024,Dec,2024-12-01
2024-12-23,ICICIBANK,Banking,1130.23,1142.72,1126.78,1133.52,5911586,0.07,2024-12,2024,Dec,2024-12-01
2024-12-24,ICICIBANK,Banking,1128.28,1143.85,1110.39,1133.07,4601342,-0.04,2024-12,2024,Dec,2024-12-01
2024-12-25,ICICIBANK,Banking,1139.41,1148.42,1130.5,1133.19,3086009,0.011,2024-12,2024,Dec,2024-12-01
2024-12-26,ICICIBANK,Banking,1124.65,1138.55,1111.5,1132.08,4283553,-0.098,2024-12,2024,Dec,2024-12-01
2024-12-27,ICICIBANK,Banking,1141.84,1150.15,1126.19,1134.41,6916986,0.206,2024-12,2024,Dec,2024-12-01
2024-12-30,ICICIBANK,Banking,1127.41,1149.64,1107.2,1136.1,2110007,0.149,2024-12,2024,Dec,2024-12-01
2024-12-31,ICICIBANK,Banking,1134.27,1155.29,1123.32,1136.93,5020369,0.073,2024-12,2024,Dec,2024-12-01
2025-01-01,ICICIBANK,Banking,1141.8,1155.55,1125.63,1137.37,6306925,0.039,2025-01,2025,Jan,2025-01-01
2025-01-02,ICICIBANK,Banking,1136.73,1150.35,1117.86,1136.73,5364398,-0.056,2025-01,2025,Jan,2025-01-01
2025-01-03,ICICIBANK,Banking,1127.64,1150.49,1107.93,1133.61,1837911,-0.274,2025-01,2025,Jan,2025-01-01
2025-01-06,ICICIBANK,Banking,1133.65,1137.97,1119.36,1131.72,4463289,-0.167,2025-01,2025,Jan,2025-01-01
2025-01-07,ICICIBANK,Banking,1131.27,1138.19,1114.52,1130.96,2117655,-0.067,2025-01,2025,Jan,2025-01-01
2025-01-08,ICICIBANK,Banking,1128.97,1132.05,1115.66,1129.95,7485603,-0.089,2025-01,2025,Jan,2025-01-01
2025-01-09,ICICIBANK,Banking,1128.11,1138.79,1118.78,1130.93,3332505,0.087,2025-01,2025,Jan,2025-01-01
2025-01-10,ICICIBANK,Banking,1132.64,1153.17,1130.41,1132.8,3835488,0.165,2025-01,2025,Jan,2025-01-01
2025-01-13,ICICIBANK,Banking,1130.43,1140.55,1115.51,1133.07,6973999,0.024,2025-01,2025,Jan,2025-01-01
2025-01-14,ICICIBANK,Banking,1147.01,1164.93,1121.29,1135.95,3874172,0.254,2025-01,2025,Jan,2025-01-01
2025-01-15,ICICIBANK,Banking,1134.01,1137.89,1130.63,1135.1,2196370,-0.075,2025-01,2025,Jan,2025-01-01
2025-01-16,ICICIBANK,Banking,1133.65,1145.35,1128.08,1135.34,7229704,0.021,2025-01,2025,Jan,2025-01-01
2025-01-17,ICICIBANK,Banking,1133.27,1143.65,1118.03,1135.73,5465554,0.034,2025-01,2025,Jan,2025-01-01
2025-01-20,ICICIBANK,Banking,1146.15,1151.22,1134.02,1138.06,5155329,0.205,2025-01,2025,Jan,2025-01-01
2025-01-21,ICICIBANK,Banking,1131.24,1147.05,1116.82,1138.7,1344206,0.056,2025-01,2025,Jan,2025-01-01
2025-01-22,ICICIBANK,Banking,1141.03,1154.8,1124.35,1139.39,4033870,0.061,2025-01,2025,Jan,2025-01-01
2025-01-23,ICICIBANK,Banking,1135.93,1147.64,1127.97,1137.02,4107033,-0.208,2025-01,2025,Jan,2025-01-01
2025-01-24,ICICIBANK,Banking,1129.47,1153.38,1123.38,1135.94,2687488,-0.095,2025-01,2025,Jan,2025-01-01
2025-01-27,ICICIBANK,Banking,1134.52,1156.9,1126.19,1138.25,4864081,0.203,2025-01,2025,Jan,2025-01-01
2025-01-28,ICICIBANK,Banking,1136.59,1147.04,1127.09,1135.15,2564320,-0.272,2025-01,2025,Jan,2025-01-01
2025-01-29,ICICIBANK,Banking,1133.94,1158.01,1121.11,1137.88,4190780,0.24,2025-01,2025,Jan,2025-01-01
2025-01-30,ICICIBANK,Banking,1140.34,1142.88,1123.62,1139.16,6570327,0.112,2025-01,2025,Jan,2025-01-01
2025-01-31,ICICIBANK,Banking,1146.18,1152.72,1120.5,1138.31,6093983,-0.075,2025-01,2025,Jan,2025-01-01
2025-02-03,ICICIBANK,Banking,1138.09,1147.29,1135.6,1137.31,2812155,-0.088,2025-02,2025,Feb,2025-02-01
2025-02-04,ICICIBANK,Banking,1134.34,1153.41,1119.19,1140.97,2294231,0.322,2025-02,2025,Feb,2025-02-01
2025-02-05,ICICIBANK,Banking,1139.93,1155.56,1132.7,1143.8,841311,0.248,2025-02,2025,Feb,2025-02-01
2025-02-06,ICICIBANK,Banking,1142.7,1156.2,1125.27,1144.01,3287979,0.018,2025-02,2025,Feb,2025-02-01
2025-02-07,ICICIBANK,Banking,1143.03,1163.23,1140.41,1144.64,940116,0.055,2025-02,2025,Feb,2025-02-01
2025-02-10,ICICIBANK,Banking,1144.63,1151.17,1132.07,1143.93,1723297,-0.062,2025-02,2025,Feb,2025-02-01
2025-02-11,ICICIBANK,Banking,1145.99,1163.05,1132.74,1144.56,7844498,0.055,2025-02,2025,Feb,2025-02-01
2025-02-12,ICICIBANK,Banking,1151.71,1163.78,1136.3,1143.79,6960800,-0.067,2025-02,2025,Feb,2025-02-01
2025-02-13,ICICIBANK,Banking,1144.02,1154.72,1124.01,1144.04,4830833,0.022,2025-02,2025,Feb,2025-02-01
2025-02-14,ICICIBANK,Banking,1142.24,1154.52,1139.02,1147.53,6376710,0.305,2025-02,2025,Feb,2025-02-01
2025-02-17,ICICIBANK,Banking,1153.04,1160.15,1143.93,1147.74,4320977,0.018,2025-02,2025,Feb,2025-02-01
2025-02-18,ICICIBANK,Banking,1152.1,1160.86,1132.61,1146.31,5129463,-0.125,2025-02,2025,Feb,2025-02-01
2025-02-19,ICICIBANK,Banking,1145.39,1161.41,1133.18,1144.33,7408707,-0.173,2025-02,2025,Feb,2025-02-01
2025-02-20,ICICIBANK,Banking,1143.78,1155.33,1137.49,1144.91,1366000,0.051,2025-02,2025,Feb,2025-02-01
2025-02-21,ICICIBANK,Banking,1146.81,1150.95,1136.9,1143.96,3332149,-0.083,2025-02,2025,Feb,2025-02-01
2025-02-24,ICICIBANK,Banking,1143.77,1160.66,1139.57,1144.73,1657050,0.067,2025-02,2025,Feb,2025-02-01
2025-02-25,ICICIBANK,Banking,1132.91,1156.33,1115.06,1142.3,6523982,-0.212,2025-02,2025,Feb,2025-02-01
2025-02-26,ICICIBANK,Banking,1146.4,1166.05,1131.61,1143.83,6722570,0.134,2025-02,2025,Feb,2025-02-01
2025-02-27,ICICIBANK,Banking,1146.42,1157.89,1136.45,1142.34,5997030,-0.13,2025-02,2025,Feb,2025-02-01
2025-02-28,ICICIBANK,Banking,1149.34,1163.28,1133.97,1142.76,5184343,0.037,2025-02,2025,Feb,2025-02-01
2025-03-03,ICICIBANK,Banking,1139.16,1152.96,1120.47,1142.5,4235094,-0.023,2025-03,2025,Mar,2025-03-01
2025-03-04,ICICIBANK,Banking,1146.81,1161.23,1127.36,1145.78,969226,0.287,2025-03,2025,Mar,2025-03-01
2025-03-05,ICICIBANK,Banking,1147.53,1157.18,1143.9,1146.39,6377349,0.053,2025-03,2025,Mar,2025-03-01
2025-03-06,ICICIBANK,Banking,1150.45,1154.3,1136.12,1150.06,7236724,0.32,2025-03,2025,Mar,2025-03-01
2025-03-07,ICICIBANK,Banking,1151.87,1172.34,1147.19,1151.34,7753604,0.111,2025-03,2025,Mar,2025-03-01
2025-03-10,ICICIBANK,Banking,1154.28,1169.57,1148.82,1154.11,3261325,0.241,2025-03,2025,Mar,2025-03-01
2025-03-11,ICICIBANK,Banking,1155.03,1168.14,1135.95,1154.06,2244373,-0.004,2025-03,2025,Mar,2025-03-01
2025-03-12,ICICIBANK,Banking,1158.38,1169.02,1136.22,1154.96,5508769,0.078,2025-03,2025,Mar,2025-03-01
2025-03-13,ICICIBANK,Banking,1163.02,1178.25,1154.58,1157.37,926067,0.209,2025-03,2025,Mar,2025-03-01
2025-03-14,ICICIBANK,Banking,1155.73,1162.89,1137.4,1159.23,1233901,0.161,2025-03,2025,Mar,2025-03-01
2025-03-17,ICICIBANK,Banking,1159.65,1168.04,1144.13,1160.45,6714471,0.105,2025-03,2025,Mar,2025-03-01
2025-03-18,ICICIBANK,Banking,1158.21,1163.79,1141.77,1160.17,7689282,-0.024,2025-03,2025,Mar,2025-03-01
2025-03-19,ICICIBANK,Banking,1157.55,1163.82,1140.81,1160.17,3705826,0.0,2025-03,2025,Mar,2025-03-01
2025-03-20,ICICIBANK,Banking,1154.92,1164.02,1143.81,1162.44,4456249,0.196,2025-03,2025,Mar,2025-03-01
2025-03-21,ICICIBANK,Banking,1165.18,1181.31,1145.14,1165.06,4719697,0.225,2025-03,2025,Mar,2025-03-01
2025-03-24,ICICIBANK,Banking,1166.54,1172.21,1159.17,1164.3,1797112,-0.065,2025-03,2025,Mar,2025-03-01
2025-03-25,ICICIBANK,Banking,1162.55,1180.89,1151.41,1163.28,2401728,-0.088,2025-03,2025,Mar,2025-03-01
2025-03-26,ICICIBANK,Banking,1161.93,1180.99,1154.47,1161.97,2948766,-0.113,2025-03,2025,Mar,2025-03-01
2025-03-27,ICICIBANK,Banking,1165.63,1170.13,1146.25,1163.68,6860879,0.147,2025-03,2025,Mar,2025-03-01
2025-03-28,ICICIBANK,Banking,1168.88,1184.14,1159.52,1162.32,3954507,-0.117,2025-03,2025,Mar,2025-03-01
2025-03-31,ICICIBANK,Banking,1162.05,1174.28,1152.32,1164.01,5992684,0.145,2025-03,2025,Mar,2025-03-01
2025-04-01,ICICIBANK,Banking,1159.76,1184.59,1143.35,1165.22,2200039,0.104,2025-04,2025,Apr,2025-04-01
2025-04-02,ICICIBANK,Banking,1164.1,1175.27,1156.75,1164.52,7664239,-0.06,2025-04,2025,Apr,2025-04-01
2025-04-03,ICICIBANK,Banking,1176.3,1185.06,1161.57,1167.51,7160733,0.257,2025-04,2025,Apr,2025-04-01
2025-04-04,ICICIBANK,Banking,1159.79,1172.2,1153.45,1165.2,4221813,-0.198,2025-04,2025,Apr,2025-04-01
2025-04-07,ICICIBANK,Banking,1171.39,1190.56,1153.01,1168.35,2424159,0.27,2025-04,2025,Apr,2025-04-01
2025-04-08,ICICIBANK,Banking,1174.58,1180.27,1162.29,1169.16,7831268,0.069,2025-04,2025,Apr,2025-04-01
2025-04-09,ICICIBANK,Banking,1154.74,1183.34,1145.68,1165.77,6618485,-0.29,2025-04,2025,Apr,2025-04-01
2025-04-10,ICICIBANK,Banking,1170.72,1175.76,1156.79,1168.8,4478158,0.26,2025-04,2025,Apr,2025-04-01
2025-04-11,ICICIBANK,Banking,1173.58,1187.59,1150.86,1170.75,2726346,0.167,2025-04,2025,Apr,2025-04-01
2025-04-14,ICICIBANK,Banking,1168.99,1180.39,1152.04,1170.24,5274239,-0.044,2025-04,2025,Apr,2025-04-01
2025-04-15,ICICIBANK,Banking,1165.77,1172.04,1160.93,1168.79,3466654,-0.124,2025-04,2025,Apr,2025-04-01
2025-04-16,ICICIBANK,Banking,1163.52,1169.94,1144.89,1166.28,5653717,-0.215,2025-04,2025,Apr,2025-04-01
2025-04-17,ICICIBANK,Banking,1169.21,1177.52,1151.25,1170.75,6793733,0.383,2025-04,2025,Apr,2025-04-01
2025-04-18,ICICIBANK,Banking,1167.95,1185.77,1151.99,1169.36,4326354,-0.119,2025-04,2025,Apr,2025-04-01
2025-04-21,ICICIBANK,Banking,1165.09,1183.02,1153.69,1167.39,1146791,-0.168,2025-04,2025,Apr,2025-04-01
2025-04-22,ICICIBANK,Banking,1166.48,1173.33,1163.93,1168.09,4852017,0.06,2025-04,2025,Apr,2025-04-01
2025-04-23,ICICIBANK,Banking,1171.01,1181.66,1150.19,1165.46,6982321,-0.225,2025-04,2025,Apr,2025-04-01
2025-04-24,ICICIBANK,Banking,1158.32,1167.06,1146.96,1163.98,2407810,-0.127,2025-04,2025,Apr,2025-04-01
2025-04-25,ICICIBANK,Banking,1157.79,1181.3,1150.53,1165.95,7707592,0.169,2025-04,2025,Apr,2025-04-01
2025-04-28,ICICIBANK,Banking,1172.63,1189.61,1165.63,1166.99,3409014,0.089,2025-04,2025,Apr,2025-04-01
2025-04-29,ICICIBANK,Banking,1165.65,1185.44,1159.91,1166.55,5725653,-0.038,2025-04,2025,Apr,2025-04-01
2025-04-30,ICICIBANK,Banking,1165.0,1185.55,1151.84,1166.82,5854351,0.023,2025-04,2025,Apr,2025-04-01
2025-05-01,ICICIBANK,Banking,1165.76,1174.14,1162.36,1166.28,2110972,-0.046,2025-05,2025,May,2025-05-01
2025-05-02,ICICIBANK,Banking,1167.38,1173.6,1152.24,1166.4,1080720,0.01,2025-05,2025,May,2025-05-01
2025-05-05,ICICIBANK,Banking,1162.86,1184.23,1145.49,1165.3,7631150,-0.094,2025-05,2025,May,2025-05-01
2025-05-06,ICICIBANK,Banking,1166.88,1170.95,1157.06,1164.53,5842974,-0.066,2025-05,2025,May,2025-05-01
2025-05-07,ICICIBANK,Banking,1159.22,1166.03,1156.44,1163.7,5345421,-0.071,2025-05,2025,May,2025-05-01
2025-05-08,ICICIBANK,Banking,1161.26,1170.04,1157.34,1162.67,2987184,-0.089,2025-05,2025,May,2025-05-01
2025-05-09,ICICIBANK,Banking,1154.41,1180.95,1146.23,1164.73,1578259,0.177,2025-05,2025,May,2025-05-01
2025-05-12,ICICIBANK,Banking,1171.78,1186.78,1149.02,1166.32,2757218,0.137,2025-05,2025,May,2025-05-01
2025-05-13,ICICIBANK,Banking,1164.11,1185.64,1150.39,1164.93,4743625,-0.119,2025-05,2025,May,2025-05-01
2025-05-14,ICICIBANK,Banking,1166.2,1174.5,1144.76,1163.08,5793116,-0.159,2025-05,2025,May,2025-05-01
2025-05-15,ICICIBANK,Banking,1165.27,1171.9,1142.23,1163.06,3097138,-0.002,2025-05,2025,May,2025-05-01
2025-05-16,ICICIBANK,Banking,1169.64,1178.33,1161.88,1167.07,2347605,0.345,2025-05,2025,May,2025-05-01
2025-05-19,ICICIBANK,Banking,1165.48,1182.19,1150.55,1165.52,2596523,-0.133,2025-05,2025,May,2025-05-01
2025-05-20,ICICIBANK,Banking,1167.3,1172.72,1155.08,1165.49,7724120,-0.003,2025-05,2025,May,2025-05-01
2025-05-21,ICICIBANK,Banking,1161.42,1185.85,1150.51,1165.9,5339776,0.035,2025-05,2025,May,2025-05-01
2025-05-22,ICICIBANK,Banking,1160.5,1177.29,1152.92,1165.97,7932889,0.006,2025-05,2025,May,2025-05-01
2025-05-23,ICICIBANK,Banking,1164.95,1182.11,1157.0,1165.42,845191,-0.047,2025-05,2025,May,2025-05-01
2025-05-26,ICICIBANK,Banking,1164.53,1185.3,1149.98,1167.71,4098322,0.196,2025-05,2025,May,2025-05-01
2025-05-27,ICICIBANK,Banking,1175.43,1186.18,1155.26,1168.77,4093231,0.091,2025-05,2025,May,2025-05-01
2025-05-28,ICICIBANK,Banking,1172.28,1188.22,1163.01,1170.52,3690212,0.15,2025-05,2025,May,2025-05-01
2025-05-29,ICICIBANK,Banking,1168.47,1180.26,1164.94,1171.83,3619404,0.112,2025-05,2025,May,2025-05-01
2025-05-30,ICICIBANK,Banking,1172.4,1191.03,1159.7,1173.67,1369069,0.157,2025-05,2025,May,2025-05-01
2025-06-02,ICICIBANK,Banking,1177.37,1195.04,1160.78,1176.75,1031643,0.262,2025-06,2025,Jun,2025-06-01
2025-06-03,ICICIBANK,Banking,1179.06,1191.91,1166.69,1179.38,6403174,0.223,2025-06,2025,Jun,2025-06-01
2025-06-04,ICICIBANK,Banking,1185.08,1190.66,1182.53,1183.79,3971669,0.374,2025-06,2025,Jun,2025-06-01
2025-06-05,ICICIBANK,Banking,1186.57,1207.33,1179.37,1186.25,1971612,0.208,2025-06,2025,Jun,2025-06-01
2025-06-06,ICICIBANK,Banking,1178.76,1205.62,1161.98,1185.35,3302278,-0.076,2025-06,2025,Jun,2025-06-01
2025-06-09,ICICIBANK,Banking,1176.94,1200.85,1160.91,1187.16,7517944,0.153,2025-06,2025,Jun,2025-06-01
2025-06-10,ICICIBANK,Banking,1186.95,1209.8,1185.55,1188.73,4167395,0.132,2025-06,2025,Jun,2025-06-01
2025-06-11,ICICIBANK,Banking,1195.14,1206.55,1181.74,1192.47,7932267,0.315,2025-06,2025,Jun,2025-06-01
2025-06-12,ICICIBANK,Banking,1189.32,1199.84,1179.29,1191.05,1962826,-0.119,2025-06,2025,Jun,2025-06-01
2025-06-13,ICICIBANK,Banking,1198.26,1208.84,1177.95,1192.36,1681350,0.11,2025-06,2025,Jun,2025-06-01
2025-06-16,ICICIBANK,Banking,1191.25,1193.59,1187.52,1191.47,4859435,-0.075,2025-06,2025,Jun,2025-06-01
2025-06-17,ICICIBANK,Banking,1199.19,1211.58,1178.92,1192.71,5717642,0.104,2025-06,2025,Jun,2025-06-01
2025-06-18,ICICIBANK,Banking,1198.15,1212.92,1172.27,1192.66,7865334,-0.004,2025-06,2025,Jun,2025-06-01
2025-06-19,ICICIBANK,Banking,1198.87,1202.3,1185.11,1193.85,4155142,0.1,2025-06,2025,Jun,2025-06-01
2025-06-20,ICICIBANK,Banking,1185.93,1198.04,1177.94,1191.67,2241200,-0.183,2025-06,2025,Jun,2025-06-01
2025-06-23,ICICIBANK,Banking,1193.51,1209.34,1191.66,1193.43,4696250,0.148,2025-06,2025,Jun,2025-06-01
2025-06-24,ICICIBANK,Banking,1199.99,1217.38,1191.79,1194.15,3010147,0.06,2025-06,2025,Jun,2025-06-01
2025-06-25,ICICIBANK,Banking,1196.08,1217.32,1174.66,1194.78,2092937,0.053,2025-06,2025,Jun,2025-06-01
2025-06-26,ICICIBANK,Banking,1201.29,1207.67,1177.56,1198.64,1436548,0.323,2025-06,2025,Jun,2025-06-01
2025-06-27,ICICIBANK,Banking,1191.66,1216.65,1190.36,1198.31,6009350,-0.028,2025-06,2025,Jun,2025-06-01
2025-06-30,ICICIBANK,Banking,1208.5,1213.25,1179.74,1199.3,5427902,0.083,2025-06,2025,Jun,2025-06-01
2025-07-01,ICICIBANK,Banking,1196.06,1203.73,1191.32,1199.86,1999611,0.047,2025-07,2025,Jul,2025-07-01
2025-07-02,ICICIBANK,Banking,1191.01,1216.68,1178.46,1200.59,4823942,0.061,2025-07,2025,Jul,2025-07-01
2025-07-03,ICICIBANK,Banking,1203.3,1215.33,1188.22,1204.99,7174159,0.366,2025-07,2025,Jul,2025-07-01
2025-07-04,ICICIBANK,Banking,1193.69,1222.97,1185.21,1205.5,6690234,0.042,2025-07,2025,Jul,2025-07-01
2025-07-07,ICICIBANK,Banking,1199.64,1211.86,1187.65,1204.87,4068617,-0.052,2025-07,2025,Jul,2025-07-01
2025-07-08,ICICIBANK,Banking,1221.03,1226.67,1194.55,1208.66,1212437,0.315,2025-07,2025,Jul,2025-07-01
2025-07-09,ICICIBANK,Banking,1206.67,1220.99,1201.49,1208.51,5371050,-0.012,2025-07,2025,Jul,2025-07-01
2025-07-10,ICICIBANK,Banking,1199.13,1209.59,1177.66,1206.01,4516700,-0.207,2025-07,2025,Jul,2025-07-01
2025-07-11,ICICIBANK,Banking,1205.22,1212.13,1199.71,1205.09,7436895,-0.076,2025-07,2025,Jul,2025-07-01
2025-07-14,ICICIBANK,Banking,1198.94,1207.87,1197.53,1203.26,4783979,-0.152,2025-07,2025,Jul,2025-07-01
2025-07-15,ICICIBANK,Banking,1204.6,1212.36,1179.98,1200.45,6113164,-0.234,2025-07,2025,Jul,2025-07-01
2025-07-16,ICICIBANK,Banking,1195.95,1217.04,1186.03,1200.22,4604754,-0.019,2025-07,2025,Jul,2025-07-01
2025-07-17,ICICIBANK,Banking,1201.84,1205.5,1191.2,1200.54,4694104,0.027,2025-07,2025,Jul,2025-07-01
2025-07-18,ICICIBANK,Banking,1197.59,1216.82,1190.78,1203.11,3085538,0.214,2025-07,2025,Jul,2025-07-01
2025-07-21,ICICIBANK,Banking,1217.22,1230.53,1202.96,1204.69,3699279,0.131,2025-07,2025,Jul,2025-07-01
2025-07-22,ICICIBANK,Banking,1208.63,1220.9,1199.57,1206.2,2930696,0.125,2025-07,2025,Jul,2025-07-01
2025-07-23,ICICIBANK,Banking,1204.34,1216.17,1195.09,1205.04,4127372,-0.096,2025-07,2025,Jul,2025-07-01
2025-07-24,ICICIBANK,Banking,1205.7,1221.94,1193.82,1207.11,7650980,0.172,2025-07,2025,Jul,2025-07-01
2025-07-25,ICICIBANK,Banking,1207.42,1228.84,1196.82,1210.1,3260046,0.248,2025-07,2025,Jul,2025-07-01
2025-07-28,ICICIBANK,Banking,1207.61,1215.84,1188.36,1211.3,4135469,0.099,2025-07,2025,Jul,2025-07-01
2025-07-29,ICICIBANK,Banking,1208.72,1230.54,1188.79,1212.55,7612523,0.103,2025-07,2025,Jul,2025-07-01
2025-07-30,ICICIBANK,Banking,1218.86,1221.35,1202.99,1210.73,1888762,-0.15,2025-07,2025,Jul,2025-07-01
2025-07-31,ICICIBANK,Banking,1210.46,1224.3,1189.5,1213.14,2620576,0.199,2025-07,2025,Jul,2025-07-01
2025-08-01,ICICIBANK,Banking,1206.52,1228.68,1187.57,1216.88,4350828,0.308,2025-08,2025,Aug,2025-08-01
2025-08-04,ICICIBANK,Banking,1212.3,1223.29,1191.97,1217.98,3747293,0.09,2025-08,2025,Aug,2025-08-01
2025-08-05,ICICIBANK,Banking,1221.92,1225.0,1201.56,1217.4,3256202,-0.048,2025-08,2025,Aug,2025-08-01
2025-08-06,ICICIBANK,Banking,1216.39,1220.39,1211.07,1217.62,6403212,0.018,2025-08,2025,Aug,2025-08-01
2025-08-07,ICICIBANK,Banking,1216.71,1219.35,1211.46,1217.37,4391962,-0.021,2025-08,2025,Aug,2025-08-01
2025-08-08,ICICIBANK,Banking,1222.93,1236.07,1197.21,1217.23,3423260,-0.012,2025-08,2025,Aug,2025-08-01
2025-08-11,ICICIBANK,Banking,1215.15,1223.38,1203.46,1218.94,4248552,0.14,2025-08,2025,Aug,2025-08-01
2025-08-12,ICICIBANK,Banking,1223.07,1241.11,1200.29,1219.98,7183598,0.085,2025-08,2025,Aug,2025-08-01
2025-08-13,ICICIBANK,Banking,1219.09,1242.26,1202.94,1222.36,7884452,0.195,2025-08,2025,Aug,2025-08-01
2025-08-14,ICICIBANK,Banking,1226.4,1233.72,1217.94,1223.58,2550123,0.1,2025-08,2025,Aug,2025-08-01
2025-08-15,ICICIBANK,Banking,1220.63,1227.18,1211.42,1222.54,1089342,-0.085,2025-08,2025,Aug,2025-08-01
2025-08-18,ICICIBANK,Banking,1220.99,1231.9,1199.68,1222.17,1025682,-0.03,2025-08,2025,Aug,2025-08-01
2025-08-19,ICICIBANK,Banking,1225.7,1245.29,1220.06,1221.69,4006891,-0.039,2025-08,2025,Aug,2025-08-01
2025-08-20,ICICIBANK,Banking,1225.56,1235.12,1205.84,1221.91,5327008,0.018,2025-08,2025,Aug,2025-08-01
2025-08-21,ICICIBANK,Banking,1224.95,1229.24,1203.34,1225.76,1169386,0.315,2025-08,2025,Aug,2025-08-01
2025-08-22,ICICIBANK,Banking,1227.61,1251.75,1224.21,1229.93,4459424,0.34,2025-08,2025,Aug,2025-08-01
2025-08-25,ICICIBANK,Banking,1239.93,1251.7,1225.12,1232.04,3677394,0.172,2025-08,2025,Aug,2025-08-01
2025-08-26,ICICIBANK,Banking,1235.75,1244.17,1220.14,1232.84,7518018,0.065,2025-08,2025,Aug,2025-08-01
2025-08-27,ICICIBANK,Banking,1228.98,1250.83,1210.12,1230.9,5145701,-0.157,2025-08,2025,Aug,2025-08-01
2025-08-28,ICICIBANK,Banking,1228.67,1252.54,1216.86,1231.89,3846552,0.08,2025-08,2025,Aug,2025-08-01
2025-08-29,ICICIBANK,Banking,1236.06,1247.74,1228.54,1231.01,5023858,-0.071,2025-08,2025,Aug,2025-08-01
2025-09-01,ICICIBANK,Banking,1235.19,1242.86,1230.71,1234.62,1776249,0.293,2025-09,2025,Sep,2025-09-01
2025-09-02,ICICIBANK,Banking,1231.43,1243.58,1222.33,1232.24,4220164,-0.193,2025-09,2025,Sep,2025-09-01
2025-09-03,ICICIBANK,Banking,1234.11,1239.94,1225.54,1233.54,3174167,0.105,2025-09,2025,Sep,2025-09-01
2025-09-04,ICICIBANK,Banking,1234.19,1245.45,1226.68,1232.52,2103090,-0.083,2025-09,2025,Sep,2025-09-01
2025-09-05,ICICIBANK,Banking,1232.82,1239.14,1213.98,1233.1,3631125,0.047,2025-09,2025,Sep,2025-09-01
2025-09-08,ICICIBANK,Banking,1240.88,1255.25,1233.14,1234.93,5400745,0.148,2025-09,2025,Sep,2025-09-01
2025-09-09,ICICIBANK,Banking,1243.67,1260.98,1218.75,1237.43,4998549,0.202,2025-09,2025,Sep,2025-09-01
2025-09-10,ICICIBANK,Banking,1240.56,1262.25,1217.29,1237.93,7740441,0.04,2025-09,2025,Sep,2025-09-01
2025-09-11,ICICIBANK,Banking,1246.77,1265.87,1225.43,1239.95,2776403,0.163,2025-09,2025,Sep,2025-09-01
2025-09-12,ICICIBANK,Banking,1239.37,1242.43,1224.92,1239.33,5837623,-0.05,2025-09,2025,Sep,2025-09-01
2025-09-15,ICICIBANK,Banking,1243.83,1249.54,1236.02,1240.4,4762255,0.086,2025-09,2025,Sep,2025-09-01
2025-09-16,ICICIBANK,Banking,1247.88,1260.4,1229.63,1242.88,7091552,0.2,2025-09,2025,Sep,2025-09-01
2025-09-17,ICICIBANK,Banking,1249.19,1255.91,1234.94,1244.12,7337930,0.1,2025-09,2025,Sep,2025-09-01
2025-09-18,ICICIBANK,Banking,1248.31,1249.86,1237.66,1243.75,5894096,-0.03,2025-09,2025,Sep,2025-09-01
2025-09-19,ICICIBANK,Banking,1246.99,1264.24,1230.27,1243.85,3850858,0.008,2025-09,2025,Sep,2025-09-01
2025-09-22,ICICIBANK,Banking,1256.12,1265.02,1245.09,1246.37,4640453,0.203,2025-09,2025,Sep,2025-09-01
2025-09-23,ICICIBANK,Banking,1242.26,1247.59,1235.18,1244.95,5491300,-0.114,2025-09,2025,Sep,2025-09-01
2025-09-24,ICICIBANK,Banking,1243.03,1255.81,1227.93,1243.81,6602486,-0.092,2025-09,2025,Sep,2025-09-01
2025-09-25,ICICIBANK,Banking,1244.48,1267.49,1233.61,1245.55,2448069,0.14,2025-09,2025,Sep,2025-09-01
2025-09-26,ICICIBANK,Banking,1243.52,1260.96,1239.2,1245.35,7085493,-0.016,2025-09,2025,Sep,2025-09-01
2025-09-29,ICICIBANK,Banking,1233.37,1247.86,1232.11,1243.26,6569554,-0.168,2025-09,2025,Sep,2025-09-01
2025-09-30,ICICIBANK,Banking,1253.26,1265.47,1239.43,1246.41,1434738,0.253,2025-09,2025,Sep,2025-09-01
2025-10-01,ICICIBANK,Banking,1239.87,1265.31,1227.05,1244.98,2741628,-0.115,2025-10,2025,Oct,2025-10-01
2025-10-02,ICICIBANK,Banking,1246.07,1248.47,1232.67,1245.23,2497816,0.02,2025-10,2025,Oct,2025-10-01
2025-10-03,ICICIBANK,Banking,1237.61,1259.43,1233.62,1244.69,4974580,-0.043,2025-10,2025,Oct,2025-10-01
2025-10-06,ICICIBANK,Banking,1247.85,1264.39,1230.52,1244.75,2302151,0.005,2025-10,2025,Oct,2025-10-01
2025-10-07,ICICIBANK,Banking,1239.82,1259.85,1217.52,1243.72,2961781,-0.083,2025-10,2025,Oct,2025-10-01
2025-10-08,ICICIBANK,Banking,1240.01,1250.1,1226.45,1245.67,2162071,0.157,2025-10,2025,Oct,2025-10-01
2025-10-09,ICICIBANK,Banking,1247.47,1267.96,1234.07,1246.5,1285296,0.067,2025-10,2025,Oct,2025-10-01
2025-10-10,ICICIBANK,Banking,1245.46,1257.05,1231.03,1248.96,4107390,0.197,2025-10,2025,Oct,2025-10-01
2025-10-13,ICICIBANK,Banking,1245.57,1250.78,1225.69,1248.43,3101571,-0.042,2025-10,2025,Oct,2025-10-01
2025-10-14,ICICIBANK,Banking,1253.91,1256.94,1231.65,1253.05,4432525,0.37,2025-10,2025,Oct,2025-10-01
2025-10-15,ICICIBANK,Banking,1254.09,1265.1,1247.97,1250.09,2326620,-0.236,2025-10,2025,Oct,2025-10-01
2025-10-16,ICICIBANK,Banking,1243.65,1249.83,1238.07,1247.73,2861865,-0.189,2025-10,2025,Oct,2025-10-01
2025-10-17,ICICIBANK,Banking,1246.66,1269.47,1242.96,1251.63,7227251,0.313,2025-10,2025,Oct,2025-10-01
2025-10-20,ICICIBANK,Banking,1253.24,1272.94,1235.42,1253.13,6596201,0.12,2025-10,2025,Oct,2025-10-01
2025-10-21,ICICIBANK,Banking,1257.08,1258.62,1252.15,1254.37,2716367,0.099,2025-10,2025,Oct,2025-10-01
2025-10-22,ICICIBANK,Banking,1263.14,1281.8,1235.27,1255.79,1964842,0.113,2025-10,2025,Oct,2025-10-01
2025-10-23,ICICIBANK,Banking,1252.08,1279.7,1250.39,1257.47,7815846,0.134,2025-10,2025,Oct,2025-10-01
2025-10-24,ICICIBANK,Banking,1257.04,1260.55,1242.9,1258.64,5702263,0.093,2025-10,2025,Oct,2025-10-01
2025-10-27,ICICIBANK,Banking,1263.33,1280.16,1250.27,1257.41,4344889,-0.098,2025-10,2025,Oct,2025-10-01
2025-10-28,ICICIBANK,Banking,1269.49,1292.33,1248.22,1259.55,5835583,0.17,2025-10,2025,Oct,2025-10-01
2025-10-29,ICICIBANK,Banking,1256.39,1279.75,1245.69,1261.4,2391667,0.147,2025-10,2025,Oct,2025-10-01
2025-10-30,ICICIBANK,Banking,1260.96,1276.82,1243.64,1264.69,3882550,0.261,2025-10,2025,Oct,2025-10-01
2025-10-31,ICICIBANK,Banking,1270.57,1290.95,1256.66,1268.63,3617677,0.312,2025-10,2025,Oct,2025-10-01
2025-11-03,ICICIBANK,Banking,1266.92,1286.4,1256.58,1269.85,5990274,0.096,2025-11,2025,Nov,2025-11-01
2025-11-04,ICICIBANK,Banking,1264.25,1275.67,1247.29,1268.1,2120704,-0.138,2025-11,2025,Nov,2025-11-01
2025-11-05,ICICIBANK,Banking,1273.3,1279.43,1250.76,1272.05,4321454,0.311,2025-11,2025,Nov,2025-11-01
2025-11-06,ICICIBANK,Banking,1278.56,1290.98,1252.27,1270.69,6802519,-0.107,2025-11,2025,Nov,2025-11-01
2025-11-07,ICICIBANK,Banking,1265.24,1281.24,1248.13,1271.91,2213563,0.096,2025-11,2025,Nov,2025-11-01
2025-11-10,ICICIBANK,Banking,1279.61,1288.06,1260.17,1271.99,1663778,0.006,2025-11,2025,Nov,2025-11-01
2025-11-11,ICICIBANK,Banking,1268.8,1276.85,1248.12,1271.73,6712751,-0.02,2025-11,2025,Nov,2025-11-01
2025-11-12,ICICIBANK,Banking,1275.51,1295.11,1261.94,1273.75,7089399,0.159,2025-11,2025,Nov,2025-11-01
2025-11-13,ICICIBANK,Banking,1282.88,1299.54,1253.34,1274.77,3900079,0.08,2025-11,2025,Nov,2025-11-01
2025-11-14,ICICIBANK,Banking,1277.97,1286.44,1257.61,1276.31,1130602,0.121,2025-11,2025,Nov,2025-11-01
2025-11-17,ICICIBANK,Banking,1273.78,1281.72,1269.25,1275.3,4692986,-0.079,2025-11,2025,Nov,2025-11-01
2025-11-18,ICICIBANK,Banking,1279.17,1283.24,1273.21,1275.51,2957177,0.016,2025-11,2025,Nov,2025-11-01
2025-11-19,ICICIBANK,Banking,1273.69,1278.29,1256.38,1274.57,5029480,-0.074,2025-11,2025,Nov,2025-11-01
2025-11-20,ICICIBANK,Banking,1277.38,1292.24,1258.59,1274.73,1807184,0.013,2025-11,2025,Nov,2025-11-01
2025-11-21,ICICIBANK,Banking,1273.98,1278.66,1259.67,1275.03,6597103,0.024,2025-11,2025,Nov,2025-11-01
2025-11-24,ICICIBANK,Banking,1283.49,1305.73,1256.58,1279.09,5733911,0.318,2025-11,2025,Nov,2025-11-01
2025-11-25,ICICIBANK,Banking,1271.98,1286.46,1258.91,1279.11,5445591,0.002,2025-11,2025,Nov,2025-11-01
2025-11-26,ICICIBANK,Banking,1270.38,1277.39,1261.6,1275.55,4488716,-0.278,2025-11,2025,Nov,2025-11-01
2025-11-27,ICICIBANK,Banking,1271.53,1298.61,1258.04,1278.73,2385547,0.249,2025-11,2025,Nov,2025-11-01
2025-11-28,ICICIBANK,Banking,1279.81,1289.38,1277.92,1280.1,7563244,0.107,2025-11,2025,Nov,2025-11-01
2025-12-01,ICICIBANK,Banking,1272.52,1289.1,1258.71,1280.35,2713599,0.02,2025-12,2025,Dec,2025-12-01
2025-12-02,ICICIBANK,Banking,1276.46,1283.87,1255.61,1280.01,3436501,-0.027,2025-12,2025,Dec,2025-12-01
2025-12-03,ICICIBANK,Banking,1273.01,1294.31,1271.65,1278.68,7469114,-0.104,2025-12,2025,Dec,2025-12-01
2025-12-04,ICICIBANK,Banking,1290.48,1299.64,1263.17,1282.89,1093393,0.329,2025-12,2025,Dec,2025-12-01
2025-12-05,ICICIBANK,Banking,1278.38,1302.71,1259.68,1283.47,1700688,0.045,2025-12,2025,Dec,2025-12-01
2025-12-08,ICICIBANK,Banking,1274.01,1295.61,1270.44,1280.6,6283945,-0.224,2025-12,2025,Dec,2025-12-01
2025-12-09,ICICIBANK,Banking,1282.97,1303.45,1261.97,1281.7,3449306,0.086,2025-12,2025,Dec,2025-12-01
2025-12-10,ICICIBANK,Banking,1293.15,1308.13,1266.53,1284.48,4972404,0.217,2025-12,2025,Dec,2025-12-01
2025-12-11,ICICIBANK,Banking,1284.65,1303.56,1272.64,1285.24,4979851,0.059,2025-12,2025,Dec,2025-12-01
2025-12-12,ICICIBANK,Banking,1283.76,1300.45,1277.13,1283.96,6757534,-0.1,2025-12,2025,Dec,2025-12-01
2025-12-15,ICICIBANK,Banking,1289.12,1300.55,1274.94,1282.5,5266060,-0.114,2025-12,2025,Dec,2025-12-01
2025-12-16,ICICIBANK,Banking,1285.68,1302.02,1266.56,1281.18,3868197,-0.103,2025-12,2025,Dec,2025-12-01
2025-12-17,ICICIBANK,Banking,1286.73,1302.53,1277.88,1284.54,4754633,0.262,2025-12,2025,Dec,2025-12-01
2025-12-18,ICICIBANK,Banking,1281.84,1286.27,1273.47,1284.84,6114904,0.023,2025-12,2025,Dec,2025-12-01
2025-12-19,ICICIBANK,Banking,1284.37,1300.91,1260.46,1282.03,3529607,-0.219,2025-12,2025,Dec,2025-12-01
2025-12-22,ICICIBANK,Banking,1276.2,1290.19,1259.1,1283.19,2031673,0.09,2025-12,2025,Dec,2025-12-01
2025-12-23,ICICIBANK,Banking,1280.67,1296.98,1263.37,1283.87,4301419,0.053,2025-12,2025,Dec,2025-12-01
2025-12-24,ICICIBANK,Banking,1290.77,1294.5,1261.28,1283.42,7996591,-0.035,2025-12,2025,Dec,2025-12-01
2025-12-25,ICICIBANK,Banking,1288.54,1290.33,1280.45,1281.86,1607531,-0.122,2025-12,2025,Dec,2025-12-01
2025-12-26,ICICIBANK,Banking,1282.45,1284.07,1273.61,1280.21,2050258,-0.129,2025-12,2025,Dec,2025-12-01
2025-12-29,ICICIBANK,Banking,1272.8,1287.43,1257.29,1282.69,7964738,0.194,2025-12,2025,Dec,2025-12-01
2025-12-30,ICICIBANK,Banking,1277.36,1285.28,1266.56,1283.56,6774564,0.068,2025-12,2025,Dec,2025-12-01
2025-12-31,ICICIBANK,Banking,1281.37,1289.04,1277.63,1284.86,1642627,0.101,2025-12,2025,Dec,2025-12-01
